group,gene,target,rho,pvalue,padj
SARC_MFS/UPS,CDK6,CDKN2A,-0.5676,4.02E-08,0.00000646
MESO_All,CDK6,CDKN2A,-0.552,4.34E-08,0.00000646
MESO_All,SMAD3,CDKN2A,-0.4268,0.0000464,0.001437473
BLCA_All,SMAD3,CDKN2A,-0.3902,1.34E-15,2E-12
SARC_All,CDK6,CDKN2A,-0.3746,1.02E-09,0.000000305
ESCA_All,SLC2A1,CDKN2A,-0.3584,0.00000129,0.000106602
GBM_All,CDK6,CDKN2A,-0.3535,0.0000129,0.000518943
SARC_MFS/UPS,PRMT1,CDKN2A,-0.338,0.00217,0.026687597
LGG_IDHwt,ERO1L,CDKN2A,-0.3315,0.00125,0.0183556
MESO_All,SLC2A1,CDKN2A,-0.3275,0.00222,0.026854945
GBM_Mesenchymal,SMAD3,CDKN2A,-0.3274,0.0167,0.104607523
GBM_Mesenchymal,CDK6,CDKN2A,-0.3012,0.0017,0.022208575
ESCA_All,TGFB1,CDKN2A,-0.2999,0.000061,0.001745014
GBM_All,NT5E,CDKN2A,-0.2944,0.000325,0.006301315
ESCA_All,SNAI2,CDKN2A,-0.2938,0.0000875,0.002284972
SARC_MFS/UPS,PVR,CDKN2A,-0.2909,0.00884,0.072295763
ESCA_All,CD44,CDKN2A,-0.2903,0.000107,0.00260969
GBM_Classic,CDK6,CDKN2A,-0.2864,0.00825,0.068865789
SARC_LMS,CFH,CDKN2A,-0.2858,0.00925,0.074828712
MESO_All,IL1A,CDKN2A,-0.2849,0.00821,0.068865789
ESCA_All,CD1A,CDKN2A,-0.2847,0.000147,0.003255061
GBM_Classic,NT5E,CDKN2A,-0.2725,0.0121,0.086494502
SARC_MFS/UPS,TNFRSF12A,CDKN2A,-0.2708,0.0151,0.099260534
SARC_LMS,CD59,CDKN2A,-0.2668,0.0154,0.099936548
GBM_Classic,PRMT1,CDKN2A,-0.266,0.0145,0.096424059
LGG_IDHwt,PVR,CDKN2A,-0.2659,0.0104,0.079331492
LUAD_STK11_truncating,ERO1L,CDKN2A,-0.2648,0.0631,0.240430548
BLCA_All,PRMT1,CDKN2A,-0.2502,0.000000577,0.0000618
STAD_All,PDE5A,CDKN2A,-0.2472,0.000000905,0.0000841
SARC_MFS/UPS,NT5E,CDKN2A,-0.2456,0.0281,0.148719578
SARC_All,CD59,CDKN2A,-0.2455,0.0000905,0.002322579
SARC_LMS,PRMT8,CDKN2A,-0.2441,0.0271,0.146326686
ESCA_All,SMAD3,CDKN2A,-0.2394,0.00151,0.020769649
MESO_All,VTCN1,CDKN2A,-0.2384,0.028,0.148719578
SKCM_BRAF_Hotspot,VEGFA,CDKN2A,-0.2368,0.0132,0.089836044
GBM_All,SMAD3,CDKN2A,-0.2359,0.00428,0.042782884
LUAD_EGFR-mut,TGFB1,CDKN2A,-0.2352,0.0756,0.270305166
ESCA_ESCC,VTCN1,CDKN2A,-0.2343,0.0271,0.146326686
GBM_Classic,PVR,CDKN2A,-0.2317,0.034,0.166840901
LUAD_EGFR-mut,CFH,CDKN2A,-0.2302,0.0822,0.284298423
GBM_All,CFH,CDKN2A,-0.2251,0.00648,0.057375505
SARC_LMS,CDK6,CDKN2A,-0.2244,0.0427,0.194203186
MESO_All,PDE5A,CDKN2A,-0.2223,0.0409,0.18788556
LUAD_STK11_truncating,PDE5A,CDKN2A,-0.222,0.121,0.351780222
BLCA_All,VEGFA,CDKN2A,-0.2198,0.0000122,0.000504708
SARC_MFS/UPS,CD59,CDKN2A,-0.2173,0.0529,0.220832559
GBM_Classic,IDO1,CDKN2A,-0.2156,0.0489,0.21228583
BLCA_All,SIGLEC15,CDKN2A,-0.2143,0.0000203,0.000754805
LUAD_EGFR-mut,IL33,CDKN2A,-0.2051,0.122,0.352730493
LUAD_All,PRMT8,CDKN2A,-0.2023,0.00000624,0.000309327
ESCA_All,PKM,CDKN2A,-0.2021,0.00765,0.064698497
SARC_All,PRMT1,CDKN2A,-0.2008,0.00144,0.020468976
SARC_MFS/UPS,SNAI2,CDKN2A,-0.1962,0.081,0.283064443
MESO_All,ERO1L,CDKN2A,-0.1961,0.0721,0.26406973
SKCM_RAS_Hotspot,CD59,CDKN2A,-0.195,0.0871,0.292670025
BLCA_All,SLC2A1,CDKN2A,-0.1936,0.000121,0.002790927
MESO_All,PKM,CDKN2A,-0.1933,0.0763,0.270910788
STAD_CIN,CD44,CDKN2A,-0.1902,0.00593,0.054708563
MESO_All,CD1A,CDKN2A,-0.1874,0.0859,0.291909905
LGG_IDHwt,PRMT1,CDKN2A,-0.1864,0.0753,0.270305166
LUAD_EGFR-mut,PRMT8,CDKN2A,-0.1855,0.163,0.412020788
SKCM_BRAF_Hotspot,CFH,CDKN2A,-0.1833,0.0563,0.227588848
SKCM_BRAF_Hotspot,PRMT1,CDKN2A,-0.1806,0.0602,0.231475064
MESO_All,VEGFA,CDKN2A,-0.1766,0.106,0.327154597
STAD_CIN,LILRB4,CDKN2A,-0.1748,0.0116,0.083482685
GBM_Classic,SNAI2,CDKN2A,-0.1743,0.27,0.528327273
SARC_MFS/UPS,SIGLEC15,CDKN2A,-0.1742,0.122,0.352730493
LUAD_KRAS_hotspot,PRMT8,CDKN2A,-0.1726,0.0379,0.179206511
GBM_Classic,NECTIN2,CDKN2A,-0.1691,0.124,0.35442565
GBM_Classic,PVRL2,CDKN2A,-0.1691,0.124,0.35442565
GBM_All,CD59,CDKN2A,-0.1686,0.0426,0.194203186
LUAD_EGFR-mut,CD44,CDKN2A,-0.1669,0.21,0.464476416
SKCM_All,CD59,CDKN2A,-0.1668,0.00194,0.024418385
STAD_CIN,PDE5A,CDKN2A,-0.1667,0.0161,0.102068672
SARC_LMS,NECTIN2,CDKN2A,-0.1649,0.139,0.381492311
SARC_LMS,PVRL2,CDKN2A,-0.1649,0.139,0.381492311
LUAD_EGFR-mut,TNFRSF12A,CDKN2A,-0.1622,0.224,0.481245807
STAD_All,CD44,CDKN2A,-0.1611,0.00151,0.020769649
LUAD_KRAS_hotspot,PDE5A,CDKN2A,-0.1611,0.0529,0.220832559
SKCM_BRAF_Hotspot,SLC2A1,CDKN2A,-0.1593,0.0981,0.314419702
ESCA_ESCC,SLC2A1,CDKN2A,-0.1573,0.141,0.383816751
SKCM_BRAF_Hotspot,PRMT8,CDKN2A,-0.1572,0.102,0.320394028
GBM_All,PVR,CDKN2A,-0.1571,0.0591,0.22963634
MESO_All,CD44,CDKN2A,-0.1546,0.158,0.405675543
LGG_IDHwt,PKM,CDKN2A,-0.1543,0.142,0.384011417
GBM_Mesenchymal,CXCL1,CDKN2A,-0.1531,0.274,0.530258393
LGG_IDHwt,TNFRSF12A,CDKN2A,-0.1522,0.148,0.392336257
SKCM_RAS_Hotspot,ERO1L,CDKN2A,-0.1521,0.184,0.436356931
SARC_All,SNAI2,CDKN2A,-0.1509,0.0172,0.107048907
SKCM_RAS_Hotspot,PDE5A,CDKN2A,-0.1499,0.19,0.440738811
STAD_CIN,SIGLEC9,CDKN2A,-0.1493,0.0314,0.15777129
LUAD_STK11_truncating,IL33,CDKN2A,-0.1476,0.306,0.562465886
SARC_MFS/UPS,SLC2A1,CDKN2A,-0.1469,0.193,0.444808856
HNSC_HPV-,SMAD3,CDKN2A,-0.1469,0.00351,0.03872875
LUAD_STK11_truncating,IDO1,CDKN2A,-0.1467,0.309,0.564537074
SARC_MFS/UPS,TGFB1,CDKN2A,-0.1463,0.195,0.447569987
STAD_All,LILRB2,CDKN2A,-0.1451,0.00433,0.042851152
LUAD_STK11_truncating,CFH,CDKN2A,-0.1434,0.32,0.5722582
MESO_All,CFH,CDKN2A,-0.1423,0.194,0.44545546
SKCM_RAS_Hotspot,SLC2A1,CDKN2A,-0.1419,0.215,0.471363227
BLCA_All,CEACAM1,CDKN2A,-0.1418,0.00509,0.048287841
LUAD_EGFR-mut,VTCN1,CDKN2A,-0.1411,0.291,0.547634024
STAD_CIN,CFH,CDKN2A,-0.1401,0.0436,0.196441782
BLCA_All,CFH,CDKN2A,-0.1399,0.0057,0.053330727
SKCM_BRAF_Hotspot,SMAD3,CDKN2A,-0.1393,0.149,0.392498966
LUAD_EGFR-mut,CD1A,CDKN2A,-0.139,0.298,0.555387519
SARC_LMS,CXCL1,CDKN2A,-0.1386,0.214,0.47004167
HNSC_HPV-,IL1A,CDKN2A,-0.1385,0.00596,0.054708563
STAD_CIN,SIGLEC15,CDKN2A,-0.1382,0.0465,0.205562121
BLCA_All,PKM,CDKN2A,-0.1377,0.00652,0.057375505
GBM_All,IDO1,CDKN2A,-0.1356,0.104,0.32414848
STAD_CIN,LILRB2,CDKN2A,-0.1353,0.0514,0.217952718
GBM_Classic,VEGFA,CDKN2A,-0.1349,0.221,0.476121909
GBM_Classic,CFH,CDKN2A,-0.1343,0.397,0.641292121
LUAD_KRAS_hotspot,IL33,CDKN2A,-0.1341,0.108,0.329513706
SARC_All,NECTIN2,CDKN2A,-0.1338,0.0348,0.168105666
SARC_All,PVRL2,CDKN2A,-0.1338,0.0348,0.168105666
GBM_Mesenchymal,NT5E,CDKN2A,-0.1337,0.172,0.418560044
SARC_MFS/UPS,CD44,CDKN2A,-0.1334,0.238,0.499748028
STAD_CIN,IDO1,CDKN2A,-0.1323,0.0568,0.227588848
PAAD_All,PDE5A,CDKN2A,-0.1313,0.0959,0.310139828
LUAD_EGFR-mut,SMAD3,CDKN2A,-0.1311,0.327,0.579610313
GBM_All,CXCL1,CDKN2A,-0.1295,0.12,0.349981839
STAD_All,LILRB4,CDKN2A,-0.1293,0.0111,0.082324163
SKCM_BRAF_Hotspot,CD59,CDKN2A,-0.1282,0.184,0.436356931
SARC_MFS/UPS,PKM,CDKN2A,-0.1277,0.259,0.512876206
ESCA_ESCC,SMAD3,CDKN2A,-0.1276,0.233,0.493160369
LUAD_All,IL33,CDKN2A,-0.1275,0.00466,0.045046832
SKCM_RAS_Hotspot,CEACAM1,CDKN2A,-0.1274,0.266,0.523999529
STAD_CIN,PVRIG,CDKN2A,-0.1263,0.069,0.257512034
STAD_All,SIGLEC9,CDKN2A,-0.1262,0.0132,0.089924998
ESCA_ESCC,PDE5A,CDKN2A,-0.1261,0.239,0.500044985
STAD_All,ERO1L,CDKN2A,-0.1258,0.0135,0.090760455
ESCA_All,PRMT8,CDKN2A,-0.1258,0.0992,0.315579535
GBM_Classic,CD59,CDKN2A,-0.1257,0.428,0.668570704
GBM_All,NECTIN2,CDKN2A,-0.1256,0.132,0.370829956
GBM_All,PVRL2,CDKN2A,-0.1256,0.132,0.370829956
GBM_All,PKM,CDKN2A,-0.1251,0.134,0.374663347
ESCA_All,IL1A,CDKN2A,-0.125,0.101,0.317178708
STAD_All,CFH,CDKN2A,-0.1225,0.0162,0.102068672
STAD_All,IDO1,CDKN2A,-0.1209,0.0176,0.109041158
LUSC_PIK3CA_PTEN,NECTIN2,CDKN2A,-0.1182,0.0892,0.296206886
LUSC_PIK3CA_PTEN,PVRL2,CDKN2A,-0.1182,0.0892,0.296206886
SARC_All,TNFRSF12A,CDKN2A,-0.1176,0.0639,0.2416799
GBM_All,SNAI2,CDKN2A,-0.1172,0.161,0.408271939
SKCM_BRAF_Hotspot,PDE5A,CDKN2A,-0.1166,0.227,0.485878526
ESCA_ESCC,CD1A,CDKN2A,-0.1165,0.277,0.533213749
SARC_LMS,NT5E,CDKN2A,-0.1151,0.303,0.561780159
GBM_All,VEGFA,CDKN2A,-0.115,0.168,0.414267406
ESCA_All,CDK6,CDKN2A,-0.113,0.139,0.381492311
GBM_All,CD1A,CDKN2A,-0.1123,0.179,0.429941125
STAD_CIN,CD59,CDKN2A,-0.1114,0.109,0.331816893
LUAD_EGFR-mut,PDE5A,CDKN2A,-0.1112,0.406,0.64814574
GBM_Mesenchymal,PKM,CDKN2A,-0.111,0.429,0.669299174
LUSC_PIK3CA_PTEN,PRMT8,CDKN2A,-0.11,0.114,0.339972901
SARC_All,PRMT8,CDKN2A,-0.1099,0.0834,0.285221148
SARC_LMS,PRMT1,CDKN2A,-0.1098,0.326,0.579610313
LUAD_EGFR-mut,CXCL1,CDKN2A,-0.1089,0.416,0.65855006
LGG_IDHwt,SLC2A1,CDKN2A,-0.107,0.31,0.56455732
STAD_All,SIGLEC15,CDKN2A,-0.1056,0.0384,0.179830593
SARC_LMS,CD1A,CDKN2A,-0.1034,0.355,0.605432818
GBM_All,TNFRSF12A,CDKN2A,-0.1029,0.218,0.472239557
SKCM_BRAF_Hotspot,CDK6,CDKN2A,-0.1025,0.289,0.546964393
MESO_All,PRMT1,CDKN2A,-0.1023,0.352,0.603705758
MESO_All,IL33,CDKN2A,-0.1023,0.352,0.603705758
STAD_CIN,IL33,CDKN2A,-0.1016,0.144,0.386174426
GBM_Classic,PKM,CDKN2A,-0.1015,0.522,0.740884574
GBM_Mesenchymal,CFH,CDKN2A,-0.1005,0.474,0.703555418
LUSC_PIK3CA_PTEN,PVR,CDKN2A,-0.099,0.155,0.401221739
MESO_All,PRMT8,CDKN2A,-0.0983,0.371,0.620170891
LUAD_STK11_truncating,SMAD3,CDKN2A,-0.0973,0.501,0.721253417
STAD_CIN,SMAD3,CDKN2A,-0.0968,0.164,0.412020788
LUSC_PIK3CA_PTEN,NT5E,CDKN2A,-0.0961,0.167,0.412031475
LUAD_EGFR-mut,PRMT1,CDKN2A,-0.0959,0.474,0.703555418
SKCM_All,SMAD3,CDKN2A,-0.0922,0.0881,0.294625293
STAD_CIN,ERO1L,CDKN2A,-0.0922,0.185,0.436410035
SKCM_RAS_Hotspot,IL33,CDKN2A,-0.0918,0.424,0.666399483
GBM_Mesenchymal,VEGFA,CDKN2A,-0.0894,0.362,0.612111531
LUAD_All,PDE5A,CDKN2A,-0.0894,0.0477,0.208006228
SKCM_All,CDK6,CDKN2A,-0.0888,0.101,0.317178708
SKCM_RAS_Hotspot,PKM,CDKN2A,-0.0887,0.44,0.675742291
SKCM_All,PDE5A,CDKN2A,-0.0874,0.106,0.327154597
ESCA_All,VTCN1,CDKN2A,-0.0867,0.257,0.510540338
STAD_All,CD59,CDKN2A,-0.0864,0.0904,0.298213391
HNSC_HPV-,CXCL1,CDKN2A,-0.086,0.0885,0.295232807
HNSC_HPV-,ERO1L,CDKN2A,-0.0855,0.0906,0.298213391
LUSC_PIK3CA_PTEN,CD44,CDKN2A,-0.0853,0.221,0.476050114
LUAD_STK11_truncating,PRMT8,CDKN2A,-0.0852,0.556,0.764522165
LUAD_STK11_truncating,SNAI2,CDKN2A,-0.0845,0.56,0.766531702
HNSC_HPV-,PRMT8,CDKN2A,-0.0833,0.0992,0.315579535
LGG_IDHwt,NECTIN2,CDKN2A,-0.0831,0.431,0.669496397
LGG_IDHwt,PVRL2,CDKN2A,-0.0831,0.431,0.669496397
SKCM_All,IL33,CDKN2A,-0.083,0.125,0.355689308
ESCA_ESCC,SIGLEC15,CDKN2A,-0.0814,0.448,0.683427308
PAAD_All,IL33,CDKN2A,-0.0803,0.31,0.564537074
SKCM_All,CFH,CDKN2A,-0.0803,0.138,0.381480438
BLCA_All,IL33,CDKN2A,-0.0802,0.114,0.34008401
LGG_IDHwt,CD44,CDKN2A,-0.0798,0.449,0.683427308
SARC_All,CFH,CDKN2A,-0.0795,0.211,0.465808062
SARC_LMS,SMAD3,CDKN2A,-0.0782,0.485,0.712025675
LUAD_STK11_truncating,VEGFA,CDKN2A,-0.0782,0.589,0.783525959
GBM_Classic,TNFRSF12A,CDKN2A,-0.0779,0.481,0.709213761
LUAD_KRAS_hotspot,CEACAM1,CDKN2A,-0.0772,0.356,0.606279415
LGG_IDHwt,CDK6,CDKN2A,-0.0761,0.471,0.702406083
BLCA_All,TGFB1,CDKN2A,-0.0759,0.135,0.376641605
SKCM_All,VEGFA,CDKN2A,-0.0748,0.167,0.412020788
SARC_LMS,CEACAM1,CDKN2A,-0.0747,0.505,0.72523874
ESCA_All,ERO1L,CDKN2A,-0.0741,0.332,0.584247226
STAD_All,PVRIG,CDKN2A,-0.0739,0.148,0.392397313
SKCM_BRAF_Hotspot,IL33,CDKN2A,-0.0728,0.452,0.68573835
GBM_All,PRMT1,CDKN2A,-0.0725,0.386,0.632654721
LUSC_PIK3CA_PTEN,CXCL1,CDKN2A,-0.0725,0.298,0.555387519
SKCM_RAS_Hotspot,PRMT1,CDKN2A,-0.0708,0.538,0.748439572
LUSC_PIK3CA_PTEN,CFH,CDKN2A,-0.0706,0.311,0.56455732
ESCA_ESCC,CDK6,CDKN2A,-0.0701,0.514,0.734811284
SARC_All,NT5E,CDKN2A,-0.0691,0.278,0.533328437
LGG_IDHwt,NT5E,CDKN2A,-0.0686,0.516,0.736503033
LUAD_EGFR-mut,CD59,CDKN2A,-0.0686,0.609,0.800966235
GBM_Classic,SMAD3,CDKN2A,-0.0675,0.671,0.835568124
HNSC_HPV-,VEGFA,CDKN2A,-0.0674,0.182,0.435643125
SARC_MFS/UPS,VTCN1,CDKN2A,-0.0671,0.554,0.763987679
HNSC_HPV-,PKM,CDKN2A,-0.0665,0.188,0.439960204
SARC_All,PVR,CDKN2A,-0.0665,0.296,0.553533459
SKCM_RAS_Hotspot,SNAI2,CDKN2A,-0.0665,0.563,0.766531702
ESCA_All,CFH,CDKN2A,-0.0647,0.398,0.641292121
LUAD_All,SMAD3,CDKN2A,-0.0643,0.155,0.401221739
BLCA_All,SNAI2,CDKN2A,-0.0641,0.207,0.460562531
GBM_Mesenchymal,PVR,CDKN2A,-0.0631,0.52,0.739657367
HNSC_HPV-,SLC2A1,CDKN2A,-0.0624,0.217,0.472239557
LUSC_PIK3CA_PTEN,IL1A,CDKN2A,-0.062,0.374,0.6226023
SKCM_All,PRMT8,CDKN2A,-0.0618,0.254,0.510469991
STAD_All,PKM,CDKN2A,-0.0611,0.232,0.4917768
ESCA_ESCC,NT5E,CDKN2A,-0.0609,0.57,0.768886228
LUAD_EGFR-mut,PKM,CDKN2A,-0.0606,0.652,0.824378527
SARC_All,TGFB1,CDKN2A,-0.0601,0.345,0.599782887
LUSC_All,PDE5A,CDKN2A,-0.06,0.204,0.458915363
PAAD_All,CEACAM1,CDKN2A,-0.0598,0.45,0.683427308
SKCM_All,IL1A,CDKN2A,-0.0595,0.272,0.528369409
MESO_All,TNFRSF12A,CDKN2A,-0.0594,0.589,0.783525959
SARC_All,CXCL1,CDKN2A,-0.059,0.354,0.603705758
SKCM_RAS_Hotspot,NT5E,CDKN2A,-0.0587,0.61,0.800966235
BLCA_All,CD1A,CDKN2A,-0.0585,0.25,0.509677547
LUAD_STK11_truncating,PVR,CDKN2A,-0.0578,0.69,0.846314706
SARC_MFS/UPS,CD1A,CDKN2A,-0.0578,0.611,0.800966235
HNSC_HPV-,NT5E,CDKN2A,-0.0577,0.253,0.510469991
LUSC_PIK3CA_PTEN,ERO1L,CDKN2A,-0.0571,0.412,0.655506484
LUAD_EGFR-mut,VEGFA,CDKN2A,-0.0568,0.672,0.835877183
SKCM_RAS_Hotspot,IL1A,CDKN2A,-0.0559,0.627,0.811705062
LUSC_PIK3CA_PTEN,CEACAM1,CDKN2A,-0.0555,0.426,0.66769125
PAAD_All,CD44,CDKN2A,-0.0549,0.488,0.714065006
SARC_LMS,SNAI2,CDKN2A,-0.0548,0.625,0.810933003
SARC_MFS/UPS,SMAD3,CDKN2A,-0.0544,0.632,0.814311145
LGG_IDHwt,TGFB1,CDKN2A,-0.0539,0.61,0.800966235
SARC_MFS/UPS,PRMT8,CDKN2A,-0.0537,0.636,0.81579837
LGG_IDHwt,VEGFA,CDKN2A,-0.0533,0.614,0.802796028
LUSC_PIK3CA_PTEN,PRMT1,CDKN2A,-0.0529,0.448,0.683427308
LGG_IDHwt,SMAD3,CDKN2A,-0.0518,0.624,0.81047133
ESCA_ESCC,ERO1L,CDKN2A,-0.0505,0.638,0.815888795
LGG_IDHwt,CD59,CDKN2A,-0.0504,0.633,0.815171675
GBM_Mesenchymal,ERO1L,CDKN2A,-0.05,0.722,0.862738512
SKCM_BRAF_Hotspot,IL1A,CDKN2A,-0.0495,0.609,0.800966235
SKCM_RAS_Hotspot,SMAD3,CDKN2A,-0.0495,0.667,0.832174659
LUAD_KRAS_hotspot,NECTIN2,CDKN2A,-0.0494,0.555,0.764054879
LUAD_KRAS_hotspot,PVRL2,CDKN2A,-0.0494,0.555,0.764054879
LUAD_All,CD59,CDKN2A,-0.0493,0.276,0.532042781
LUAD_STK11_truncating,CD59,CDKN2A,-0.0472,0.745,0.878169915
SKCM_RAS_Hotspot,PVR,CDKN2A,-0.0453,0.694,0.848116044
LUSC_PIK3CA_PTEN,PDE5A,CDKN2A,-0.0439,0.529,0.74263732
LUSC_PIK3CA_PTEN,TNFRSF12A,CDKN2A,-0.0438,0.529,0.74263732
LUAD_STK11_truncating,NT5E,CDKN2A,-0.043,0.767,0.888379439
STAD_CIN,CEACAM1,CDKN2A,-0.0429,0.538,0.748439572
SARC_LMS,PKM,CDKN2A,-0.0429,0.702,0.855645011
LUAD_All,CD1A,CDKN2A,-0.042,0.353,0.603705758
LUSC_PIK3CA_PTEN,SIGLEC9,CDKN2A,-0.0409,0.558,0.765410516
LUSC_All,NECTIN2,CDKN2A,-0.0409,0.387,0.632654721
LUSC_All,PVRL2,CDKN2A,-0.0409,0.387,0.632654721
STAD_All,SNAI2,CDKN2A,-0.0407,0.425,0.6671607
STAD_CIN,NT5E,CDKN2A,-0.0407,0.559,0.766531702
GBM_Mesenchymal,CD1A,CDKN2A,-0.0406,0.773,0.893082376
STAD_CIN,SNAI2,CDKN2A,-0.04,0.566,0.766531702
SARC_LMS,TGFB1,CDKN2A,-0.0397,0.723,0.862738512
SARC_All,CD1A,CDKN2A,-0.0394,0.536,0.74823467
LUSC_All,PRMT8,CDKN2A,-0.0389,0.411,0.653362539
STAD_CIN,PKM,CDKN2A,-0.0387,0.578,0.7754294
STAD_All,IL33,CDKN2A,-0.038,0.458,0.691270674
HNSC_HPV-,PVR,CDKN2A,-0.038,0.453,0.68573835
LUAD_STK11_truncating,PKM,CDKN2A,-0.0349,0.81,0.913172288
SARC_LMS,LILRB4,CDKN2A,-0.0348,0.757,0.882867202
LGG_IDHwt,SNAI2,CDKN2A,-0.0342,0.746,0.878777413
SARC_LMS,SIGLEC9,CDKN2A,-0.0335,0.765,0.888307667
LUSC_PIK3CA_PTEN,LILRB2,CDKN2A,-0.0325,0.641,0.816760879
LUSC_PIK3CA_PTEN,CDK6,CDKN2A,-0.0324,0.642,0.817054114
PAAD_All,SMAD3,CDKN2A,-0.0319,0.687,0.845687164
LUSC_All,VEGFA,CDKN2A,-0.0299,0.528,0.74263732
GBM_Mesenchymal,CD59,CDKN2A,-0.0294,0.834,0.926441976
LUSC_PIK3CA_PTEN,CD59,CDKN2A,-0.0291,0.677,0.839446086
SARC_All,CD44,CDKN2A,-0.0288,0.651,0.824378527
ESCA_ESCC,CD44,CDKN2A,-0.0287,0.79,0.902382519
LUSC_All,CD44,CDKN2A,-0.0285,0.547,0.757840829
SARC_All,SIGLEC9,CDKN2A,-0.0281,0.659,0.828057366
LUSC_PIK3CA_PTEN,VTCN1,CDKN2A,-0.0278,0.69,0.846314706
ESCA_ESCC,VEGFA,CDKN2A,-0.0275,0.798,0.908526929
SARC_LMS,TNFRSF12A,CDKN2A,-0.0274,0.807,0.913172288
GBM_Classic,PDE5A,CDKN2A,-0.0273,0.805,0.913172288
PAAD_All,ERO1L,CDKN2A,-0.0271,0.732,0.866626961
SKCM_All,PRMT1,CDKN2A,-0.0256,0.637,0.81579837
ESCA_All,CD59,CDKN2A,-0.0251,0.743,0.877117433
BLCA_All,PRMT8,CDKN2A,-0.0237,0.641,0.816760879
LUAD_KRAS_hotspot,SMAD3,CDKN2A,-0.0224,0.789,0.902382519
SKCM_RAS_Hotspot,NECTIN2,CDKN2A,-0.0217,0.851,0.932616994
SKCM_RAS_Hotspot,PVRL2,CDKN2A,-0.0217,0.851,0.932616994
SARC_MFS/UPS,ERO1L,CDKN2A,-0.021,0.854,0.933480804
SKCM_All,ERO1L,CDKN2A,-0.0205,0.705,0.855790805
MESO_All,TGFB1,CDKN2A,-0.0205,0.852,0.933168428
GBM_All,CD44,CDKN2A,-0.0181,0.829,0.922350926
SARC_MFS/UPS,NECTIN2,CDKN2A,-0.0178,0.875,0.94479768
SARC_MFS/UPS,PVRL2,CDKN2A,-0.0178,0.875,0.94479768
ESCA_ESCC,SIGLEC9,CDKN2A,-0.0177,0.869,0.943388322
SKCM_All,SLC2A1,CDKN2A,-0.0174,0.748,0.878777413
LUAD_All,VEGFA,CDKN2A,-0.0173,0.703,0.855645011
LUSC_All,SMAD3,CDKN2A,-0.0163,0.73,0.866169953
SARC_LMS,PDE5A,CDKN2A,-0.0149,0.894,0.956668679
MESO_All,SNAI2,CDKN2A,-0.0143,0.897,0.957006335
BLCA_All,ERO1L,CDKN2A,-0.0142,0.78,0.897327799
SKCM_All,CEACAM1,CDKN2A,-0.0131,0.809,0.913172288
GBM_Mesenchymal,PRMT8,CDKN2A,-0.0127,0.897,0.957006335
LUAD_EGFR-mut,PVRIG,CDKN2A,-0.0123,0.927,0.969111478
ESCA_All,SIGLEC9,CDKN2A,-0.0112,0.883,0.949525894
LUSC_All,CD59,CDKN2A,-0.0112,0.812,0.913630321
SARC_MFS/UPS,SIGLEC9,CDKN2A,-0.0111,0.922,0.969111478
SKCM_BRAF_Hotspot,PVR,CDKN2A,-0.0107,0.912,0.965476132
HNSC_HPV-,IL33,CDKN2A,-0.0106,0.833,0.926240645
LUSC_PIK3CA_PTEN,VEGFA,CDKN2A,-0.0106,0.879,0.947176972
LUSC_All,PVR,CDKN2A,-0.0106,0.823,0.919843073
PAAD_All,SIGLEC15,CDKN2A,-0.0106,0.894,0.956668679
STAD_All,CXCL1,CDKN2A,-0.0105,0.837,0.92823003
HNSC_HPV-,SNAI2,CDKN2A,-0.0095,0.851,0.932773524
LUSC_All,IL33,CDKN2A,-0.0092,0.846,0.932245082
LUAD_EGFR-mut,NT5E,CDKN2A,-0.0086,0.949,0.980957082
GBM_Mesenchymal,CD44,CDKN2A,-0.0085,0.952,0.981920955
SARC_All,PKM,CDKN2A,-0.0083,0.896,0.957006335
HNSC_HPV-,CEACAM1,CDKN2A,-0.0073,0.885,0.949791722
ESCA_All,PDE5A,CDKN2A,-0.0071,0.926,0.969111478
SARC_LMS,IL1A,CDKN2A,-0.007,0.95,0.98154409
STAD_CIN,TGFB1,CDKN2A,-0.0062,0.929,0.970829111
SARC_LMS,ERO1L,CDKN2A,-0.0061,0.957,0.982562562
GBM_Classic,CD1A,CDKN2A,-0.0051,0.974,0.986956348
ESCA_ESCC,IDO1,CDKN2A,-0.0051,0.962,0.985289506
HNSC_HPV-,CFH,CDKN2A,-0.0051,0.92,0.969111478
SARC_LMS,LILRB2,CDKN2A,-0.0048,0.966,0.986454518
ESCA_ESCC,LILRB4,CDKN2A,-0.0044,0.967,0.986454518
STAD_CIN,CXCL1,CDKN2A,-0.0039,0.956,0.982562562
LUSC_All,PVRIG,CDKN2A,-0.0037,0.938,0.977751328
STAD_All,PRMT1,CDKN2A,-0.0035,0.945,0.980172068
PAAD_All,CFH,CDKN2A,-0.0032,0.967,0.986454518
SARC_All,LILRB4,CDKN2A,-0.0025,0.969,0.986454518
LUSC_All,IL1A,CDKN2A,-0.0018,0.97,0.986454518
HNSC_HPV-,CDK6,CDKN2A,-0.0015,0.976,0.987457499
LUAD_All,VTCN1,CDKN2A,-0.0009,0.984,0.990515439
LUSC_PIK3CA_PTEN,PKM,CDKN2A,-0.0006,0.993,0.995599162
GBM_All,ERO1L,CDKN2A,-0.0002,0.998,0.997712948
LUSC_All,NT5E,CDKN2A,0.0002,0.997,0.997204666
STAD_CIN,IL1A,CDKN2A,0.0005,0.995,0.995923926
LUSC_All,CEACAM1,CDKN2A,0.0009,0.985,0.990515439
LUSC_PIK3CA_PTEN,LILRB4,CDKN2A,0.001,0.989,0.993325241
GBM_All,IL1A,CDKN2A,0.0016,0.985,0.990515439
SARC_All,SMAD3,CDKN2A,0.0016,0.98,0.988471996
LUSC_All,CFH,CDKN2A,0.0016,0.973,0.986454518
GBM_Mesenchymal,IL33,CDKN2A,0.0017,0.99,0.993738233
LUAD_All,CEACAM1,CDKN2A,0.002,0.964,0.985466122
LUAD_EGFR-mut,CDK6,CDKN2A,0.0025,0.985,0.990515439
GBM_Classic,IL1A,CDKN2A,0.0025,0.982,0.989890522
LUSC_All,ERO1L,CDKN2A,0.0031,0.948,0.980745979
LUAD_All,SNAI2,CDKN2A,0.004,0.93,0.970829111
PAAD_All,LILRB2,CDKN2A,0.0044,0.956,0.982562562
LUSC_All,SIGLEC9,CDKN2A,0.0047,0.92,0.969111478
SKCM_BRAF_Hotspot,NT5E,CDKN2A,0.0048,0.96,0.984147299
HNSC_HPV-,PVRIG,CDKN2A,0.0052,0.918,0.969111478
LUSC_PIK3CA_PTEN,SLC2A1,CDKN2A,0.0053,0.94,0.978325836
LUSC_All,VTCN1,CDKN2A,0.0057,0.903,0.961591808
MESO_All,PVR,CDKN2A,0.006,0.957,0.982562562
LUSC_PIK3CA_PTEN,IL33,CDKN2A,0.0065,0.926,0.969111478
LUAD_KRAS_hotspot,PKM,CDKN2A,0.0067,0.936,0.975848089
LUAD_All,TGFB1,CDKN2A,0.0071,0.875,0.94479768
PAAD_All,SNAI2,CDKN2A,0.0074,0.926,0.969111478
LGG_IDHwt,VTCN1,CDKN2A,0.0078,0.941,0.978381657
HNSC_HPV-,CD1A,CDKN2A,0.008,0.874,0.94479768
HNSC_HPV-,PRMT1,CDKN2A,0.0081,0.873,0.94479768
SARC_All,CEACAM1,CDKN2A,0.0084,0.895,0.956790017
LUSC_All,SNAI2,CDKN2A,0.0087,0.855,0.933480804
SKCM_All,NT5E,CDKN2A,0.0089,0.87,0.943801362
PAAD_All,VTCN1,CDKN2A,0.0095,0.905,0.961838551
STAD_All,SMAD3,CDKN2A,0.01,0.846,0.932245082
HNSC_HPV-,SIGLEC15,CDKN2A,0.0102,0.84,0.930237908
LUAD_STK11_truncating,CEACAM1,CDKN2A,0.0105,0.942,0.978381657
STAD_CIN,PRMT8,CDKN2A,0.0107,0.884,0.949525894
HNSC_HPV-,LILRB2,CDKN2A,0.0116,0.819,0.916417452
LUAD_All,NECTIN2,CDKN2A,0.0129,0.775,0.893305877
LUAD_All,PVRL2,CDKN2A,0.0129,0.775,0.893305877
BLCA_All,IL1A,CDKN2A,0.0145,0.776,0.893305877
PAAD_All,CD59,CDKN2A,0.0146,0.854,0.933480804
LGG_IDHwt,PRMT8,CDKN2A,0.0148,0.888,0.952327308
LUSC_All,CXCL1,CDKN2A,0.0149,0.754,0.881088048
STAD_CIN,PRMT1,CDKN2A,0.0167,0.811,0.913194843
LUSC_All,CD1A,CDKN2A,0.0168,0.722,0.862738512
ESCA_All,IDO1,CDKN2A,0.0171,0.823,0.919843073
BLCA_All,PDE5A,CDKN2A,0.0178,0.726,0.864123477
LUSC_All,LILRB2,CDKN2A,0.018,0.704,0.855790805
PAAD_All,SIGLEC9,CDKN2A,0.0186,0.814,0.914085808
LUSC_PIK3CA_PTEN,SNAI2,CDKN2A,0.0187,0.789,0.902382519
PAAD_All,CXCL1,CDKN2A,0.019,0.81,0.913172288
PAAD_All,IDO1,CDKN2A,0.0195,0.806,0.913172288
PAAD_All,CDK6,CDKN2A,0.0207,0.793,0.906000171
SKCM_RAS_Hotspot,PRMT8,CDKN2A,0.021,0.855,0.933480804
LUSC_PIK3CA_PTEN,SMAD3,CDKN2A,0.022,0.753,0.881088048
LUAD_STK11_truncating,CD44,CDKN2A,0.0227,0.876,0.94479768
STAD_CIN,TNFRSF12A,CDKN2A,0.0241,0.73,0.866169953
SKCM_RAS_Hotspot,CD44,CDKN2A,0.0248,0.829,0.922350926
SARC_All,LILRB2,CDKN2A,0.0251,0.693,0.848116044
GBM_Mesenchymal,NECTIN2,CDKN2A,0.0252,0.798,0.908526929
GBM_Mesenchymal,PVRL2,CDKN2A,0.0252,0.798,0.908526929
LUSC_All,TNFRSF12A,CDKN2A,0.0255,0.59,0.783663911
PAAD_All,IL1A,CDKN2A,0.0256,0.747,0.878777413
LUAD_KRAS_hotspot,PVR,CDKN2A,0.0257,0.759,0.883853169
ESCA_ESCC,TGFB1,CDKN2A,0.0259,0.809,0.913172288
SARC_MFS/UPS,CXCL1,CDKN2A,0.026,0.819,0.916417452
SKCM_BRAF_Hotspot,CXCL1,CDKN2A,0.0279,0.773,0.893082376
PAAD_All,CD1A,CDKN2A,0.0285,0.719,0.861517429
ESCA_All,PRMT1,CDKN2A,0.0287,0.708,0.857552079
LUAD_All,CD44,CDKN2A,0.0288,0.524,0.741487866
LGG_IDHwt,IL1A,CDKN2A,0.0289,0.785,0.901117959
LUSC_PIK3CA_PTEN,IDO1,CDKN2A,0.0296,0.671,0.835568124
HNSC_HPV-,TNFRSF12A,CDKN2A,0.0304,0.548,0.75841661
GBM_Classic,CXCL1,CDKN2A,0.0304,0.849,0.932245082
GBM_All,PVRIG,CDKN2A,0.0306,0.715,0.86039415
LUAD_KRAS_hotspot,SNAI2,CDKN2A,0.0312,0.71,0.858527542
GBM_Classic,ERO1L,CDKN2A,0.0315,0.843,0.932245082
LUAD_KRAS_hotspot,ERO1L,CDKN2A,0.0318,0.704,0.855790805
BLCA_All,CXCL1,CDKN2A,0.032,0.53,0.74263732
LUSC_PIK3CA_PTEN,TGFB1,CDKN2A,0.0321,0.646,0.818896218
LUAD_EGFR-mut,LILRB4,CDKN2A,0.0322,0.81,0.913172288
LUSC_PIK3CA_PTEN,CD1A,CDKN2A,0.0326,0.64,0.816325993
ESCA_ESCC,SNAI2,CDKN2A,0.0332,0.757,0.882867202
LUSC_All,IDO1,CDKN2A,0.0335,0.479,0.707769694
SARC_All,SIGLEC15,CDKN2A,0.0345,0.587,0.78323574
LUAD_All,CFH,CDKN2A,0.0346,0.445,0.680501632
LUSC_PIK3CA_PTEN,PVRIG,CDKN2A,0.0352,0.614,0.802796028
STAD_All,CEACAM1,CDKN2A,0.0354,0.489,0.714482562
SKCM_BRAF_Hotspot,ERO1L,CDKN2A,0.0357,0.712,0.858981703
STAD_CIN,CDK6,CDKN2A,0.0361,0.605,0.798960882
SKCM_All,CD44,CDKN2A,0.0367,0.499,0.721253417
GBM_All,PDE5A,CDKN2A,0.0368,0.661,0.829557116
STAD_All,TGFB1,CDKN2A,0.0369,0.471,0.702406083
LUAD_All,IL1A,CDKN2A,0.0376,0.406,0.64814574
LUAD_All,CXCL1,CDKN2A,0.0376,0.406,0.64814574
ESCA_All,LILRB4,CDKN2A,0.0388,0.612,0.802128553
SKCM_BRAF_Hotspot,NECTIN2,CDKN2A,0.0389,0.688,0.845687164
SKCM_BRAF_Hotspot,PVRL2,CDKN2A,0.0389,0.688,0.845687164
SARC_LMS,CD44,CDKN2A,0.0398,0.723,0.862738512
LUAD_EGFR-mut,CEACAM1,CDKN2A,0.0402,0.764,0.887979387
ESCA_ESCC,CD59,CDKN2A,0.0403,0.708,0.857552079
SKCM_BRAF_Hotspot,CD44,CDKN2A,0.0404,0.677,0.839446086
GBM_Mesenchymal,SIGLEC15,CDKN2A,0.0404,0.774,0.893288391
PAAD_All,PVR,CDKN2A,0.0409,0.606,0.798960882
LUSC_All,CDK6,CDKN2A,0.0417,0.378,0.6226023
SARC_MFS/UPS,PDE5A,CDKN2A,0.0419,0.712,0.858981703
HNSC_HPV-,LILRB4,CDKN2A,0.0424,0.402,0.644784795
LUSC_All,LILRB4,CDKN2A,0.0428,0.365,0.614538371
HNSC_HPV-,TGFB1,CDKN2A,0.0429,0.397,0.641292121
SARC_MFS/UPS,IDO1,CDKN2A,0.0434,0.702,0.855645011
HNSC_HPV-,IDO1,CDKN2A,0.0437,0.388,0.632654721
SKCM_BRAF_Hotspot,PKM,CDKN2A,0.0448,0.644,0.817749818
PAAD_All,NECTIN2,CDKN2A,0.0454,0.566,0.766531702
PAAD_All,PVRL2,CDKN2A,0.0454,0.566,0.766531702
PAAD_All,LILRB4,CDKN2A,0.0454,0.566,0.766531702
LGG_IDHwt,SIGLEC15,CDKN2A,0.0457,0.665,0.831937807
LUAD_KRAS_hotspot,CD1A,CDKN2A,0.0457,0.585,0.781533815
LUAD_All,PVR,CDKN2A,0.0457,0.312,0.564832067
HNSC_HPV-,NECTIN2,CDKN2A,0.0459,0.365,0.614366857
HNSC_HPV-,PVRL2,CDKN2A,0.0459,0.365,0.614366857
LUAD_All,ERO1L,CDKN2A,0.0468,0.301,0.558555009
STAD_CIN,CD1A,CDKN2A,0.0482,0.489,0.714612269
LUAD_All,NT5E,CDKN2A,0.0483,0.286,0.542088068
SARC_LMS,PVR,CDKN2A,0.0484,0.666,0.831937807
BLCA_All,CDK6,CDKN2A,0.0487,0.338,0.59075477
GBM_Mesenchymal,PDE5A,CDKN2A,0.0488,0.619,0.806462729
GBM_Mesenchymal,SNAI2,CDKN2A,0.0489,0.728,0.865524406
LGG_IDHwt,PDE5A,CDKN2A,0.049,0.643,0.817749818
SKCM_All,PKM,CDKN2A,0.0494,0.361,0.611720834
ESCA_ESCC,CFH,CDKN2A,0.0496,0.644,0.817749818
PAAD_All,PVRIG,CDKN2A,0.0508,0.521,0.739657367
ESCA_ESCC,PKM,CDKN2A,0.0508,0.636,0.81579837
SKCM_RAS_Hotspot,CDK6,CDKN2A,0.0512,0.656,0.826752156
STAD_All,NT5E,CDKN2A,0.0514,0.314,0.565879329
ESCA_ESCC,CXCL1,CDKN2A,0.0514,0.632,0.814311145
SARC_All,IDO1,CDKN2A,0.0516,0.417,0.659297364
GBM_Mesenchymal,SLC2A1,CDKN2A,0.0518,0.712,0.858981703
ESCA_ESCC,CEACAM1,CDKN2A,0.0525,0.625,0.810933003
SARC_MFS/UPS,LILRB2,CDKN2A,0.0533,0.639,0.815888795
STAD_All,CD1A,CDKN2A,0.054,0.291,0.547634024
GBM_Mesenchymal,IL1A,CDKN2A,0.0542,0.581,0.778397987
GBM_Classic,SLC2A1,CDKN2A,0.0542,0.733,0.867166575
LUAD_KRAS_hotspot,VTCN1,CDKN2A,0.0549,0.512,0.733061177
SKCM_All,PVR,CDKN2A,0.0549,0.311,0.56455732
HNSC_HPV-,SIGLEC9,CDKN2A,0.055,0.277,0.533213749
GBM_All,LILRB2,CDKN2A,0.0555,0.508,0.727637651
LUSC_PIK3CA_PTEN,SIGLEC15,CDKN2A,0.0561,0.421,0.663509748
SARC_All,PVRIG,CDKN2A,0.0562,0.377,0.6226023
LUAD_KRAS_hotspot,SLC2A1,CDKN2A,0.0567,0.498,0.721253417
LUAD_STK11_truncating,VTCN1,CDKN2A,0.0569,0.695,0.848679662
LUSC_All,PKM,CDKN2A,0.0572,0.226,0.485761613
HNSC_HPV-,CD59,CDKN2A,0.0575,0.255,0.510469991
PAAD_All,SLC2A1,CDKN2A,0.058,0.464,0.696363706
STAD_All,PRMT8,CDKN2A,0.0581,0.279,0.533328437
STAD_All,CDK6,CDKN2A,0.0585,0.252,0.510469991
SKCM_All,CXCL1,CDKN2A,0.0586,0.279,0.533328437
HNSC_HPV-,PDE5A,CDKN2A,0.0587,0.246,0.505128862
LGG_IDHwt,CFH,CDKN2A,0.0589,0.577,0.774759313
SARC_All,ERO1L,CDKN2A,0.0591,0.353,0.603705758
BLCA_All,CD44,CDKN2A,0.0596,0.241,0.500044985
ESCA_ESCC,PVRIG,CDKN2A,0.0604,0.574,0.772436763
LGG_IDHwt,IDO1,CDKN2A,0.0605,0.567,0.766531702
LUAD_All,CDK6,CDKN2A,0.0612,0.176,0.424936633
SARC_All,SLC2A1,CDKN2A,0.0619,0.331,0.584219724
LUSC_All,TGFB1,CDKN2A,0.0619,0.19,0.440738811
ESCA_ESCC,TNFRSF12A,CDKN2A,0.062,0.564,0.766531702
LUSC_All,SIGLEC15,CDKN2A,0.062,0.19,0.440738811
SARC_LMS,IL33,CDKN2A,0.0624,0.578,0.77499964
SKCM_RAS_Hotspot,CFH,CDKN2A,0.0629,0.584,0.781296404
SKCM_BRAF_Hotspot,SIGLEC15,CDKN2A,0.0653,0.5,0.721253417
SARC_MFS/UPS,LILRB4,CDKN2A,0.0657,0.563,0.766531702
SKCM_BRAF_Hotspot,CEACAM1,CDKN2A,0.0658,0.496,0.721253417
LUSC_All,PRMT1,CDKN2A,0.0663,0.16,0.408271939
STAD_CIN,VTCN1,CDKN2A,0.067,0.361,0.611371577
SARC_MFS/UPS,CFH,CDKN2A,0.068,0.549,0.75841661
LUAD_All,PKM,CDKN2A,0.0688,0.128,0.363438436
GBM_Classic,PVRIG,CDKN2A,0.0696,0.529,0.74263732
LUAD_KRAS_hotspot,CDK6,CDKN2A,0.07,0.403,0.645494243
PAAD_All,PRMT8,CDKN2A,0.07,0.376,0.6226023
LUSC_All,SLC2A1,CDKN2A,0.0704,0.137,0.379661545
SKCM_All,NECTIN2,CDKN2A,0.0709,0.19,0.440738811
SKCM_All,PVRL2,CDKN2A,0.0709,0.19,0.440738811
LUAD_EGFR-mut,SNAI2,CDKN2A,0.0737,0.583,0.779583572
GBM_All,PRMT8,CDKN2A,0.074,0.376,0.6226023
GBM_Classic,CEACAM1,CDKN2A,0.0751,0.497,0.721253417
SARC_All,VTCN1,CDKN2A,0.0759,0.233,0.492753426
SKCM_All,TGFB1,CDKN2A,0.0764,0.158,0.405675543
ESCA_All,PVRIG,CDKN2A,0.0772,0.313,0.564832067
SKCM_RAS_Hotspot,SIGLEC15,CDKN2A,0.0782,0.496,0.721253417
SKCM_All,SIGLEC15,CDKN2A,0.0782,0.148,0.392498966
GBM_All,CEACAM1,CDKN2A,0.0787,0.347,0.600865708
SARC_LMS,SIGLEC15,CDKN2A,0.0789,0.481,0.709080824
PAAD_All,NT5E,CDKN2A,0.0796,0.314,0.565879329
GBM_Mesenchymal,LILRB2,CDKN2A,0.0804,0.567,0.766531702
HNSC_HPV-,CD44,CDKN2A,0.0819,0.105,0.326098836
SKCM_RAS_Hotspot,VEGFA,CDKN2A,0.0829,0.471,0.702406083
SKCM_RAS_Hotspot,TNFRSF12A,CDKN2A,0.084,0.465,0.696500088
PAAD_All,VEGFA,CDKN2A,0.0846,0.285,0.540753004
SKCM_All,SIGLEC9,CDKN2A,0.0857,0.113,0.339293829
GBM_All,SLC2A1,CDKN2A,0.0858,0.305,0.561780159
GBM_Mesenchymal,IDO1,CDKN2A,0.0865,0.378,0.6226023
SKCM_All,LILRB2,CDKN2A,0.0878,0.105,0.32508787
STAD_CIN,NECTIN2,CDKN2A,0.0885,0.204,0.458915363
STAD_CIN,PVRL2,CDKN2A,0.0885,0.204,0.458915363
GBM_Mesenchymal,PRMT1,CDKN2A,0.0897,0.361,0.611371577
SARC_All,VEGFA,CDKN2A,0.091,0.152,0.39801793
ESCA_All,TNFRSF12A,CDKN2A,0.0923,0.227,0.485878526
LGG_IDHwt,CEACAM1,CDKN2A,0.0932,0.377,0.6226023
STAD_CIN,VEGFA,CDKN2A,0.0946,0.174,0.423193099
LUAD_KRAS_hotspot,VEGFA,CDKN2A,0.0959,0.251,0.510469991
LUAD_KRAS_hotspot,SIGLEC15,CDKN2A,0.0964,0.249,0.50810319
STAD_All,VTCN1,CDKN2A,0.0965,0.0718,0.26406973
BLCA_All,PVRIG,CDKN2A,0.0972,0.0553,0.226689254
LUAD_STK11_truncating,IL1A,CDKN2A,0.0972,0.502,0.721253417
LUAD_All,TNFRSF12A,CDKN2A,0.0974,0.031,0.157552291
SKCM_RAS_Hotspot,TGFB1,CDKN2A,0.0985,0.391,0.636628191
SKCM_RAS_Hotspot,CXCL1,CDKN2A,0.0994,0.386,0.632654721
LGG_IDHwt,SIGLEC9,CDKN2A,0.0995,0.345,0.599782887
STAD_All,IL1A,CDKN2A,0.1001,0.0496,0.213756355
LUAD_EGFR-mut,LILRB2,CDKN2A,0.1005,0.453,0.68573835
SARC_LMS,VTCN1,CDKN2A,0.1023,0.361,0.611371577
SKCM_All,PVRIG,CDKN2A,0.1028,0.0572,0.227588848
LUAD_STK11_truncating,CDK6,CDKN2A,0.1042,0.472,0.70250466
LUAD_KRAS_hotspot,CD59,CDKN2A,0.1047,0.21,0.464476416
LUAD_EGFR-mut,IL1A,CDKN2A,0.1063,0.427,0.667976299
GBM_Mesenchymal,PVRIG,CDKN2A,0.1064,0.278,0.533328437
SKCM_RAS_Hotspot,LILRB4,CDKN2A,0.1064,0.354,0.603705758
MESO_All,CEACAM1,CDKN2A,0.1108,0.313,0.564832067
SKCM_RAS_Hotspot,SIGLEC9,CDKN2A,0.1112,0.333,0.584247226
MESO_All,PVRIG,CDKN2A,0.1112,0.311,0.56455732
SKCM_All,TNFRSF12A,CDKN2A,0.1118,0.0386,0.179871261
LUAD_EGFR-mut,SIGLEC9,CDKN2A,0.1126,0.4,0.643062625
GBM_Mesenchymal,TNFRSF12A,CDKN2A,0.113,0.249,0.50810319
LUAD_EGFR-mut,ERO1L,CDKN2A,0.1135,0.396,0.641292121
STAD_All,TNFRSF12A,CDKN2A,0.1137,0.0257,0.14158718
LUAD_EGFR-mut,IDO1,CDKN2A,0.1137,0.395,0.641292121
SKCM_All,SNAI2,CDKN2A,0.114,0.0348,0.168105666
SKCM_RAS_Hotspot,LILRB2,CDKN2A,0.1143,0.319,0.57162871
LUAD_KRAS_hotspot,CFH,CDKN2A,0.1143,0.171,0.416915958
LUAD_All,IDO1,CDKN2A,0.1151,0.0107,0.080545127
HNSC_HPV-,VTCN1,CDKN2A,0.1163,0.0211,0.124620782
LUAD_STK11_truncating,SLC2A1,CDKN2A,0.1166,0.42,0.662520568
SKCM_BRAF_Hotspot,TGFB1,CDKN2A,0.1168,0.227,0.485878526
ESCA_All,IL33,CDKN2A,0.1178,0.123,0.352730493
ESCA_ESCC,IL1A,CDKN2A,0.1181,0.27,0.528327273
SARC_LMS,PVRIG,CDKN2A,0.1185,0.289,0.546964393
LUAD_KRAS_hotspot,NT5E,CDKN2A,0.1188,0.155,0.401221739
GBM_All,TGFB1,CDKN2A,0.1191,0.154,0.400680795
SKCM_All,VTCN1,CDKN2A,0.1193,0.0271,0.146326686
LGG_IDHwt,CXCL1,CDKN2A,0.1203,0.253,0.510469991
SKCM_All,LILRB4,CDKN2A,0.121,0.0251,0.13954752
LUAD_KRAS_hotspot,IL1A,CDKN2A,0.1216,0.145,0.386743556
SARC_All,PDE5A,CDKN2A,0.1219,0.0548,0.225841797
LUAD_KRAS_hotspot,LILRB4,CDKN2A,0.1226,0.142,0.384011417
BLCA_All,IDO1,CDKN2A,0.1231,0.0151,0.099260534
STAD_All,SLC2A1,CDKN2A,0.1235,0.0153,0.099936548
LUAD_All,SLC2A1,CDKN2A,0.1236,0.00612,0.055324632
LGG_IDHwt,LILRB4,CDKN2A,0.1237,0.24,0.500044985
SARC_MFS/UPS,CEACAM1,CDKN2A,0.124,0.273,0.530258393
MESO_All,NECTIN2,CDKN2A,0.1246,0.256,0.510469991
MESO_All,PVRL2,CDKN2A,0.1246,0.256,0.510469991
SKCM_All,IDO1,CDKN2A,0.1256,0.02,0.118788118
BLCA_All,NECTIN2,CDKN2A,0.1256,0.0132,0.089836044
BLCA_All,PVRL2,CDKN2A,0.1256,0.0132,0.089836044
STAD_All,VEGFA,CDKN2A,0.1267,0.0128,0.089836044
SKCM_BRAF_Hotspot,TNFRSF12A,CDKN2A,0.127,0.188,0.439960204
BLCA_All,VTCN1,CDKN2A,0.128,0.0115,0.083482685
MESO_All,SIGLEC9,CDKN2A,0.128,0.243,0.501904793
ESCA_ESCC,LILRB2,CDKN2A,0.1283,0.231,0.491554714
SKCM_BRAF_Hotspot,SNAI2,CDKN2A,0.1284,0.183,0.436356931
ESCA_All,LILRB2,CDKN2A,0.1293,0.0899,0.297928445
SKCM_RAS_Hotspot,CD1A,CDKN2A,0.1305,0.255,0.510469991
STAD_All,NECTIN2,CDKN2A,0.1306,0.0103,0.079295772
STAD_All,PVRL2,CDKN2A,0.1306,0.0103,0.079295772
SKCM_All,CD1A,CDKN2A,0.1311,0.0151,0.099260534
LUAD_KRAS_hotspot,PRMT1,CDKN2A,0.1311,0.116,0.343865453
ESCA_All,VEGFA,CDKN2A,0.1317,0.084,0.286153107
SARC_MFS/UPS,VEGFA,CDKN2A,0.1347,0.234,0.493160369
SKCM_BRAF_Hotspot,IDO1,CDKN2A,0.1349,0.162,0.410742326
ESCA_ESCC,PRMT8,CDKN2A,0.1355,0.206,0.458915363
LUAD_All,SIGLEC9,CDKN2A,0.1355,0.00261,0.030635244
GBM_All,IL33,CDKN2A,0.1366,0.101,0.317178708
PAAD_All,TGFB1,CDKN2A,0.1371,0.0819,0.284298423
GBM_Mesenchymal,VTCN1,CDKN2A,0.1376,0.159,0.408271939
STAD_CIN,SLC2A1,CDKN2A,0.1381,0.0467,0.205562121
LUAD_KRAS_hotspot,SIGLEC9,CDKN2A,0.1384,0.0968,0.312519203
SKCM_BRAF_Hotspot,VTCN1,CDKN2A,0.139,0.149,0.393824994
GBM_All,SIGLEC9,CDKN2A,0.14,0.093,0.303418738
ESCA_ESCC,PRMT1,CDKN2A,0.1401,0.19,0.440738811
SARC_MFS/UPS,PVRIG,CDKN2A,0.1408,0.213,0.468794579
LUAD_All,PRMT1,CDKN2A,0.1411,0.00173,0.022321518
STAD_CIN,PVR,CDKN2A,0.1438,0.0382,0.179830593
SARC_LMS,IDO1,CDKN2A,0.1455,0.192,0.442698966
LGG_IDHwt,IL33,CDKN2A,0.1477,0.16,0.408271939
LUAD_KRAS_hotspot,TGFB1,CDKN2A,0.1484,0.0749,0.269776325
LUAD_All,SIGLEC15,CDKN2A,0.1495,0.000892,0.013680599
LUAD_All,LILRB4,CDKN2A,0.1502,0.000845,0.013092637
GBM_Classic,TGFB1,CDKN2A,0.1513,0.17,0.416292064
LUAD_KRAS_hotspot,CXCL1,CDKN2A,0.1529,0.0664,0.249422892
SARC_LMS,SLC2A1,CDKN2A,0.1546,0.165,0.412020788
LUAD_KRAS_hotspot,TNFRSF12A,CDKN2A,0.1548,0.0629,0.240430548
BLCA_All,CD59,CDKN2A,0.1555,0.00209,0.025966755
LUAD_STK11_truncating,CXCL1,CDKN2A,0.1612,0.263,0.519837426
LGG_IDHwt,CD1A,CDKN2A,0.1619,0.123,0.353408795
BLCA_All,TNFRSF12A,CDKN2A,0.1639,0.00118,0.01748559
SARC_LMS,VEGFA,CDKN2A,0.1639,0.141,0.383816751
LUAD_STK11_truncating,LILRB4,CDKN2A,0.164,0.255,0.510469991
GBM_Mesenchymal,TGFB1,CDKN2A,0.1671,0.0869,0.292670025
MESO_All,NT5E,CDKN2A,0.1711,0.117,0.346143256
STAD_All,PVR,CDKN2A,0.1714,0.000732,0.011710536
LUAD_All,PVRIG,CDKN2A,0.1725,0.000122,0.002790927
ESCA_ESCC,NECTIN2,CDKN2A,0.1749,0.101,0.317178708
ESCA_ESCC,PVRL2,CDKN2A,0.1749,0.101,0.317178708
MESO_All,SIGLEC15,CDKN2A,0.1762,0.107,0.327154597
PAAD_All,TNFRSF12A,CDKN2A,0.1763,0.0248,0.13954752
BLCA_All,SIGLEC9,CDKN2A,0.1764,0.000473,0.008191063
GBM_Mesenchymal,SIGLEC9,CDKN2A,0.1766,0.206,0.458915363
PAAD_All,PKM,CDKN2A,0.1807,0.0214,0.125284008
SKCM_BRAF_Hotspot,LILRB2,CDKN2A,0.1816,0.0587,0.229378192
SARC_All,IL1A,CDKN2A,0.1819,0.00398,0.041173433
LUAD_STK11_truncating,NECTIN2,CDKN2A,0.1825,0.205,0.458915363
LUAD_STK11_truncating,PVRL2,CDKN2A,0.1825,0.205,0.458915363
SKCM_BRAF_Hotspot,CD1A,CDKN2A,0.183,0.0569,0.227588848
LUAD_EGFR-mut,NECTIN2,CDKN2A,0.1841,0.167,0.412020788
LUAD_EGFR-mut,PVRL2,CDKN2A,0.1841,0.167,0.412020788
LUAD_STK11_truncating,SIGLEC9,CDKN2A,0.1855,0.197,0.449242573
SKCM_BRAF_Hotspot,PVRIG,CDKN2A,0.1856,0.0533,0.221433173
LGG_IDHwt,LILRB2,CDKN2A,0.1872,0.074,0.267312589
SKCM_BRAF_Hotspot,SIGLEC9,CDKN2A,0.1878,0.0506,0.215991781
LUAD_STK11_truncating,TNFRSF12A,CDKN2A,0.188,0.191,0.441345288
SKCM_RAS_Hotspot,VTCN1,CDKN2A,0.1886,0.0983,0.314419702
LUAD_KRAS_hotspot,LILRB2,CDKN2A,0.1889,0.0229,0.130891531
LUAD_EGFR-mut,SLC2A1,CDKN2A,0.1891,0.155,0.401519902
LGG_IDHwt,PVRIG,CDKN2A,0.1903,0.0693,0.257512034
BLCA_All,NT5E,CDKN2A,0.1914,0.000146,0.003255061
ESCA_All,SIGLEC15,CDKN2A,0.1931,0.0109,0.08207787
GBM_All,SIGLEC15,CDKN2A,0.1947,0.019,0.115631287
LUAD_All,LILRB2,CDKN2A,0.195,0.0000135,0.000526866
GBM_Classic,PRMT8,CDKN2A,0.1994,0.069,0.257512034
LUAD_KRAS_hotspot,IDO1,CDKN2A,0.2002,0.0158,0.101562677
BLCA_All,PVR,CDKN2A,0.2003,0.0000696,0.001883009
SKCM_RAS_Hotspot,IDO1,CDKN2A,0.2008,0.0779,0.27533045
MESO_All,LILRB4,CDKN2A,0.2023,0.0633,0.240430548
LUAD_STK11_truncating,PVRIG,CDKN2A,0.2066,0.15,0.393824994
BLCA_All,LILRB4,CDKN2A,0.2077,0.0000365,0.001198305
MESO_All,IDO1,CDKN2A,0.2136,0.0497,0.213756355
GBM_Classic,CD44,CDKN2A,0.2155,0.171,0.416778355
SKCM_RAS_Hotspot,PVRIG,CDKN2A,0.2155,0.0581,0.227588848
SARC_All,IL33,CDKN2A,0.218,0.000531,0.008980409
ESCA_All,CEACAM1,CDKN2A,0.218,0.00395,0.041173433
ESCA_All,NT5E,CDKN2A,0.2182,0.00393,0.041173433
ESCA_ESCC,IL33,CDKN2A,0.2185,0.0397,0.183395288
BLCA_All,LILRB2,CDKN2A,0.2214,0.0000104,0.000460566
LUAD_EGFR-mut,SIGLEC15,CDKN2A,0.2214,0.0948,0.307320838
LUAD_STK11_truncating,PRMT1,CDKN2A,0.2239,0.118,0.346347429
LUAD_STK11_truncating,CD1A,CDKN2A,0.2245,0.117,0.345552027
LUAD_KRAS_hotspot,CD44,CDKN2A,0.2282,0.00576,0.053586601
ESCA_All,CXCL1,CDKN2A,0.2285,0.0025,0.029540866
LUAD_STK11_truncating,LILRB2,CDKN2A,0.2302,0.108,0.329513706
MESO_All,LILRB2,CDKN2A,0.2304,0.0339,0.166840901
GBM_Mesenchymal,CEACAM1,CDKN2A,0.2333,0.0161,0.102068672
GBM_Mesenchymal,LILRB4,CDKN2A,0.2373,0.0871,0.292670025
GBM_All,LILRB4,CDKN2A,0.2407,0.00354,0.038735529
SKCM_BRAF_Hotspot,LILRB4,CDKN2A,0.2422,0.0112,0.082324163
ESCA_ESCC,PVR,CDKN2A,0.2423,0.0221,0.128744413
LUAD_KRAS_hotspot,PVRIG,CDKN2A,0.2609,0.00153,0.020769649
PAAD_All,PRMT1,CDKN2A,0.271,0.000486,0.008316182
SARC_MFS/UPS,IL1A,CDKN2A,0.2763,0.0131,0.089836044
GBM_Classic,VTCN1,CDKN2A,0.2785,0.0103,0.079295772
GBM_Classic,LILRB2,CDKN2A,0.2809,0.0715,0.264051004
LUAD_STK11_truncating,TGFB1,CDKN2A,0.2864,0.0437,0.196599625
LUAD_STK11_truncating,SIGLEC15,CDKN2A,0.3085,0.0293,0.152386759
MESO_All,CXCL1,CDKN2A,0.3095,0.00395,0.041173433
GBM_Classic,LILRB4,CDKN2A,0.3132,0.0434,0.196433799
MESO_All,CD59,CDKN2A,0.3151,0.00331,0.037867455
SARC_MFS/UPS,IL33,CDKN2A,0.3264,0.00312,0.036037495
GBM_All,VTCN1,CDKN2A,0.3293,0.0000525,0.001561475
GBM_Classic,SIGLEC15,CDKN2A,0.3311,0.0322,0.160294784
LUAD_EGFR-mut,PVR,CDKN2A,0.3338,0.0104,0.079331492
ESCA_All,PVR,CDKN2A,0.3365,0.00000597,0.000306553
GBM_Classic,SIGLEC9,CDKN2A,0.3388,0.0282,0.148719578
ESCA_All,NECTIN2,CDKN2A,0.3916,9.96E-08,0.0000124
ESCA_All,PVRL2,CDKN2A,0.3916,9.96E-08,0.0000124
GBM_Classic,IL33,CDKN2A,0.43,0.00448,0.043833706
