bin_id,pseudotime,celltype
Bin01,0.0,Example early
Bin02,0.016949,Example early
Bin03,0.033898,Example early
Bin04,0.050847,Example early
Bin05,0.067797,Example early
Bin06,0.084746,Example early
Bin07,0.101695,Example early
Bin08,0.118644,Example early
Bin09,0.135593,Example early
Bin10,0.152542,Example early
Bin11,0.169492,Example early
Bin12,0.186441,Example early
Bin13,0.20339,Example early
Bin14,0.220339,Example early
Bin15,0.237288,Example early
Bin16,0.254237,Example early
Bin17,0.271186,Example early
Bin18,0.288136,Example early
Bin19,0.305085,Example early
Bin20,0.322034,Example early
Bin21,0.338983,Example middle
Bin22,0.355932,Example middle
Bin23,0.372881,Example middle
Bin24,0.389831,Example middle
Bin25,0.40678,Example middle
Bin26,0.423729,Example middle
Bin27,0.440678,Example middle
Bin28,0.457627,Example middle
Bin29,0.474576,Example middle
Bin30,0.491525,Example middle
Bin31,0.508475,Example middle
Bin32,0.525424,Example middle
Bin33,0.542373,Example middle
Bin34,0.559322,Example middle
Bin35,0.576271,Example middle
Bin36,0.59322,Example middle
Bin37,0.610169,Example middle
Bin38,0.627119,Example middle
Bin39,0.644068,Example middle
Bin40,0.661017,Example middle
Bin41,0.677966,Example late
Bin42,0.694915,Example late
Bin43,0.711864,Example late
Bin44,0.728814,Example late
Bin45,0.745763,Example late
Bin46,0.762712,Example late
Bin47,0.779661,Example late
Bin48,0.79661,Example late
Bin49,0.813559,Example late
Bin50,0.830508,Example late
Bin51,0.847458,Example late
Bin52,0.864407,Example late
Bin53,0.881356,Example late
Bin54,0.898305,Example late
Bin55,0.915254,Example late
Bin56,0.932203,Example late
Bin57,0.949153,Example late
Bin58,0.966102,Example late
Bin59,0.983051,Example late
Bin60,1.0,Example late
