gene,Bin01,Bin02,Bin03,Bin04,Bin05,Bin06,Bin07,Bin08,Bin09,Bin10,Bin11,Bin12,Bin13,Bin14,Bin15,Bin16,Bin17,Bin18,Bin19,Bin20,Bin21,Bin22,Bin23,Bin24,Bin25,Bin26,Bin27,Bin28,Bin29,Bin30,Bin31,Bin32,Bin33,Bin34,Bin35,Bin36,Bin37,Bin38,Bin39,Bin40,Bin41,Bin42,Bin43,Bin44,Bin45,Bin46,Bin47,Bin48,Bin49,Bin50,Bin51,Bin52,Bin53,Bin54,Bin55,Bin56,Bin57,Bin58,Bin59,Bin60
ExampleGene01,0.058583,0.278937,0.541487,0.656428,0.893152,1.007296,1.387366,1.576166,1.828457,2.108628,2.182691,1.892885,1.998114,1.866329,1.794495,1.434624,1.298605,1.114337,0.886843,0.587168,0.353394,0.08286,0.054363,-0.128829,-0.360955,-0.46117,-0.642653,-0.837566,-0.60396,-0.617757,-0.730747,-0.652397,-0.811082,-0.796559,-0.720863,-0.853253,-0.687924,-0.580771,-0.705473,-0.597594,-0.69685,-0.779842,-0.7741,-0.756199,-0.772463,-0.558846,-0.77391,-0.796433,-0.877245,-0.821741,-0.697091,-0.787254,-0.840762,-0.64662,-0.793925,-0.668885,-0.735893,-0.821842,-0.676214,-0.817537
ExampleGene02,0.183691,0.310358,0.696784,0.848051,1.0971,1.214869,1.535486,1.707537,1.558282,1.961277,2.047224,1.94263,1.8205,2.011773,1.565525,1.642809,1.389208,1.061605,0.694442,0.452512,0.33796,0.008315,-0.154985,-0.161557,-0.472666,-0.445727,-0.491316,-0.681006,-0.553902,-0.755253,-0.635135,-0.605129,-0.943028,-0.664772,-0.666476,-0.764183,-0.861314,-0.788657,-0.690622,-0.697819,-0.862174,-0.793629,-0.729661,-0.736786,-0.94536,-0.626347,-0.873569,-0.78785,-0.711118,-0.838229,-0.605932,-0.627725,-0.927024,-0.57684,-0.639244,-0.884585,-0.678443,-0.818221,-0.802355,-0.589296
ExampleGene03,-0.078726,0.100856,0.419078,0.659833,1.063465,1.18789,1.354505,1.488472,1.903645,2.005071,1.941687,2.198378,2.060448,1.954522,1.70682,1.630442,1.307763,1.084757,0.686259,0.429671,0.259144,0.042978,-0.116365,-0.191611,-0.225816,-0.490044,-0.458106,-0.545392,-0.589363,-0.647157,-0.587098,-0.487446,-0.854017,-0.677023,-0.600525,-0.789483,-0.836911,-0.730364,-0.80058,-0.685385,-0.72904,-0.646712,-0.836392,-0.74421,-0.63368,-0.789709,-0.889959,-0.761691,-0.797593,-0.776791,-0.567201,-0.870681,-0.672546,-0.906594,-0.84061,-0.614102,-0.750086,-0.834387,-0.782254,-0.650037
ExampleGene04,0.021392,0.128115,0.683107,0.738268,0.990131,1.034764,1.556519,1.664494,1.733127,2.053941,1.95158,2.160724,2.051263,1.814298,1.828702,1.601475,1.141764,1.020764,0.682167,0.513147,0.310284,0.09804,-0.132113,-0.358164,-0.327733,-0.570415,-0.547552,-0.68441,-0.698521,-0.605575,-0.568097,-0.986537,-0.902857,-0.79862,-0.800106,-0.646538,-0.667676,-0.645579,-0.708373,-0.813232,-0.69122,-0.554529,-0.56387,-0.651191,-0.632528,-0.723489,-0.839622,-0.807875,-0.639103,-0.782773,-0.741625,-0.757639,-0.754309,-0.842164,-0.823635,-0.759914,-0.719781,-0.752779,-0.727447,-0.550476
ExampleGene05,0.053772,0.288751,0.368972,0.663775,0.873901,1.227303,1.623947,1.6834,1.884919,1.960442,1.906231,2.18896,1.900836,1.875097,1.586975,1.681715,1.252792,0.924611,0.779524,0.501293,0.43434,-0.010195,0.103247,-0.1448,-0.468411,-0.488489,-0.431541,-0.718047,-0.572355,-0.645062,-0.86888,-0.611439,-0.672255,-0.734486,-0.770837,-0.757415,-0.544611,-0.82297,-0.738237,-0.666098,-0.929165,-0.804012,-0.761867,-0.713458,-0.960432,-0.778701,-0.670915,-0.897738,-0.630069,-0.69557,-0.839297,-0.695613,-0.703599,-0.635294,-0.657343,-0.97711,-0.721193,-0.75961,-0.660204,-0.607481
ExampleGene06,-0.125526,0.177232,0.443483,0.849296,0.994462,1.241543,1.501496,1.655775,1.930686,2.045303,2.017172,2.036131,1.927699,1.910595,1.550982,1.535537,1.233515,1.177531,0.726974,0.413112,0.342966,0.150697,-0.102114,-0.196826,-0.472385,-0.520003,-0.622829,-0.653925,-0.69195,-0.816447,-0.575853,-0.671281,-0.775196,-0.736716,-0.886995,-0.755761,-0.622422,-0.522364,-0.703853,-0.858404,-0.627284,-0.57461,-0.781341,-0.601622,-0.697669,-0.746642,-0.638458,-0.784168,-0.726564,-0.646431,-0.802507,-0.84536,-0.880398,-0.974113,-0.627402,-0.845865,-0.632094,-0.632646,-0.845003,-0.641157
ExampleGene07,0.132706,0.257315,0.393807,0.835606,1.064105,1.233178,1.438235,1.708866,1.972861,2.013386,2.189013,2.057457,1.924177,1.938137,1.466182,1.481902,1.296534,0.843554,0.580005,0.388937,0.420061,0.198654,-0.208567,-0.356048,-0.294323,-0.608405,-0.445898,-0.680433,-0.771563,-0.677095,-0.695006,-0.851304,-0.904876,-0.663837,-0.684482,-0.643463,-0.649252,-0.67256,-0.743766,-0.643982,-0.755613,-0.581718,-0.752626,-0.577485,-0.892868,-0.882721,-0.935664,-0.715345,-0.714971,-0.625715,-0.522534,-0.796468,-0.615499,-0.876174,-0.725457,-0.961233,-0.666219,-0.691125,-0.709069,-0.641317
ExampleGene08,-0.055265,0.273575,0.484658,0.701406,0.899927,1.1339,1.436226,1.652815,2.002083,1.763334,2.227173,2.089763,1.943889,1.945438,1.722049,1.495294,1.192012,0.937034,0.89098,0.5968,0.281258,0.223063,-0.1767,-0.208034,-0.398631,-0.456933,-0.591247,-0.649095,-0.598407,-0.597973,-0.731986,-0.60987,-0.732264,-0.74151,-0.627727,-0.827746,-0.84989,-0.755805,-0.661332,-0.748199,-0.750806,-0.691869,-0.601676,-0.825105,-0.851982,-0.666036,-0.866396,-0.712869,-0.728521,-0.643484,-0.757752,-0.723454,-0.894598,-0.763476,-0.72484,-0.726225,-0.735814,-0.638181,-0.944195,-0.626779
ExampleGene09,-0.702597,-0.801098,-0.733038,-0.931523,-0.76015,-0.775798,-0.756171,-0.765556,-0.735425,-0.728634,-0.702857,-0.803749,-0.734238,-0.70832,-0.612583,-0.480592,-0.415624,-0.362198,-0.242367,-0.080573,0.03893,0.646793,0.722642,0.869363,1.201596,1.500374,1.61574,1.999211,1.913063,2.123479,1.982181,1.986072,1.795965,1.804461,1.463563,1.475318,0.957567,0.458171,0.604179,0.377737,0.041926,-0.260633,-0.136073,-0.43822,-0.510669,-0.570527,-0.691955,-0.444739,-0.679291,-0.75966,-0.778268,-0.738312,-0.887845,-0.789474,-0.829581,-0.831466,-0.843171,-0.792061,-0.876618,-0.886676
ExampleGene10,-0.779869,-0.90868,-0.82792,-0.839173,-0.706896,-0.79354,-0.754409,-0.750649,-0.941781,-0.625012,-0.565215,-0.780301,-0.809353,-0.799012,-0.674765,-0.53032,-0.198653,-0.291637,-0.266644,0.121623,0.323815,0.361921,0.863903,1.064287,1.175198,1.495701,1.666828,1.840116,1.949869,2.201073,2.013058,1.918914,1.949989,1.520937,1.444746,1.22032,0.901458,0.563301,0.711255,0.352147,0.134531,-0.032775,-0.335426,-0.456076,-0.554854,-0.699546,-0.695251,-0.686754,-0.624574,-0.810337,-0.615212,-0.613495,-0.92877,-0.807746,-0.871023,-0.811312,-0.916526,-0.810289,-0.872274,-0.808917
ExampleGene11,-0.865385,-0.845335,-0.746592,-0.785602,-0.805301,-0.689111,-0.831932,-0.995418,-0.565759,-0.596194,-0.748649,-0.712369,-0.666315,-0.524214,-0.788437,-0.578049,-0.423654,-0.228582,-0.101681,0.07821,0.137054,0.655277,0.750729,0.959562,1.121364,1.526389,1.77759,2.018005,1.870826,2.077118,1.934335,1.910447,1.84293,1.618041,1.549826,1.252895,1.081565,0.811822,0.435946,0.200174,-2.1e-05,-0.191038,-0.347809,-0.504006,-0.472758,-0.504165,-0.540251,-0.832355,-0.686387,-0.71926,-0.805578,-0.917497,-0.680896,-0.791991,-0.912899,-0.799981,-1.005975,-0.670011,-0.780432,-0.948216
ExampleGene12,-0.653116,-0.861781,-0.706698,-0.851345,-0.754534,-0.781944,-0.905389,-0.819682,-0.70384,-0.750547,-0.712251,-0.745745,-0.712597,-0.490804,-0.71598,-0.512035,-0.355282,-0.085634,-0.205153,-0.110895,0.251572,0.400632,0.590051,0.999243,1.4255,1.346899,1.641673,2.04793,1.971938,1.987997,1.954408,2.099724,1.879412,1.750607,1.530408,1.330762,0.934066,0.531932,0.499404,0.295929,-0.143362,-0.226314,-0.237056,-0.457047,-0.473204,-0.663462,-0.731204,-0.573013,-0.661986,-0.823233,-0.680747,-0.790071,-0.697167,-0.886117,-0.91029,-0.782213,-0.833814,-0.926722,-0.830558,-0.707257
ExampleGene13,-0.810336,-0.929077,-0.883161,-0.685924,-0.611321,-0.733485,-0.773435,-0.915979,-0.903096,-0.675285,-0.623113,-0.702621,-0.627709,-0.44256,-0.636606,-0.523394,-0.55084,-0.318513,-0.343062,-0.002723,0.223186,0.231941,0.782104,0.932008,1.249027,1.548195,1.671708,1.848341,2.100247,2.101818,2.018208,2.042375,1.829788,1.550242,1.61935,1.273948,0.941341,0.692721,0.609467,0.290038,-0.011914,-0.241504,-0.350788,-0.485117,-0.470348,-0.65475,-0.516466,-0.755688,-0.827982,-0.740404,-0.837101,-0.821888,-0.762878,-0.846847,-0.809223,-0.589953,-0.813273,-0.787264,-0.706402,-0.834024
ExampleGene14,-0.53868,-0.809631,-0.756977,-0.754734,-0.869685,-0.849277,-0.789454,-0.686001,-0.841793,-0.747885,-0.619093,-0.850101,-0.530829,-0.76017,-0.47142,-0.561391,-0.345986,-0.177518,-0.143402,-0.007294,0.186578,0.484304,0.468228,1.183663,1.147843,1.55911,1.713753,1.787625,2.2082,1.876014,2.025856,2.206037,1.821485,1.589566,1.536906,1.089544,1.047317,0.601383,0.621503,0.114761,0.02412,-0.186992,-0.261346,-0.44593,-0.504085,-0.598394,-0.627732,-0.589069,-0.842496,-0.912595,-0.767798,-0.735609,-0.725459,-0.923979,-0.883499,-0.906117,-0.823616,-0.694975,-0.894075,-0.858713
ExampleGene15,-0.793271,-0.838822,-0.787966,-0.797611,-0.813519,-0.781131,-0.636237,-0.772647,-0.809665,-0.626885,-0.698758,-1.006938,-0.704089,-0.501644,-0.622201,-0.652098,-0.444055,-0.328942,-0.159861,0.031502,0.166354,0.442919,0.661263,0.892532,1.270704,1.457839,1.634694,1.921996,1.765154,2.119655,2.274322,1.935258,1.831736,1.791978,1.496721,1.291407,0.999756,0.670957,0.602295,0.307275,-0.04722,-0.19456,-0.482324,-0.365315,-0.469335,-0.466371,-0.809897,-0.795991,-0.769879,-0.719988,-0.564627,-0.746516,-0.820677,-0.765574,-0.705178,-0.926252,-0.806127,-0.706339,-0.894565,-0.733243
ExampleGene16,-0.784092,-0.771916,-0.859041,-0.919703,-0.866592,-0.701452,-0.80771,-0.85801,-0.62442,-0.822549,-0.747523,-0.570356,-0.558293,-0.587757,-0.623899,-0.762293,-0.487463,-0.247314,-0.052271,-0.007493,0.276354,0.457713,0.697877,0.850038,1.140838,1.274198,1.800193,2.053332,2.118477,2.088819,1.938147,2.023722,1.844998,1.722434,1.516521,1.069534,0.983352,0.803347,0.527103,0.100992,0.166316,-0.166808,-0.19354,-0.470905,-0.550036,-0.623349,-0.743824,-0.733703,-0.906515,-0.78794,-0.590399,-0.795796,-0.83138,-0.732826,-0.698277,-0.71699,-0.856071,-0.824885,-0.789639,-0.781273
ExampleGene17,-0.640074,-0.792167,-0.575116,-0.913076,-0.761542,-0.782797,-0.568893,-0.661496,-0.763514,-0.875359,-0.665924,-0.85395,-0.823883,-0.880623,-0.75006,-0.802417,-0.662765,-0.665239,-0.752045,-0.795644,-0.592621,-0.727501,-0.684787,-0.743722,-0.626273,-0.761625,-0.743271,-0.813337,-0.790648,-0.780616,-0.528874,-0.740033,-0.523807,-0.530793,-0.532553,-0.316123,-0.294718,-0.132484,0.108101,0.346532,0.625784,0.696125,1.037542,1.208886,1.511432,1.752794,1.948204,1.940364,1.928321,2.060891,2.090513,1.917953,1.676628,1.376309,1.203851,1.000816,0.679197,0.382325,0.380597,-0.022797
ExampleGene18,-0.793222,-0.580695,-0.694056,-0.84831,-0.752118,-0.698329,-0.901962,-0.679081,-0.798499,-0.725504,-0.863347,-0.729553,-0.728632,-0.74778,-0.638567,-0.756269,-0.758888,-0.72242,-0.674872,-0.792029,-0.64277,-0.649053,-0.682915,-0.609571,-0.743865,-0.86959,-0.704382,-0.763633,-0.816714,-0.759513,-0.654307,-0.53881,-0.687973,-0.484865,-0.597021,-0.44161,-0.300652,-0.028399,0.063269,0.355404,0.628106,0.677501,1.086369,1.232209,1.613643,1.716313,1.829885,1.957597,2.119171,2.000203,2.058745,1.895453,1.64787,1.450273,1.164906,0.870772,0.72845,0.424046,0.1618,0.177792
ExampleGene19,-0.768139,-0.619185,-0.671441,-0.688258,-0.742273,-0.531766,-0.67959,-0.703721,-0.660983,-0.753621,-0.997288,-0.738754,-0.678884,-0.647652,-0.795431,-0.818223,-0.805182,-0.663196,-0.647276,-0.548944,-0.836364,-0.908435,-0.660398,-0.788453,-0.77201,-0.860595,-0.749537,-0.881518,-0.666278,-0.671402,-0.631579,-0.745727,-0.595597,-0.724142,-0.552202,-0.333966,-0.233122,-0.135332,0.251518,0.230956,0.624062,0.717269,0.93338,1.127201,1.530235,1.78126,1.830587,2.115781,2.275129,2.005947,1.799931,1.80174,1.737775,1.39806,1.193882,0.936389,0.718542,0.471713,0.250279,0.174828
ExampleGene20,-0.714676,-0.743202,-0.76578,-0.786621,-0.875639,-0.902995,-0.695708,-0.695669,-0.717044,-0.769198,-0.834507,-0.873317,-0.71877,-0.674934,-0.702873,-0.730789,-0.744896,-0.669499,-0.685608,-0.82867,-0.722564,-0.610875,-0.831219,-0.859337,-0.712331,-0.68074,-0.703847,-0.595602,-0.748724,-0.739948,-0.739072,-0.530257,-0.71245,-0.661813,-0.470163,-0.26441,-0.205423,0.072151,0.000426,0.285017,0.528157,0.79919,0.918799,1.195704,1.461459,1.665488,2.00476,1.929898,2.121068,2.152094,1.924004,1.798906,1.536413,1.497091,1.235554,0.919602,0.805512,0.474189,0.488026,0.105662
ExampleGene21,-0.637311,-0.916196,-0.783236,-0.859478,-0.821285,-0.829955,-0.541259,-0.831292,-0.690849,-0.627738,-0.772113,-0.690513,-0.805597,-0.983755,-0.55747,-0.741429,-0.549524,-0.780099,-0.677352,-0.912186,-0.697082,-0.79575,-0.708972,-0.756917,-0.727927,-0.703844,-0.710504,-0.7138,-0.634682,-0.748275,-0.60847,-0.373423,-0.770864,-0.767049,-0.50056,-0.146818,-0.180545,-0.041624,0.066527,0.298994,0.648939,0.875576,0.940044,1.132982,1.459946,1.763305,1.888064,2.056288,2.016121,2.005412,2.084254,1.844615,1.693956,1.46982,1.168027,0.857274,0.818721,0.295437,0.18102,0.030422
ExampleGene22,-0.749372,-0.797248,-0.837927,-0.703143,-0.850937,-0.755236,-0.649623,-0.598555,-0.914873,-0.712235,-0.672046,-0.582413,-0.741117,-0.562231,-0.700544,-0.719119,-0.73829,-0.700515,-0.723557,-0.791401,-0.851758,-0.915548,-0.678182,-0.64757,-0.87166,-0.736013,-0.483996,-0.862345,-0.775127,-0.687018,-0.631587,-0.68762,-0.612588,-0.521209,-0.629896,-0.432333,-0.174699,-0.1847,0.074829,0.300321,0.543383,0.880751,1.031473,1.300777,1.590739,1.637273,1.917833,2.089473,2.136353,2.024797,1.939531,1.77065,1.518887,1.31407,1.269471,1.053352,0.700396,0.568138,0.25905,-0.037315
ExampleGene23,-0.680271,-0.854987,-0.682232,-0.738629,-0.820822,-0.741119,-0.900809,-0.829361,-0.65378,-0.677357,-0.968325,-0.672396,-0.809607,-0.705096,-0.884847,-0.833752,-0.773742,-0.723303,-0.579603,-0.676647,-0.688703,-0.826035,-0.656672,-0.490944,-0.804783,-0.784291,-0.829379,-0.766747,-0.712434,-0.627631,-0.670456,-0.56569,-0.559207,-0.365839,-0.397843,-0.245135,-0.226202,-0.015015,-0.084761,0.25098,0.498441,0.923297,1.000705,1.332028,1.395998,1.711645,1.982942,1.943049,2.097239,1.947558,2.045386,1.873133,1.636167,1.477257,1.16133,0.967271,0.859253,0.368015,0.200367,-0.147607
ExampleGene24,-0.845402,-0.729754,-0.784528,-0.544951,-0.63463,-0.681012,-0.664347,-0.727041,-0.705827,-0.569074,-0.669567,-0.797095,-0.753376,-0.715693,-0.872625,-0.949514,-0.8257,-0.786501,-0.71668,-0.725931,-0.660442,-0.860668,-0.724013,-0.741625,-0.711155,-0.720874,-0.814823,-0.856912,-0.565393,-0.717599,-0.620084,-0.679419,-0.608147,-0.562915,-0.501836,-0.27968,-0.318986,-0.090556,0.12172,0.35508,0.400403,0.688604,1.01894,1.234592,1.57698,1.738233,2.006313,2.006476,2.153876,2.081978,1.946818,1.754486,1.672933,1.458996,1.032499,0.962861,0.778916,0.47189,0.18907,0.082708
