gene,module
ExampleGene01,Example module 1
ExampleGene02,Example module 1
ExampleGene03,Example module 1
ExampleGene04,Example module 1
ExampleGene05,Example module 1
ExampleGene06,Example module 1
ExampleGene07,Example module 1
ExampleGene08,Example module 1
ExampleGene09,Example module 2
ExampleGene10,Example module 2
ExampleGene11,Example module 2
ExampleGene12,Example module 2
ExampleGene13,Example module 2
ExampleGene14,Example module 2
ExampleGene15,Example module 2
ExampleGene16,Example module 2
ExampleGene17,Example module 3
ExampleGene18,Example module 3
ExampleGene19,Example module 3
ExampleGene20,Example module 3
ExampleGene21,Example module 3
ExampleGene22,Example module 3
ExampleGene23,Example module 3
ExampleGene24,Example module 3
