"cell_id","x","y","celltype"
"demo_1_1",-7.5031720628282,-5.47950441022174,"APCs"
"demo_1_2",-6.53145770109424,-7.54164404938919,"APCs"
"demo_1_3",-7.86316461501527,-5.30165534525785,"APCs"
"demo_1_4",-9.11773013684997,-7.21110236247702,"APCs"
"demo_1_5",-4.52212121739387,-6.10308682396584,"APCs"
"demo_1_6",-5.23656833791917,-6.18520366539635,"APCs"
"demo_1_7",-9.06224326165238,-7.3252268997801,"APCs"
"demo_1_8",-7.17759702475095,-6.96526679536553,"APCs"
"demo_1_9",-6.38795836375647,-6.57189229323402,"APCs"
"demo_1_10",-6.6177241772115,-6.69024475944172,"APCs"
"demo_1_11",-5.88119720417082,-6.69591050687827,"APCs"
"demo_1_12",-6.0502186165489,-7.43128850861815,"APCs"
"demo_1_13",-6.58264769592104,-5.35471503261617,"APCs"
"demo_1_14",-6.39062735807014,-5.5687496498815,"APCs"
"demo_1_15",-6.35756067179582,-5.6470470838412,"APCs"
"demo_1_16",-8.55859455418058,-6.5573991804109,"APCs"
"demo_1_17",-7.17430566329176,-6.82119781960661,"APCs"
"demo_1_18",-6.45746926542373,-5.45776881232843,"APCs"
"demo_1_19",-7.91555512804072,-6.28313591203281,"APCs"
"demo_1_20",-6.61396666088777,-5.48887828035433,"APCs"
"demo_1_21",-9.18554217327378,-4.53673663091706,"APCs"
"demo_1_22",-8.68516573474964,-5.84997253234803,"APCs"
"demo_1_23",-9.26519908652464,-6.63741588656034,"APCs"
"demo_1_24",-6.50937245952818,-5.94781463136137,"APCs"
"demo_1_25",-8.41754393693703,-4.41056687905081,"APCs"
"demo_1_26",-6.82457382376708,-5.49518631045131,"APCs"
"demo_1_27",-6.12884502388971,-6.92461630323706,"APCs"
"demo_1_28",-5.66852590667075,-6.15407220893158,"APCs"
"demo_1_29",-8.01631920167184,-6.08254020931812,"APCs"
"demo_1_30",-8.36816285318635,-5.97602385368847,"APCs"
"demo_1_31",-5.17710266590036,-6.53705150769159,"APCs"
"demo_1_32",-7.09701203641567,-6.37695959617305,"APCs"
"demo_1_33",-7.49742321457776,-5.49513330971369,"APCs"
"demo_1_34",-5.77925773868394,-5.88549528966827,"APCs"
"demo_1_35",-6.12815329410029,-5.59153713323654,"APCs"
"demo_1_36",-8.23782495811479,-5.56564662912986,"APCs"
"demo_1_37",-6.47402824084859,-5.85414420353946,"APCs"
"demo_1_38",-7.72502700533475,-4.61706371922473,"APCs"
"demo_1_39",-8.01768974626551,-6.6009855274278,"APCs"
"demo_1_40",-8.64428499046491,-6.50846986110929,"APCs"
"demo_1_41",-7.28099612447988,-4.99670256477498,"APCs"
"demo_1_42",-6.15965500259493,-4.74890628205334,"APCs"
"demo_1_43",-6.1277589569182,-5.90857303512847,"APCs"
"demo_1_44",-5.95963524737019,-6.7117625326311,"APCs"
"demo_1_45",-7.49577971682072,-6.02910197597493,"APCs"
"demo_1_46",-8.20663090861629,-6.4114140758621,"APCs"
"demo_1_47",-6.72165974020084,-7.20097172773475,"APCs"
"demo_1_48",-7.58361176076369,-5.96832750452913,"APCs"
"demo_1_49",-4.77243496494829,-6.58897569184257,"APCs"
"demo_1_50",-7.64252531954506,-7.02550239770049,"APCs"
"demo_1_51",-6.80781054942441,-5.5268107711306,"APCs"
"demo_1_52",-6.7147408238313,-4.62349002736835,"APCs"
"demo_1_53",-6.19465695198549,-6.43249226467371,"APCs"
"demo_1_54",-7.64901944558691,-5.76232304375853,"APCs"
"demo_1_55",-5.90699611775823,-7.11550930557263,"APCs"
"demo_1_56",-6.38553687133589,-6.97566073681911,"APCs"
"demo_1_57",-7.02258449116045,-7.38506558961649,"APCs"
"demo_1_58",-6.96066011386748,-5.61876898768172,"APCs"
"demo_1_59",-6.11530181998989,-4.94211866249463,"APCs"
"demo_1_60",-7.4909940726347,-4.41772106990782,"APCs"
"demo_1_61",-8.4895121567277,-5.38971244567141,"APCs"
"demo_1_62",-5.40130646306626,-5.15625875026354,"APCs"
"demo_1_63",-6.70684734103288,-6.15845581882096,"APCs"
"demo_1_64",-5.72269605992086,-5.26531271762626,"APCs"
"demo_1_65",-7.41196207673818,-5.14274800522466,"APCs"
"demo_1_66",-8.05641132846091,-5.41639001576346,"APCs"
"demo_1_67",-6.47099046402073,-6.35809809942066,"APCs"
"demo_1_68",-6.97750511443911,-6.50810710909338,"APCs"
"demo_1_69",-8.11952990281066,-6.85757880893149,"APCs"
"demo_1_70",-4.54125779986601,-5.33214774033038,"APCs"
"demo_1_71",-5.42285291064899,-5.22884310125432,"APCs"
"demo_1_72",-5.15986781001469,-5.35249532825184,"APCs"
"demo_1_73",-8.03351722567473,-6.9480878031765,"APCs"
"demo_1_74",-6.53886257255281,-4.64914514503145,"APCs"
"demo_1_75",-7.51881009256259,-5.3971685696552,"APCs"
"demo_1_76",-6.64396940282332,-4.85968590027415,"APCs"
"demo_1_77",-8.03608732656653,-6.65656547142595,"APCs"
"demo_1_78",-6.69528514802341,-5.64376050056486,"APCs"
"demo_1_79",-6.35934074035296,-6.6995286912542,"APCs"
"demo_1_80",-7.50587200837394,-6.30426734929299,"APCs"
"demo_1_81",-8.42270828722192,-4.36649606621714,"APCs"
"demo_1_82",-7.12915356745721,-6.51464069020609,"APCs"
"demo_1_83",-6.49755185582778,-6.069399704685,"APCs"
"demo_1_84",-7.09173350972903,-5.82010591146371,"APCs"
"demo_1_85",-9.08817079032383,-5.64532022650626,"APCs"
"demo_1_86",-5.9213307995204,-6.18039188598271,"APCs"
"demo_1_87",-5.11420864536093,-6.24041590866007,"APCs"
"demo_1_88",-6.20710663115429,-6.31146821458618,"APCs"
"demo_1_89",-7.33236688457533,-6.0549503102136,"APCs"
"demo_1_90",-8.67777424389447,-7.24135037522062,"APCs"
"demo_1_91",-7.05140918640937,-5.39777948949995,"APCs"
"demo_1_92",-7.0882487132511,-5.76783451972007,"APCs"
"demo_1_93",-8.15632757700754,-5.12547952906128,"APCs"
"demo_1_94",-6.6065749215597,-6.60040914422285,"APCs"
"demo_1_95",-6.40579232115136,-6.30850585397763,"APCs"
"demo_1_96",-6.61506325927099,-5.8672830787094,"APCs"
"demo_1_97",-7.43087880407445,-6.51210172602774,"APCs"
"demo_1_98",-7.4076793561283,-6.98061893719853,"APCs"
"demo_1_99",-7.00076885091035,-7.79423879057439,"APCs"
"demo_1_100",-4.31725467808723,-4.60267372577499,"APCs"
"demo_1_101",-4.99257070266881,-6.18150006268317,"APCs"
"demo_1_102",-8.36041745913359,-5.35523105699288,"APCs"
"demo_1_103",-8.83043145602829,-5.71449933125423,"APCs"
"demo_1_104",-8.03224943222401,-4.65705274343898,"APCs"
"demo_1_105",-6.48874888335837,-7.42883195473672,"APCs"
"demo_1_106",-6.5913283732173,-6.66424238412879,"APCs"
"demo_1_107",-6.87377330837737,-6.70720290149414,"APCs"
"demo_1_108",-5.4571060587418,-6.31811118031218,"APCs"
"demo_1_109",-8.02022682391588,-4.68932882624426,"APCs"
"demo_1_110",-7.48246303219793,-7.62320445252838,"APCs"
"demo_1_111",-7.87083926298404,-6.66158993612875,"APCs"
"demo_1_112",-6.50253831612948,-5.9177218100904,"APCs"
"demo_1_113",-6.41093892822711,-5.33883623551368,"APCs"
"demo_1_114",-7.58601272803564,-6.03283260324037,"APCs"
"demo_1_115",-6.65057256757814,-6.55688577506838,"APCs"
"demo_1_116",-6.27700500493281,-5.45441627003691,"APCs"
"demo_1_117",-6.66914956023477,-7.47922819025659,"APCs"
"demo_1_118",-8.44746198467706,-6.54715430080474,"APCs"
"demo_1_119",-7.00229907901516,-6.43449859082278,"APCs"
"demo_1_120",-6.71976063070699,-6.43189254000039,"APCs"
"demo_1_121",-6.23692057084713,-6.62120023017853,"APCs"
"demo_1_122",-8.35233582641565,-5.03882842344225,"APCs"
"demo_1_123",-9.5620951469583,-5.33499080869511,"APCs"
"demo_1_124",-6.31170214839862,-5.0430948355821,"APCs"
"demo_1_125",-7.35346924433681,-5.81463453923529,"APCs"
"demo_1_126",-7.67766819857621,-4.99415033047367,"APCs"
"demo_1_127",-7.18818514643913,-3.46993215878212,"APCs"
"demo_1_128",-6.98397730360969,-7.26797964480246,"APCs"
"demo_1_129",-6.25076668876992,-7.2280858065065,"APCs"
"demo_1_130",-6.21373360317029,-5.12140879714218,"APCs"
"demo_1_131",-7.85889972919995,-6.21866329070768,"APCs"
"demo_1_132",-6.72315671812857,-6.42247694250945,"APCs"
"demo_1_133",-5.85922241110228,-5.60102334308467,"APCs"
"demo_1_134",-6.02925365466528,-6.71398113115103,"APCs"
"demo_1_135",-8.62037629202411,-7.10491263222899,"APCs"
"demo_1_136",-8.45876476156079,-5.66531569120901,"APCs"
"demo_1_137",-6.83497721359631,-5.33652771733409,"APCs"
"demo_1_138",-6.21811271802511,-4.92573104576376,"APCs"
"demo_1_139",-7.0653324741456,-6.36236010715322,"APCs"
"demo_1_140",-9.29495220864668,-6.2670638872573,"APCs"
"demo_1_141",-6.15855142979195,-6.72112004559744,"APCs"
"demo_1_142",-8.44537766301815,-5.81927729903176,"APCs"
"demo_1_143",-5.54273182595062,-7.03521082688294,"APCs"
"demo_1_144",-6.00225540702977,-3.84735516643958,"APCs"
"demo_1_145",-6.15264827980449,-5.04173318477268,"APCs"
"demo_1_146",-7.34242277367247,-5.78658190629937,"APCs"
"demo_1_147",-8.23710347206581,-7.04290784755858,"APCs"
"demo_1_148",-4.7284571114994,-5.47421166076584,"APCs"
"demo_1_149",-5.38476067062712,-6.68559269619318,"APCs"
"demo_1_150",-9.39898011699248,-7.58756575294277,"APCs"
"demo_1_151",-6.41895401620002,-5.49059661331903,"APCs"
"demo_1_152",-8.44873955226355,-5.7663560253746,"APCs"
"demo_1_153",-7.10308569760989,-6.14604963660256,"APCs"
"demo_1_154",-5.57843119867504,-7.3012149030545,"APCs"
"demo_1_155",-6.43915896425707,-6.60092826921104,"APCs"
"demo_1_156",-7.54625481009348,-5.80612175359877,"APCs"
"demo_1_157",-6.75308394929004,-5.95041821551103,"APCs"
"demo_1_158",-6.82318784043029,-5.35596166721544,"APCs"
"demo_1_159",-6.98863658943567,-4.80022081896514,"APCs"
"demo_1_160",-7.13013776257683,-6.94338357059268,"APCs"
"demo_2_1",0.540101326146861,-4.87254160294981,"Endo"
"demo_2_2",1.06584779319984,-5.52619601461093,"Endo"
"demo_2_3",0.193624768109129,-6.13383026480297,"Endo"
"demo_2_4",1.18492581338084,-6.16101456776994,"Endo"
"demo_2_5",0.649418135249958,-5.64565756350332,"Endo"
"demo_2_6",0.0165678649580663,-6.50195273057657,"Endo"
"demo_2_7",2.62741978984907,-6.30869212447305,"Endo"
"demo_2_8",-0.721021594762276,-5.98101049047716,"Endo"
"demo_2_9",0.299624146488383,-5.46012793895489,"Endo"
"demo_2_10",-1.72625631308512,-5.27751744150157,"Endo"
"demo_2_11",-0.58026030211797,-6.39357365824442,"Endo"
"demo_2_12",-0.158618093481073,-6.21840983231609,"Endo"
"demo_2_13",0.913473966045194,-5.89647065358627,"Endo"
"demo_2_14",1.78924182741908,-6.42765115677028,"Endo"
"demo_2_15",-0.211927591548897,-6.78919109185014,"Endo"
"demo_2_16",0.633159429382687,-6.4272398683179,"Endo"
"demo_2_17",1.25697925510603,-5.78583241548296,"Endo"
"demo_2_18",-0.794210740057343,-5.36191766174484,"Endo"
"demo_2_19",-1.20937433264653,-6.91319990778131,"Endo"
"demo_2_20",0.371079893815717,-5.69751869819066,"Endo"
"demo_2_21",0.304995501889154,-4.89135743228312,"Endo"
"demo_2_22",1.4164615488629,-5.85804881184833,"Endo"
"demo_2_23",-2.57793274390173,-6.49714951121246,"Endo"
"demo_2_24",1.85769542971091,-7.14776153299723,"Endo"
"demo_2_25",-0.154535242026835,-6.28417054166093,"Endo"
"demo_2_26",0.231725897832066,-5.1951761404957,"Endo"
"demo_2_27",-1.48778570545092,-5.59930614743777,"Endo"
"demo_2_28",-0.633804250147677,-6.39311994100293,"Endo"
"demo_2_29",-0.830537780531474,-6.19625328351043,"Endo"
"demo_2_30",-0.433950904366332,-5.7837038056398,"Endo"
"demo_2_31",0.629661049727783,-5.92875148472591,"Endo"
"demo_2_32",-1.14347746650789,-5.44088417782326,"Endo"
"demo_2_33",-0.851382134115362,-4.7528175464113,"Endo"
"demo_2_34",-0.191033060113668,-5.48666731416391,"Endo"
"demo_2_35",-0.401810172238343,-5.91289630453983,"Endo"
"demo_2_36",-0.172088712755382,-5.19229694203967,"Endo"
"demo_2_37",1.82229344433618,-6.42590249298831,"Endo"
"demo_2_38",-0.859781281389598,-6.53112237430167,"Endo"
"demo_2_39",-1.27820192718941,-6.09500558918433,"Endo"
"demo_2_40",-0.62990518809475,-5.57515410302311,"Endo"
"demo_2_41",-1.19938257838506,-6.44496577853536,"Endo"
"demo_2_42",-0.763307987311361,-7.16504244160435,"Endo"
"demo_2_43",-0.511955910185096,-5.38125285126256,"Endo"
"demo_2_44",0.884358569781954,-5.63581684569527,"Endo"
"demo_2_45",0.148924046795595,-6.90615116160225,"Endo"
"demo_2_46",-0.593700253400269,-7.38648180252341,"Endo"
"demo_2_47",0.245117506223517,-6.06543195307192,"Endo"
"demo_2_48",-1.71249644837881,-6.22641543499235,"Endo"
"demo_2_49",-0.738382713094334,-5.81723099574776,"Endo"
"demo_2_50",-1.26510348747167,-7.07378349503763,"Endo"
"demo_2_51",1.56524227547407,-5.17007029320881,"Endo"
"demo_2_52",0.372246292584951,-5.52878153857301,"Endo"
"demo_2_53",-1.64197998150725,-5.64266455468156,"Endo"
"demo_2_54",1.72204367519973,-5.62545753271929,"Endo"
"demo_2_55",1.70790318482519,-5.02877326525461,"Endo"
"demo_2_56",0.302759237240663,-6.18993950387679,"Endo"
"demo_2_57",1.25958126798131,-6.60887062059607,"Endo"
"demo_2_58",-1.87323671053683,-6.57097314767178,"Endo"
"demo_2_59",-0.858895215617677,-4.88672602760122,"Endo"
"demo_2_60",-2.25242751026934,-6.02163669059444,"Endo"
"demo_2_61",1.38897692501484,-7.22225283375288,"Endo"
"demo_2_62",-3.05138749948401,-5.26832677598262,"Endo"
"demo_2_63",-1.52830557855059,-5.13679818734959,"Endo"
"demo_2_64",-0.48707286164545,-7.08503620032539,"Endo"
"demo_2_65",-0.224922366939035,-6.28563427471717,"Endo"
"demo_2_66",-1.23893960124065,-5.21977056247912,"Endo"
"demo_2_67",0.110893382648181,-6.00244849092477,"Endo"
"demo_2_68",-1.07580662558377,-6.37411975125548,"Endo"
"demo_2_69",-0.0145771555480313,-5.93252732086528,"Endo"
"demo_2_70",-0.0859483311481492,-6.17346334534642,"Endo"
"demo_2_71",-0.217926056621048,-5.64607534504056,"Endo"
"demo_2_72",0.346303818994213,-5.2761583063193,"Endo"
"demo_2_73",1.3029145205617,-6.42751167381323,"Endo"
"demo_2_74",-0.413213504828754,-6.70241495011524,"Endo"
"demo_2_75",1.34143062682739,-5.41799030668164,"Endo"
"demo_2_76",-1.80146820825059,-5.49386794133306,"Endo"
"demo_2_77",-0.662909842721769,-6.62165669283693,"Endo"
"demo_2_78",-0.86300519036707,-5.34971000705307,"Endo"
"demo_2_79",-0.223049363144278,-6.90493807868496,"Endo"
"demo_2_80",-1.50501462882533,-6.99786732533932,"Endo"
"demo_2_81",0.809273405062851,-4.56234965317531,"Endo"
"demo_2_82",-0.841282956835134,-5.91894338867483,"Endo"
"demo_2_83",1.8263916993995,-6.30696737262736,"Endo"
"demo_2_84",-1.17845158251612,-5.67021902232926,"Endo"
"demo_2_85",-1.24427970771779,-5.01702291294821,"Endo"
"demo_2_86",-0.0483272098139616,-5.80306506873797,"Endo"
"demo_2_87",-1.74808267601319,-5.91268530905748,"Endo"
"demo_2_88",1.70527508294005,-7.04654559997689,"Endo"
"demo_2_89",0.0196660278832208,-6.63054406535912,"Endo"
"demo_2_90",1.79349432431995,-4.91569333236635,"Endo"
"demo_2_91",-1.61986292657504,-6.08642089814807,"Endo"
"demo_2_92",-0.284510440497252,-5.60742336328927,"Endo"
"demo_2_93",-1.83448426685736,-7.70942201233574,"Endo"
"demo_2_94",-0.958408466163141,-5.84720838050225,"Endo"
"demo_2_95",-2.18987851726917,-5.7171754508425,"Endo"
"demo_2_96",0.725599454143286,-7.03215343424441,"Endo"
"demo_2_97",0.553015762131586,-6.72724531872645,"Endo"
"demo_2_98",-1.38968488959724,-5.88654282177887,"Endo"
"demo_2_99",-2.30019062267947,-6.87699003818257,"Endo"
"demo_2_100",0.0189907471172744,-5.20221211579568,"Endo"
"demo_2_101",0.423812548202443,-5.14079457702304,"Endo"
"demo_2_102",-0.170823113673638,-4.60009597958826,"Endo"
"demo_2_103",0.125269101196221,-6.16176899042454,"Endo"
"demo_2_104",-0.239930005181592,-5.56508551486705,"Endo"
"demo_2_105",1.13754384653181,-5.10666269794614,"Endo"
"demo_2_106",-1.43132774573698,-5.52019204494849,"Endo"
"demo_2_107",1.58045819173413,-5.5394513276708,"Endo"
"demo_2_108",0.360004840514288,-6.09077264281644,"Endo"
"demo_2_109",-0.00931486287299944,-5.29669661758146,"Endo"
"demo_2_110",-0.313103708797743,-6.40495015798631,"Endo"
"demo_2_111",-1.17164017281129,-6.47048556943225,"Endo"
"demo_2_112",0.140322835866486,-6.50226535916933,"Endo"
"demo_2_113",0.961765577403947,-5.70605741790978,"Endo"
"demo_2_114",2.6744108773418,-5.1964685876935,"Endo"
"demo_2_115",2.6931468635802,-8.10588100924348,"Endo"
"demo_2_116",-0.598729738909836,-5.39970990026809,"Endo"
"demo_2_117",-1.42509686044571,-5.65061552149206,"Endo"
"demo_2_118",-0.609673891402951,-5.17643808968645,"Endo"
"demo_2_119",0.673930896276234,-5.96414958067152,"Endo"
"demo_2_120",-1.32839596967529,-6.26938184443632,"Endo"
"demo_2_121",-1.52636341738508,-5.58397297199405,"Endo"
"demo_2_122",0.43332722682146,-7.28968732663458,"Endo"
"demo_2_123",0.123663003726316,-6.07702981646788,"Endo"
"demo_2_124",-1.23717018234318,-6.73443228405435,"Endo"
"demo_2_125",0.942228748824454,-6.64819712813639,"Endo"
"demo_2_126",0.814004706497596,-5.90427609750484,"Endo"
"demo_2_127",0.333626708466781,-4.90132640312747,"Endo"
"demo_2_128",0.806285570385414,-6.49002184542102,"Endo"
"demo_2_129",0.0679346331341093,-5.31329401407157,"Endo"
"demo_2_130",-0.68268301792843,-5.332657518404,"Endo"
"demo_2_131",-0.860929609610382,-7.01767950594945,"Endo"
"demo_2_132",0.183568376272504,-5.8997093778604,"Endo"
"demo_2_133",0.125585315709972,-6.18619004359007,"Endo"
"demo_2_134",-0.0551504877516235,-4.51285354491911,"Endo"
"demo_2_135",-0.895375613428279,-4.73480997035075,"Endo"
"demo_2_136",1.13917418277941,-6.46677690831915,"Endo"
"demo_2_137",0.538554410096772,-5.71453774440804,"Endo"
"demo_2_138",-0.145467232664261,-8.1723095735174,"Endo"
"demo_2_139",0.94777503980792,-4.59579089349462,"Endo"
"demo_2_140",1.12219895028644,-4.25950302504713,"Endo"
"demo_2_141",0.265527275727089,-6.04640868370267,"Endo"
"demo_2_142",0.445930037288852,-5.85326946796214,"Endo"
"demo_2_143",-0.353266419765813,-6.2804954198179,"Endo"
"demo_2_144",0.318285137782387,-6.60399970278695,"Endo"
"demo_2_145",-0.326298828368058,-5.85257708011625,"Endo"
"demo_2_146",0.716998934600186,-5.42400639934489,"Endo"
"demo_2_147",-1.16157845385197,-5.51832929075832,"Endo"
"demo_2_148",-0.619464073863262,-6.90528189118739,"Endo"
"demo_2_149",-0.651302779217462,-6.34061444757263,"Endo"
"demo_2_150",-0.551826029635449,-6.44220428930683,"Endo"
"demo_2_151",-2.82553737422075,-5.61722148435452,"Endo"
"demo_2_152",0.22605860128326,-5.25982976245115,"Endo"
"demo_2_153",-1.29955191662889,-6.54228663896397,"Endo"
"demo_2_154",-0.50297399655251,-5.33427306956049,"Endo"
"demo_2_155",-1.54641735080725,-5.72497759400478,"Endo"
"demo_2_156",0.530394256214222,-5.99399378049858,"Endo"
"demo_2_157",-0.130603498696928,-5.54438490124363,"Endo"
"demo_2_158",-0.907074939313873,-6.80585778213913,"Endo"
"demo_2_159",-0.982452255077223,-6.42785892305289,"Endo"
"demo_2_160",-1.04439014820974,-5.07209865692096,"Endo"
"demo_3_1",7.99247155421096,-6.23832540296443,"Fib"
"demo_3_2",10.5093128538698,-5.87866442487418,"Fib"
"demo_3_3",4.82424623805119,-5.27637712210288,"Fib"
"demo_3_4",6.99941172512295,-5.49127558330404,"Fib"
"demo_3_5",6.8427102641053,-6.46448859769498,"Fib"
"demo_3_6",4.75623001659037,-5.49573535143174,"Fib"
"demo_3_7",6.6732023757965,-5.7171806504309,"Fib"
"demo_3_8",5.85727728620463,-6.72928173372536,"Fib"
"demo_3_9",7.68217187894912,-5.10630272087527,"Fib"
"demo_3_10",8.71055383047657,-7.50100647366597,"Fib"
"demo_3_11",8.01731946528256,-5.37718092448565,"Fib"
"demo_3_12",6.97594651887573,-7.18513635010786,"Fib"
"demo_3_13",8.70105056785846,-6.60376735513296,"Fib"
"demo_3_14",3.2135107680084,-6.04505670504526,"Fib"
"demo_3_15",4.35202925633708,-7.17209012685415,"Fib"
"demo_3_16",6.95314649076303,-5.6734503468653,"Fib"
"demo_3_17",5.75775354161149,-7.53144699007142,"Fib"
"demo_3_18",6.87695467238443,-6.84804754968209,"Fib"
"demo_3_19",6.48603307532685,-4.93893170648663,"Fib"
"demo_3_20",6.77283814181639,-7.20053283211965,"Fib"
"demo_3_21",6.39743513448282,-5.20683544640519,"Fib"
"demo_3_22",5.97859650918155,-5.84684886420408,"Fib"
"demo_3_23",7.1309816255757,-4.91990580753726,"Fib"
"demo_3_24",8.48606610824416,-6.0659488263232,"Fib"
"demo_3_25",4.56754916202011,-5.8720133567072,"Fib"
"demo_3_26",6.73651657767493,-5.31140952285394,"Fib"
"demo_3_27",9.02081320113933,-5.7266351997035,"Fib"
"demo_3_28",5.16669594450458,-7.09545928041979,"Fib"
"demo_3_29",7.47131470425674,-5.40953419873498,"Fib"
"demo_3_30",7.42670159851325,-6.5422988341157,"Fib"
"demo_3_31",6.48303043402882,-6.17750451048939,"Fib"
"demo_3_32",6.8296000930502,-4.93893724937581,"Fib"
"demo_3_33",7.4707575531595,-5.73357540342681,"Fib"
"demo_3_34",8.67113017608025,-4.02989554098797,"Fib"
"demo_3_35",6.85047828640068,-5.88989628194572,"Fib"
"demo_3_36",8.33934763098624,-5.28408809850011,"Fib"
"demo_3_37",8.18138939991518,-6.54652433674423,"Fib"
"demo_3_38",7.45706479562354,-5.95122876181359,"Fib"
"demo_3_39",7.1453292959758,-6.57650289938669,"Fib"
"demo_3_40",7.83675024330097,-6.98850173598125,"Fib"
"demo_3_41",5.78712650929442,-6.85213460349251,"Fib"
"demo_3_42",7.44253765782876,-6.78074081802156,"Fib"
"demo_3_43",9.26382136992406,-7.3689169755344,"Fib"
"demo_3_44",8.84837527752752,-6.5675658508699,"Fib"
"demo_3_45",6.83858442401555,-6.5417634588277,"Fib"
"demo_3_46",6.52253203728185,-5.82020598283425,"Fib"
"demo_3_47",8.39269015868439,-6.16493820158072,"Fib"
"demo_3_48",7.087695611283,-4.99177615519288,"Fib"
"demo_3_49",6.4623832486583,-5.94368996513504,"Fib"
"demo_3_50",7.28250061044328,-5.70366047989616,"Fib"
"demo_3_51",9.46506921900687,-6.38230908579523,"Fib"
"demo_3_52",6.97318743095194,-6.82261540948326,"Fib"
"demo_3_53",5.7906082917933,-6.30510998459248,"Fib"
"demo_3_54",8.60430941568444,-6.03530465036337,"Fib"
"demo_3_55",6.38916925654341,-5.81830887042134,"Fib"
"demo_3_56",7.7451478743358,-6.44316218141246,"Fib"
"demo_3_57",7.28349361890544,-5.67008931348173,"Fib"
"demo_3_58",5.65276212419131,-7.92993764624572,"Fib"
"demo_3_59",7.09519793124008,-5.74637565230931,"Fib"
"demo_3_60",6.2698949104612,-5.62422371133983,"Fib"
"demo_3_61",5.31729312939247,-3.79034358784893,"Fib"
"demo_3_62",5.31125450356834,-6.03799513133496,"Fib"
"demo_3_63",8.47959538258872,-5.93777153384901,"Fib"
"demo_3_64",7.93375580094016,-5.63294905986662,"Fib"
"demo_3_65",6.11026415279794,-6.13773682951611,"Fib"
"demo_3_66",6.45042172852388,-7.51568146140009,"Fib"
"demo_3_67",8.35173682345268,-6.98998165176799,"Fib"
"demo_3_68",5.34133180063219,-6.16925139496436,"Fib"
"demo_3_69",8.69417998851731,-5.21843867522744,"Fib"
"demo_3_70",6.01827125316259,-5.55216880622835,"Fib"
"demo_3_71",5.92583355103858,-5.63249475104563,"Fib"
"demo_3_72",6.98512534727572,-5.71258376928549,"Fib"
"demo_3_73",5.25274852246448,-7.01861038393694,"Fib"
"demo_3_74",7.81669853316465,-5.98578124460967,"Fib"
"demo_3_75",6.58402160286689,-6.08421193482967,"Fib"
"demo_3_76",6.49956397069906,-5.38156256826158,"Fib"
"demo_3_77",8.35668432625342,-6.15346723677451,"Fib"
"demo_3_78",7.56137563189409,-6.73062702014343,"Fib"
"demo_3_79",6.63927622620201,-5.31557501565964,"Fib"
"demo_3_80",4.40347985121517,-5.41898804723684,"Fib"
"demo_3_81",5.94841478025452,-6.31211502623999,"Fib"
"demo_3_82",6.59146990668867,-5.41886235835579,"Fib"
"demo_3_83",6.61286572081585,-6.49352768256571,"Fib"
"demo_3_84",7.36765976830414,-4.64511330956805,"Fib"
"demo_3_85",5.61988106576953,-6.90168798267327,"Fib"
"demo_3_86",7.08451699033508,-4.37505089256481,"Fib"
"demo_3_87",5.57810742415439,-4.29976467632442,"Fib"
"demo_3_88",6.91115453831035,-5.49110190774185,"Fib"
"demo_3_89",6.83639347485597,-6.5715720562917,"Fib"
"demo_3_90",5.32312512518304,-5.85678342747005,"Fib"
"demo_3_91",6.64814290127105,-5.63519633870613,"Fib"
"demo_3_92",7.01730872696187,-5.79539942649671,"Fib"
"demo_3_93",5.76398019251023,-6.76108203729443,"Fib"
"demo_3_94",5.26150580057264,-6.51319256045041,"Fib"
"demo_3_95",6.95492049319299,-3.69341463972312,"Fib"
"demo_3_96",5.59389096073668,-4.94131502126582,"Fib"
"demo_3_97",7.08668598858551,-5.23803786446399,"Fib"
"demo_3_98",7.63595188376256,-5.20948465533562,"Fib"
"demo_3_99",7.01673551865782,-5.24014669306528,"Fib"
"demo_3_100",7.48446105627641,-5.36393338780193,"Fib"
"demo_3_101",6.71242909986893,-6.4677016259305,"Fib"
"demo_3_102",6.21596747628147,-6.70822933214078,"Fib"
"demo_3_103",8.15703440579866,-7.01190636486569,"Fib"
"demo_3_104",4.64448707115086,-5.08978772460689,"Fib"
"demo_3_105",8.18401299880767,-4.81786876880722,"Fib"
"demo_3_106",7.73786165847192,-5.29369818993807,"Fib"
"demo_3_107",4.82835142384952,-4.81186010680411,"Fib"
"demo_3_108",5.96615288254349,-6.16319394535923,"Fib"
"demo_3_109",5.66254196683549,-6.04705067442974,"Fib"
"demo_3_110",8.18309816939459,-6.11753697199244,"Fib"
"demo_3_111",7.78067144359958,-4.9621744196491,"Fib"
"demo_3_112",6.43214308970375,-5.20338894356401,"Fib"
"demo_3_113",7.66154833439675,-6.1651395044911,"Fib"
"demo_3_114",6.50293644464649,-5.32731246679981,"Fib"
"demo_3_115",6.82914464102301,-6.33070681316875,"Fib"
"demo_3_116",7.41116289754927,-7.1429924285974,"Fib"
"demo_3_117",7.85965434438964,-5.25227093848269,"Fib"
"demo_3_118",8.36708562213279,-6.01842519181392,"Fib"
"demo_3_119",7.44326213270826,-5.8013941509136,"Fib"
"demo_3_120",8.96832029318178,-4.30584963557224,"Fib"
"demo_3_121",6.63207741911523,-5.34903133729949,"Fib"
"demo_3_122",6.80881968861655,-5.69067586760488,"Fib"
"demo_3_123",8.56711868791581,-4.50366395946809,"Fib"
"demo_3_124",7.64834627583572,-7.15480518005173,"Fib"
"demo_3_125",6.19359194471005,-5.56952023744163,"Fib"
"demo_3_126",5.23653528413134,-6.28842494951896,"Fib"
"demo_3_127",5.53881421134926,-4.0570459808893,"Fib"
"demo_3_128",6.36479364353922,-7.25854919365685,"Fib"
"demo_3_129",6.85158763079844,-7.33793570325864,"Fib"
"demo_3_130",8.34043216596544,-5.27178686032019,"Fib"
"demo_3_131",7.75994575868905,-5.55293792017416,"Fib"
"demo_3_132",7.2760969376351,-6.15296533653763,"Fib"
"demo_3_133",5.85940770704366,-4.67902939156249,"Fib"
"demo_3_134",6.76505641337176,-6.07898492260159,"Fib"
"demo_3_135",5.41174459374614,-5.96705582322643,"Fib"
"demo_3_136",7.78740704303167,-4.90031486274861,"Fib"
"demo_3_137",7.52539851113903,-5.42198062466489,"Fib"
"demo_3_138",6.40682076716942,-6.51662154721141,"Fib"
"demo_3_139",6.44118918891459,-6.17197850207047,"Fib"
"demo_3_140",7.10403359559602,-4.62952978642996,"Fib"
"demo_3_141",5.27917886145813,-5.20587752679354,"Fib"
"demo_3_142",6.47267551309345,-6.38390597810744,"Fib"
"demo_3_143",8.50499469913981,-6.17532758970805,"Fib"
"demo_3_144",6.48050757531882,-5.82742599778621,"Fib"
"demo_3_145",6.19569030968013,-6.869164537099,"Fib"
"demo_3_146",7.12369666335413,-6.49588358794673,"Fib"
"demo_3_147",7.12437358366961,-7.63727496967338,"Fib"
"demo_3_148",5.40368470246545,-4.95915742118266,"Fib"
"demo_3_149",7.06807490576881,-6.93121281788415,"Fib"
"demo_3_150",7.4604229299642,-6.52939551672079,"Fib"
"demo_3_151",8.42228423759382,-6.27581186764297,"Fib"
"demo_3_152",6.28162176092124,-5.77302044684604,"Fib"
"demo_3_153",6.06596314098813,-6.88180735690288,"Fib"
"demo_3_154",7.22027918607977,-5.13629270861496,"Fib"
"demo_3_155",7.42581859091455,-6.93662281735419,"Fib"
"demo_3_156",5.65949553605365,-6.45590322979203,"Fib"
"demo_3_157",6.38317459312659,-6.03519680239866,"Fib"
"demo_3_158",7.62146247897732,-6.00504639598204,"Fib"
"demo_3_159",8.28299301626367,-5.39139965204331,"Fib"
"demo_3_160",5.27771976049067,-5.61716233617421,"Fib"
"demo_4_1",-6.82163721650831,-0.688719925571872,"Ker"
"demo_4_2",-8.43054763159793,-0.945227816193274,"Ker"
"demo_4_3",-6.10886486190155,-0.536150103142003,"Ker"
"demo_4_4",-5.51660611797266,-0.13217594121788,"Ker"
"demo_4_5",-7.56044461150651,0.835545123183064,"Ker"
"demo_4_6",-7.9495077838123,-0.499699835578201,"Ker"
"demo_4_7",-6.53353503357989,-0.497723391913594,"Ker"
"demo_4_8",-6.5818861756882,0.139963376182776,"Ker"
"demo_4_9",-5.25331333674565,1.71879027187767,"Ker"
"demo_4_10",-8.45675163530242,-0.666041197477206,"Ker"
"demo_4_11",-7.45950758685137,0.0823739744429651,"Ker"
"demo_4_12",-7.11856399318948,-0.0852504153095313,"Ker"
"demo_4_13",-6.28343606224011,-0.314728032272207,"Ker"
"demo_4_14",-6.94337841136041,0.11717862828168,"Ker"
"demo_4_15",-7.34811403329862,0.715479791506289,"Ker"
"demo_4_16",-6.99730282653521,-1.16585139981492,"Ker"
"demo_4_17",-6.23577104384751,-0.527450844531156,"Ker"
"demo_4_18",-7.71707491077271,1.00467138876101,"Ker"
"demo_4_19",-6.43725866366477,-0.13140592736684,"Ker"
"demo_4_20",-6.72690112154807,0.0199900654669147,"Ker"
"demo_4_21",-7.25427197168814,-0.633821590001684,"Ker"
"demo_4_22",-5.38652690487861,-0.759214265815351,"Ker"
"demo_4_23",-4.60665723309122,0.785696783690501,"Ker"
"demo_4_24",-7.65276852616414,-0.0204770245874724,"Ker"
"demo_4_25",-6.50339351406497,0.0707154623627029,"Ker"
"demo_4_26",-5.53221648456616,0.522226284497156,"Ker"
"demo_4_27",-6.11747129997766,-1.34763580712958,"Ker"
"demo_4_28",-7.77142584548421,-1.0480481744951,"Ker"
"demo_4_29",-6.31301288568056,1.37112360096821,"Ker"
"demo_4_30",-4.82090709539887,0.195583004209029,"Ker"
"demo_4_31",-7.20111468725758,1.38666258804106,"Ker"
"demo_4_32",-7.3420053815951,-1.27448831685745,"Ker"
"demo_4_33",-8.14586947061233,-0.29866316984675,"Ker"
"demo_4_34",-6.47092759968014,-0.109317152284425,"Ker"
"demo_4_35",-5.80383066812273,-0.273965613790502,"Ker"
"demo_4_36",-6.86151141771449,-0.296216671189913,"Ker"
"demo_4_37",-8.43106286731858,-1.22083915345199,"Ker"
"demo_4_38",-6.40503212790888,-0.341886131823627,"Ker"
"demo_4_39",-6.4974086088396,0.34984076842525,"Ker"
"demo_4_40",-8.43074572408778,-1.25735627619181,"Ker"
"demo_4_41",-6.40028736838792,0.275440143202233,"Ker"
"demo_4_42",-5.04337014215987,0.0442134735702434,"Ker"
"demo_4_43",-6.81941779962305,-0.147429126300623,"Ker"
"demo_4_44",-4.74911183775651,0.093605292409511,"Ker"
"demo_4_45",-5.95399971501825,1.33651186664455,"Ker"
"demo_4_46",-7.6938839313438,-0.556142336720831,"Ker"
"demo_4_47",-8.33810339153355,0.689368569314478,"Ker"
"demo_4_48",-5.47214497941551,-0.518452676515559,"Ker"
"demo_4_49",-5.0410988256113,1.25145505497464,"Ker"
"demo_4_50",-7.33026081989735,-1.8390021280272,"Ker"
"demo_4_51",-4.84978429196075,-0.443639005694239,"Ker"
"demo_4_52",-8.76578883996263,-1.70472785481546,"Ker"
"demo_4_53",-5.25075166127968,-1.22187305758682,"Ker"
"demo_4_54",-8.70647214210217,0.124606798216575,"Ker"
"demo_4_55",-5.84614178592624,-1.07971894361315,"Ker"
"demo_4_56",-8.33370591423237,-1.00264182178888,"Ker"
"demo_4_57",-9.00263588699551,-0.127591463499316,"Ker"
"demo_4_58",-6.60103875906667,0.61325606610945,"Ker"
"demo_4_59",-7.72649018108492,0.0726445389289307,"Ker"
"demo_4_60",-6.41006064244478,0.530636499193267,"Ker"
"demo_4_61",-7.62462777467507,-0.548789443059853,"Ker"
"demo_4_62",-4.30086919648702,2.5953122759415,"Ker"
"demo_4_63",-5.67854050567982,0.401801171280023,"Ker"
"demo_4_64",-7.58874831879761,0.244532546963192,"Ker"
"demo_4_65",-5.1624017169855,0.671099664861332,"Ker"
"demo_4_66",-7.31748508592707,-0.751516784357501,"Ker"
"demo_4_67",-7.67993089393212,-1.62797352932379,"Ker"
"demo_4_68",-5.7675666746952,0.808823622913329,"Ker"
"demo_4_69",-8.01276110690451,-2.07048896960161,"Ker"
"demo_4_70",-8.04281135767934,-0.67474962336822,"Ker"
"demo_4_71",-6.96260743784293,-0.121315439223569,"Ker"
"demo_4_72",-5.46126504433056,0.782394859553011,"Ker"
"demo_4_73",-6.29762433806087,0.250883945635943,"Ker"
"demo_4_74",-5.77018529306559,0.250457484975017,"Ker"
"demo_4_75",-4.81309782058284,0.0505348933575735,"Ker"
"demo_4_76",-6.11295136439763,0.788058183877638,"Ker"
"demo_4_77",-8.68452906918114,-0.544148937449524,"Ker"
"demo_4_78",-7.97426485172634,0.184682693265185,"Ker"
"demo_4_79",-6.89660939221749,0.859824629731235,"Ker"
"demo_4_80",-6.10432223561434,-0.760070873772815,"Ker"
"demo_4_81",-5.05009107924328,-0.405980140827264,"Ker"
"demo_4_82",-5.83641923267852,-0.271683220273908,"Ker"
"demo_4_83",-7.8539345071912,0.0949129511367332,"Ker"
"demo_4_84",-9.42380032129268,1.00308558819666,"Ker"
"demo_4_85",-6.6139874699597,-1.2602807706264,"Ker"
"demo_4_86",-7.3667358217356,-0.79960427761019,"Ker"
"demo_4_87",-6.50513521980463,-0.00154553120562783,"Ker"
"demo_4_88",-7.25123192011831,0.912016118747239,"Ker"
"demo_4_89",-8.986572835585,-0.999010849565263,"Ker"
"demo_4_90",-8.02602294398094,0.299398019551045,"Ker"
"demo_4_91",-7.78155448696996,0.127338758463538,"Ker"
"demo_4_92",-6.83596590841952,0.306349040411395,"Ker"
"demo_4_93",-7.11397457293082,-0.630181922573964,"Ker"
"demo_4_94",-6.7605122345038,0.667285143967221,"Ker"
"demo_4_95",-6.03129896267174,-0.0909002764117693,"Ker"
"demo_4_96",-7.40644767854095,-0.159598389925486,"Ker"
"demo_4_97",-6.19447016525857,0.73152550797486,"Ker"
"demo_4_98",-6.2271456490738,0.256797651878635,"Ker"
"demo_4_99",-7.09412986572617,-1.01609614594335,"Ker"
"demo_4_100",-8.7622267083077,-0.750163326225296,"Ker"
"demo_4_101",-6.95409303113934,-0.538480670723341,"Ker"
"demo_4_102",-6.40475363638793,0.474603261449966,"Ker"
"demo_4_103",-7.09960682312585,-1.89877145243191,"Ker"
"demo_4_104",-6.80694107166995,0.791676067797622,"Ker"
"demo_4_105",-7.31355257725407,0.875978061676139,"Ker"
"demo_4_106",-8.02591639717176,-0.372457739423205,"Ker"
"demo_4_107",-6.54405365184206,-0.178163787592677,"Ker"
"demo_4_108",-8.22564756861055,-0.0606271896875551,"Ker"
"demo_4_109",-7.84011288916824,-0.675685101437678,"Ker"
"demo_4_110",-8.39860870317284,0.632469953542618,"Ker"
"demo_4_111",-6.10411725473922,0.585742696998575,"Ker"
"demo_4_112",-7.97250190026036,0.646506792676655,"Ker"
"demo_4_113",-6.9293257868143,0.630563297485432,"Ker"
"demo_4_114",-5.19502139942488,-0.448316555717378,"Ker"
"demo_4_115",-7.27688762292668,-0.725204786097506,"Ker"
"demo_4_116",-8.52286849783461,0.329443911996544,"Ker"
"demo_4_117",-7.27053792282997,-1.03533469672428,"Ker"
"demo_4_118",-7.81662008408153,-0.0295006771400851,"Ker"
"demo_4_119",-7.25959578101619,1.66901890730929,"Ker"
"demo_4_120",-7.91057389659284,-0.591294055104783,"Ker"
"demo_4_121",-6.82306562615955,0.775057779149023,"Ker"
"demo_4_122",-6.60307432873502,0.110197417508214,"Ker"
"demo_4_123",-5.94947319471769,1.45578758961074,"Ker"
"demo_4_124",-6.47793026076481,-0.718628007352545,"Ker"
"demo_4_125",-8.68017935415475,-0.116165611255656,"Ker"
"demo_4_126",-5.71545483983295,0.302202706836457,"Ker"
"demo_4_127",-4.87713949827364,-0.546975548813627,"Ker"
"demo_4_128",-6.90742866667616,0.591376706509289,"Ker"
"demo_4_129",-6.32281443310968,-1.03868536358934,"Ker"
"demo_4_130",-5.56111447463689,-1.13872332736731,"Ker"
"demo_4_131",-7.83765062353117,-0.00867530024677368,"Ker"
"demo_4_132",-6.20546795523991,-0.818432737976876,"Ker"
"demo_4_133",-7.97973354352596,-0.876137673179098,"Ker"
"demo_4_134",-7.61152340370336,1.21617995504866,"Ker"
"demo_4_135",-6.72088125941541,-0.871517548741433,"Ker"
"demo_4_136",-6.08034294067299,-1.28366296143516,"Ker"
"demo_4_137",-5.63918885738518,0.349873371344994,"Ker"
"demo_4_138",-6.6306549471676,-0.121585935127618,"Ker"
"demo_4_139",-9.55269611998047,0.73403518714139,"Ker"
"demo_4_140",-5.52327844693674,-0.928248273638553,"Ker"
"demo_4_141",-7.15613830401177,-0.0891931565141019,"Ker"
"demo_4_142",-5.6187458638886,1.20899328853333,"Ker"
"demo_4_143",-7.39944519573411,1.38042603178334,"Ker"
"demo_4_144",-5.60552728734351,0.455956437431838,"Ker"
"demo_4_145",-6.43710006365423,0.284310948741541,"Ker"
"demo_4_146",-5.68070357230104,-0.457976633037084,"Ker"
"demo_4_147",-6.61254409713055,0.995753006634932,"Ker"
"demo_4_148",-6.25990992278196,1.08497526651733,"Ker"
"demo_4_149",-7.32864080812643,-1.31121406284046,"Ker"
"demo_4_150",-7.4467184715964,-0.273829563547841,"Ker"
"demo_4_151",-6.40807144890678,1.53759725413152,"Ker"
"demo_4_152",-7.09225152750392,-2.42794937877739,"Ker"
"demo_4_153",-6.22998017295303,-0.670277546655691,"Ker"
"demo_4_154",-9.2317302636244,-0.359018566426147,"Ker"
"demo_4_155",-6.67349222830516,-0.998689989735785,"Ker"
"demo_4_156",-6.56338096254304,0.574038241374604,"Ker"
"demo_4_157",-5.99955827924391,1.22449872839253,"Ker"
"demo_4_158",-5.94727368751734,1.06142827923147,"Ker"
"demo_4_159",-7.8474907331532,0.299799540380323,"Ker"
"demo_4_160",-7.71298714935237,-0.215085109959247,"Ker"
"demo_5_1",2.66592879712428,-0.808851944250364,"LY"
"demo_5_2",-0.727089050563315,-0.325228523734156,"LY"
"demo_5_3",-0.272516652215025,0.517054420133923,"LY"
"demo_5_4",-1.55645354799335,0.860760804403769,"LY"
"demo_5_5",0.915716805941503,0.67871442017227,"LY"
"demo_5_6",0.741923544476197,-1.19653792079327,"LY"
"demo_5_7",0.182193362952996,-0.221514080921425,"LY"
"demo_5_8",-0.409180473705645,0.521721884052831,"LY"
"demo_5_9",-0.205321804330307,-0.614973354284671,"LY"
"demo_5_10",1.30207353970522,-1.38980822933157,"LY"
"demo_5_11",-0.157125189704008,-0.790161393202027,"LY"
"demo_5_12",1.92853285390474,-0.451880415470436,"LY"
"demo_5_13",-0.158887874166002,-0.518326694444314,"LY"
"demo_5_14",0.636970998447202,0.256482924189203,"LY"
"demo_5_15",-0.762576835662347,-0.779215042499433,"LY"
"demo_5_16",0.318461522492241,-1.20541589082792,"LY"
"demo_5_17",-0.988008542726646,0.20896716023676,"LY"
"demo_5_18",-1.84782285884157,-0.143336128718701,"LY"
"demo_5_19",-0.857701250158236,-0.193564654566333,"LY"
"demo_5_20",-1.63261622297757,-0.471218463118899,"LY"
"demo_5_21",-0.520343201653068,1.03310045349736,"LY"
"demo_5_22",0.647438628353238,0.0533840122225083,"LY"
"demo_5_23",-1.62047033690457,-0.517002966741666,"LY"
"demo_5_24",-0.566453488811083,0.100741028254701,"LY"
"demo_5_25",-0.412997763016977,-0.364043648842094,"LY"
"demo_5_26",0.948810615381169,-0.0637722420811799,"LY"
"demo_5_27",-0.801059891855131,-0.467038151970514,"LY"
"demo_5_28",-0.949762637374895,0.953269265533959,"LY"
"demo_5_29",1.31818807265983,-0.876555860580607,"LY"
"demo_5_30",0.97693438914527,-0.89407108360096,"LY"
"demo_5_31",0.102073408178503,1.157305792758,"LY"
"demo_5_32",1.15918760325237,-0.108506366067162,"LY"
"demo_5_33",0.759435784739149,0.135735463414166,"LY"
"demo_5_34",0.494061645287098,2.27142303974243,"LY"
"demo_5_35",-1.42086323522621,1.01531640066621,"LY"
"demo_5_36",2.19702653048128,1.5049309315618,"LY"
"demo_5_37",-0.807742024020311,-0.995715570552703,"LY"
"demo_5_38",1.06614023793471,-0.0457559952526446,"LY"
"demo_5_39",-0.943044253227997,-0.243059808656598,"LY"
"demo_5_40",-0.893326511033264,0.168459590337901,"LY"
"demo_5_41",-0.899240870237474,-0.485996203660653,"LY"
"demo_5_42",0.194815533654664,0.987214734468446,"LY"
"demo_5_43",-0.57677454488985,-0.00801483704054086,"LY"
"demo_5_44",-0.753227551877962,0.00915615340571584,"LY"
"demo_5_45",2.01222090286779,-0.33373755234023,"LY"
"demo_5_46",-0.550225355513536,-1.33171588895327,"LY"
"demo_5_47",1.71204841179002,-1.75746150467862,"LY"
"demo_5_48",-1.02785654581048,-0.579572285680487,"LY"
"demo_5_49",-0.106776164005031,0.797506465509592,"LY"
"demo_5_50",0.374020706840919,-0.804305256283032,"LY"
"demo_5_51",-0.376636720502314,-1.01832849521448,"LY"
"demo_5_52",0.271446766126093,-0.286492434224433,"LY"
"demo_5_53",0.689278510589109,-0.678644550822721,"LY"
"demo_5_54",0.973473397188872,0.220647549995356,"LY"
"demo_5_55",-1.14824888053499,-1.17634361490838,"LY"
"demo_5_56",-1.10903352200396,-0.163807090158884,"LY"
"demo_5_57",1.21362260190841,-0.348140554466427,"LY"
"demo_5_58",-1.46271440120904,0.452997510540228,"LY"
"demo_5_59",1.86985710080025,0.538258776958309,"LY"
"demo_5_60",-0.171686319805907,-1.20404518763442,"LY"
"demo_5_61",1.18564786127555,0.0518748863526814,"LY"
"demo_5_62",0.4751122252094,0.577413353341179,"LY"
"demo_5_63",1.11584519293815,0.472768431763596,"LY"
"demo_5_64",-0.332176775795861,0.143573168311644,"LY"
"demo_5_65",0.473044189161339,-1.06045505705942,"LY"
"demo_5_66",0.547350791331523,0.845815492776754,"LY"
"demo_5_67",0.561746851461489,-0.217783566442059,"LY"
"demo_5_68",-0.339262882284777,-1.03469622719952,"LY"
"demo_5_69",0.351467131346669,0.222790607705736,"LY"
"demo_5_70",0.138197266166882,-0.340595430395119,"LY"
"demo_5_71",0.0118615265517564,-0.668397891952032,"LY"
"demo_5_72",0.559984060259588,1.1659983641136,"LY"
"demo_5_73",-0.282305904893001,-0.179934178751049,"LY"
"demo_5_74",0.472178052760598,0.0451493741941387,"LY"
"demo_5_75",2.35176100209832,0.955350067171021,"LY"
"demo_5_76",-0.900845042377054,-1.33818800954742,"LY"
"demo_5_77",-0.83877096617884,1.21277610426244,"LY"
"demo_5_78",-2.77352367519536,-0.404480607225601,"LY"
"demo_5_79",2.4383219834972,0.309249138295959,"LY"
"demo_5_80",1.39156299813797,-0.795452121284028,"LY"
"demo_5_81",0.777923167240339,0.541919679389161,"LY"
"demo_5_82",-0.47059099674315,-0.0405473647720352,"LY"
"demo_5_83",-0.232337214047167,-0.131376616405189,"LY"
"demo_5_84",-0.426906707290794,0.220989744422256,"LY"
"demo_5_85",-1.37041431670579,0.348250067928334,"LY"
"demo_5_86",0.777766800597231,-1.13378561206242,"LY"
"demo_5_87",-0.690249870977507,0.0852444430722493,"LY"
"demo_5_88",-0.765994032375258,1.81610798290635,"LY"
"demo_5_89",-0.144524878115224,0.707778804468668,"LY"
"demo_5_90",-0.683122866380963,1.45242220702986,"LY"
"demo_5_91",1.128563288092,-1.15793977862095,"LY"
"demo_5_92",0.990941107046073,-0.425923646472881,"LY"
"demo_5_93",-0.964977455339858,0.00988425021417936,"LY"
"demo_5_94",-0.140501591216329,-0.0144382497925218,"LY"
"demo_5_95",0.0391615539811912,0.325987605054317,"LY"
"demo_5_96",-1.34335228088914,-1.06280343407908,"LY"
"demo_5_97",0.432510350226471,-0.243901689251301,"LY"
"demo_5_98",0.212932625389923,0.63931860627926,"LY"
"demo_5_99",0.037703178202081,0.257905726020792,"LY"
"demo_5_100",1.26009127603564,-0.412268213895152,"LY"
"demo_5_101",-0.0218029298423016,-0.0796694915334082,"LY"
"demo_5_102",-0.545147670170093,-0.399323379916345,"LY"
"demo_5_103",-1.43854807282063,-0.798467503518077,"LY"
"demo_5_104",1.82812310791739,-1.12584777370276,"LY"
"demo_5_105",-0.257576931721315,-0.213762333739209,"LY"
"demo_5_106",-0.292803733076917,1.04072988913688,"LY"
"demo_5_107",1.12241175629098,0.931588459245903,"LY"
"demo_5_108",0.174528503067597,0.499115313360591,"LY"
"demo_5_109",-0.663939134352298,0.564292122658906,"LY"
"demo_5_110",2.31955824291849,0.39103209254932,"LY"
"demo_5_111",0.71915199623686,0.844834599338747,"LY"
"demo_5_112",0.344393879302992,-0.721495852290063,"LY"
"demo_5_113",0.314123036006234,-1.11204302811407,"LY"
"demo_5_114",1.16321422695128,0.508899050352527,"LY"
"demo_5_115",-0.106327990218296,0.428045436922828,"LY"
"demo_5_116",0.0506553181207244,-0.223011925034421,"LY"
"demo_5_117",-1.53149044212727,-0.341969274504391,"LY"
"demo_5_118",0.135625246331645,-0.249592348529733,"LY"
"demo_5_119",0.418594896121799,1.0420150977466,"LY"
"demo_5_120",0.87000614094341,0.303465049638839,"LY"
"demo_5_121",0.963364073817442,-1.08437833853749,"LY"
"demo_5_122",1.83285576183203,0.413735373135696,"LY"
"demo_5_123",-0.617779321894802,-0.54412484519577,"LY"
"demo_5_124",0.869357956093332,0.605932602087653,"LY"
"demo_5_125",2.36774444375535,0.344830136256607,"LY"
"demo_5_126",1.64417298835441,1.2963084473637,"LY"
"demo_5_127",0.879403650672249,0.263901620625936,"LY"
"demo_5_128",0.851684104203262,-0.893643062642202,"LY"
"demo_5_129",-0.273011579715615,-0.781641413219897,"LY"
"demo_5_130",-0.110686947096087,-0.81854754957641,"LY"
"demo_5_131",-0.32058808500119,-0.787175008152076,"LY"
"demo_5_132",-2.19532122618495,0.395640895983816,"LY"
"demo_5_133",1.19301613055994,0.670832339876046,"LY"
"demo_5_134",0.243628492556748,-0.838588435473006,"LY"
"demo_5_135",-0.415013159834445,-1.12129127509413,"LY"
"demo_5_136",0.818905197147001,-0.269486914986585,"LY"
"demo_5_137",1.19825675860309,0.193048139635375,"LY"
"demo_5_138",-1.17738295971158,1.3350541859648,"LY"
"demo_5_139",-0.0660908103221365,-0.0717327327462597,"LY"
"demo_5_140",-0.64077555816643,-0.318052335217731,"LY"
"demo_5_141",1.53923396540573,0.548355353306965,"LY"
"demo_5_142",-1.37432647147372,0.15806879589737,"LY"
"demo_5_143",-0.183384412327711,-0.0888844005685875,"LY"
"demo_5_144",-1.02727322289424,0.0241774858399877,"LY"
"demo_5_145",0.208447487973029,-0.275535764687066,"LY"
"demo_5_146",0.29565116616439,-0.350405509401694,"LY"
"demo_5_147",-1.46233989366398,1.24574805472273,"LY"
"demo_5_148",0.49362798188645,-0.870596551967583,"LY"
"demo_5_149",-3.21823599101537,-0.774473326914381,"LY"
"demo_5_150",0.881889407873934,-1.36920202608713,"LY"
"demo_5_151",1.08835677568221,0.187613772435375,"LY"
"demo_5_152",-0.215957439575829,-0.996453811426154,"LY"
"demo_5_153",0.255379995850683,-0.766471998975057,"LY"
"demo_5_154",-0.365929603375635,-0.177145749879506,"LY"
"demo_5_155",0.352179399449195,0.517943770991731,"LY"
"demo_5_156",0.742851143461807,0.0645412079391183,"LY"
"demo_5_157",0.432450965501439,0.0376108403478322,"LY"
"demo_5_158",0.615685215014554,0.953095461222042,"LY"
"demo_5_159",0.829989958003161,0.795033089913736,"LY"
"demo_5_160",-0.414025459573309,-0.23530006956313,"LY"
"demo_6_1",5.17879324425438,0.113645953387178,"Mast"
"demo_6_2",6.0843106464381,0.437763323540072,"Mast"
"demo_6_3",5.97582631206864,-0.390497469776707,"Mast"
"demo_6_4",8.81033185168053,0.567546171369186,"Mast"
"demo_6_5",6.47895269910373,-0.307670528154353,"Mast"
"demo_6_6",7.42391606116978,-0.492954177886363,"Mast"
"demo_6_7",4.83648649879505,0.126794656454248,"Mast"
"demo_6_8",6.15685900453041,1.283983463963,"Mast"
"demo_6_9",9.3553408835185,-0.0722962019692302,"Mast"
"demo_6_10",7.67055339405842,-1.22805992368982,"Mast"
"demo_6_11",6.77949270607504,-0.310238984665153,"Mast"
"demo_6_12",7.46573307350402,1.00221776806431,"Mast"
"demo_6_13",6.15208206235534,0.787728076740334,"Mast"
"demo_6_14",6.28341994793561,0.568771620243768,"Mast"
"demo_6_15",7.44590896126408,-0.394460958778799,"Mast"
"demo_6_16",9.24989901301873,0.880482995192487,"Mast"
"demo_6_17",7.83240002900146,0.277236606632203,"Mast"
"demo_6_18",7.48874854405419,-0.629554631005351,"Mast"
"demo_6_19",8.66037170317661,0.0317596827251056,"Mast"
"demo_6_20",7.58454216837758,0.943672447831043,"Mast"
"demo_6_21",6.85281132916034,-0.942449241138028,"Mast"
"demo_6_22",7.01319987273924,0.0155407003488727,"Mast"
"demo_6_23",7.41879858531618,0.906838901299801,"Mast"
"demo_6_24",7.41209584867472,0.356502628590187,"Mast"
"demo_6_25",6.74392236002958,-1.16398861930026,"Mast"
"demo_6_26",7.43753983798906,0.897018857512193,"Mast"
"demo_6_27",6.82599197232693,-0.410947118636811,"Mast"
"demo_6_28",8.2841532270224,0.148492107136854,"Mast"
"demo_6_29",6.6896226073078,0.508349511705307,"Mast"
"demo_6_30",7.44067955596599,0.517857845460542,"Mast"
"demo_6_31",7.70166271036762,0.679240974307717,"Mast"
"demo_6_32",7.03988129897816,0.45255257361854,"Mast"
"demo_6_33",5.06381957599772,0.470120953908188,"Mast"
"demo_6_34",9.11766027518612,-1.05386822825674,"Mast"
"demo_6_35",7.83016613661877,0.512307016683559,"Mast"
"demo_6_36",7.87505591793889,0.352237752708063,"Mast"
"demo_6_37",6.06851311612176,0.344649307690389,"Mast"
"demo_6_38",6.36202726641679,-1.11717247109862,"Mast"
"demo_6_39",5.34338621094628,0.396617271686666,"Mast"
"demo_6_40",6.93446550018466,0.218300794734629,"Mast"
"demo_6_41",8.05622756165654,0.391941346791508,"Mast"
"demo_6_42",6.65128323982808,0.0193677718018415,"Mast"
"demo_6_43",7.68064584901441,0.79607432720127,"Mast"
"demo_6_44",5.05000491518878,0.542502911828582,"Mast"
"demo_6_45",6.43085458301449,0.180790974439026,"Mast"
"demo_6_46",8.91776401807018,0.672372029804327,"Mast"
"demo_6_47",7.55395699959084,-1.09940462900585,"Mast"
"demo_6_48",5.1722193455872,-0.469834845902346,"Mast"
"demo_6_49",6.88083248627899,-0.410765360451801,"Mast"
"demo_6_50",8.50329507972796,0.700677013101521,"Mast"
"demo_6_51",6.038910497588,0.28562797145562,"Mast"
"demo_6_52",4.92989033178168,-1.24269778202846,"Mast"
"demo_6_53",8.30530456232138,1.38551030347498,"Mast"
"demo_6_54",8.30862407978842,-2.03253044906796,"Mast"
"demo_6_55",6.95214655730827,2.12695261159301,"Mast"
"demo_6_56",6.4316382005748,-0.64629062444861,"Mast"
"demo_6_57",6.622751996249,-0.268209040542312,"Mast"
"demo_6_58",6.88422781125829,-1.1117949388339,"Mast"
"demo_6_59",7.20093570757061,-1.35089659501749,"Mast"
"demo_6_60",5.00453567762153,0.506269259315867,"Mast"
"demo_6_61",7.8507845411896,-0.677686498906875,"Mast"
"demo_6_62",6.88671178637168,-0.644035386914034,"Mast"
"demo_6_63",6.56945351814458,0.842142234594535,"Mast"
"demo_6_64",5.50663123352595,0.922740409177476,"Mast"
"demo_6_65",6.12744367930088,0.728139910998994,"Mast"
"demo_6_66",9.82506572436517,-0.609094597278152,"Mast"
"demo_6_67",6.40534019957765,1.42170340163061,"Mast"
"demo_6_68",6.63699628498096,0.615266423902728,"Mast"
"demo_6_69",7.04792252185315,-1.30055116531064,"Mast"
"demo_6_70",5.23287569096349,0.319988447315262,"Mast"
"demo_6_71",7.07596394247657,-1.04203757426654,"Mast"
"demo_6_72",6.88498311086984,-0.9938732929511,"Mast"
"demo_6_73",7.85262664786617,0.280779346358316,"Mast"
"demo_6_74",6.53897475309988,-1.16446668869876,"Mast"
"demo_6_75",7.60474026497653,1.26822554096835,"Mast"
"demo_6_76",6.19144916342972,0.323013084297956,"Mast"
"demo_6_77",6.67757092571906,-1.40677779250242,"Mast"
"demo_6_78",7.09996060313177,-0.790558951779836,"Mast"
"demo_6_79",5.9411482291053,0.671914625173278,"Mast"
"demo_6_80",6.23063143073767,0.996168280447319,"Mast"
"demo_6_81",5.94423217408076,1.05154146707113,"Mast"
"demo_6_82",7.89926452814511,1.068681794791,"Mast"
"demo_6_83",6.23190102838234,-0.0600124243534624,"Mast"
"demo_6_84",8.52829238069193,-0.529790260619875,"Mast"
"demo_6_85",6.74159752414163,-0.672247900701359,"Mast"
"demo_6_86",7.18781749389766,-0.504192053204134,"Mast"
"demo_6_87",6.31856658015781,1.1760657774477,"Mast"
"demo_6_88",7.60437123227767,-0.484752691029583,"Mast"
"demo_6_89",7.19694712510332,-0.103146489254494,"Mast"
"demo_6_90",9.13607060520053,-1.18921165343096,"Mast"
"demo_6_91",4.07243669900085,-0.518234859669727,"Mast"
"demo_6_92",6.80771150520749,1.19067403420657,"Mast"
"demo_6_93",6.67478464795647,-0.055856409269971,"Mast"
"demo_6_94",7.08073044497305,0.310917353917474,"Mast"
"demo_6_95",6.74129129656289,-0.272757450937465,"Mast"
"demo_6_96",8.2004227650714,-0.258092990945659,"Mast"
"demo_6_97",7.96279966738615,-0.501147165910451,"Mast"
"demo_6_98",5.6944585763063,0.192177864403396,"Mast"
"demo_6_99",5.70140849584598,-0.881100645738328,"Mast"
"demo_6_100",6.29204040160019,0.70883730136549,"Mast"
"demo_6_101",7.15635431702486,0.611026973375677,"Mast"
"demo_6_102",7.04632096094857,-0.170799126862022,"Mast"
"demo_6_103",7.16406355675637,0.150763533099598,"Mast"
"demo_6_104",7.63357025331631,1.3367737054074,"Mast"
"demo_6_105",7.18159209053887,-0.328945226179683,"Mast"
"demo_6_106",8.30681610375734,0.885792650245475,"Mast"
"demo_6_107",6.85160769620085,-0.096147757646932,"Mast"
"demo_6_108",7.35319435355197,0.480737507811286,"Mast"
"demo_6_109",6.2815819061221,-0.186544035025246,"Mast"
"demo_6_110",6.66863215882158,-0.592670887854861,"Mast"
"demo_6_111",8.16280938622298,0.116413870061173,"Mast"
"demo_6_112",5.15494292951614,-0.165346419506417,"Mast"
"demo_6_113",6.35669398603386,0.138749671733909,"Mast"
"demo_6_114",8.12592214226067,-0.0830559645930937,"Mast"
"demo_6_115",6.43246030900062,-1.00675538934989,"Mast"
"demo_6_116",4.89040314958374,-0.943729577961869,"Mast"
"demo_6_117",8.07544953847416,0.170726729863161,"Mast"
"demo_6_118",6.71033334421002,-0.366079645651075,"Mast"
"demo_6_119",4.98701529173334,-0.423553747856319,"Mast"
"demo_6_120",8.13818757817149,-0.374279160625111,"Mast"
"demo_6_121",7.2385877779011,-0.4107852905936,"Mast"
"demo_6_122",7.30307924003535,0.154472966047001,"Mast"
"demo_6_123",5.64800300878362,0.742373264919719,"Mast"
"demo_6_124",5.57320129990375,-0.662748332032036,"Mast"
"demo_6_125",7.9502582673383,-0.389065417211896,"Mast"
"demo_6_126",7.10066774941841,0.351039400847838,"Mast"
"demo_6_127",7.32655431101765,0.468893039853041,"Mast"
"demo_6_128",7.03248085559928,-0.530280554391247,"Mast"
"demo_6_129",4.09907305807539,-0.00707144425458332,"Mast"
"demo_6_130",7.55900006858459,-0.630277372794001,"Mast"
"demo_6_131",9.30091223156974,-0.34958150011595,"Mast"
"demo_6_132",7.25099622933858,0.876314595094994,"Mast"
"demo_6_133",5.51876202268854,0.726041153714347,"Mast"
"demo_6_134",6.03364343629701,1.95732653193381,"Mast"
"demo_6_135",6.7727600623662,0.242694935838236,"Mast"
"demo_6_136",7.834437053866,1.2467920468537,"Mast"
"demo_6_137",5.82221328842571,-0.996595489920109,"Mast"
"demo_6_138",5.76143818845156,0.647592335279243,"Mast"
"demo_6_139",7.10300144230293,-0.317465518199374,"Mast"
"demo_6_140",7.24771068223677,0.219460362453866,"Mast"
"demo_6_141",7.80084292625857,0.816990508634582,"Mast"
"demo_6_142",6.5384148900499,-0.0139003942634123,"Mast"
"demo_6_143",7.12489693478999,-0.82236820559761,"Mast"
"demo_6_144",8.37363217099763,0.82891303469755,"Mast"
"demo_6_145",6.69636151260366,-0.796613259214095,"Mast"
"demo_6_146",7.22137854144874,-1.09611069903366,"Mast"
"demo_6_147",6.73324034894137,-0.174724413531333,"Mast"
"demo_6_148",7.03180256222578,-0.970495908561873,"Mast"
"demo_6_149",6.94149405885398,0.338422777663457,"Mast"
"demo_6_150",7.12018664960101,-0.946043227726456,"Mast"
"demo_6_151",5.74317005723443,-0.801173044918158,"Mast"
"demo_6_152",6.76157870519718,0.353336787981791,"Mast"
"demo_6_153",8.75982916980802,1.02486387148341,"Mast"
"demo_6_154",7.85870614105507,-0.163505615111094,"Mast"
"demo_6_155",5.4883687284638,0.23898121884336,"Mast"
"demo_6_156",6.4063594893901,0.109779300468291,"Mast"
"demo_6_157",6.25522975997613,0.450168712039161,"Mast"
"demo_6_158",7.67830546890466,0.542433214565654,"Mast"
"demo_6_159",6.25866003069218,0.0666463913571938,"Mast"
"demo_6_160",8.51842507052425,-0.478392777187257,"Mast"
"demo_7_1",-6.62820188808146,4.33322863645701,"Mela"
"demo_7_2",-5.9839597357812,7.00072697298257,"Mela"
"demo_7_3",-8.52412681461492,6.30851164622804,"Mela"
"demo_7_4",-8.38779540083949,4.71438960934009,"Mela"
"demo_7_5",-7.04689112979846,5.71330196499614,"Mela"
"demo_7_6",-4.98334292028213,5.70231065636234,"Mela"
"demo_7_7",-6.71199097247777,5.81862450330268,"Mela"
"demo_7_8",-6.94551785828838,4.74863219650555,"Mela"
"demo_7_9",-7.59362013430871,5.52917122544058,"Mela"
"demo_7_10",-6.80742726517735,6.52359412104822,"Mela"
"demo_7_11",-6.97674771142348,5.66680507158926,"Mela"
"demo_7_12",-5.59518188337074,5.37340598835525,"Mela"
"demo_7_13",-7.99763821468353,6.08529309445711,"Mela"
"demo_7_14",-7.4166583813285,5.94456745554573,"Mela"
"demo_7_15",-7.09895899030789,7.26977890287366,"Mela"
"demo_7_16",-7.23219211229915,5.72694351930399,"Mela"
"demo_7_17",-5.12716177896412,6.00351054322628,"Mela"
"demo_7_18",-7.35195279521936,6.22490765315009,"Mela"
"demo_7_19",-5.95677847457078,5.63685728435514,"Mela"
"demo_7_20",-8.80088676627069,5.12176776814727,"Mela"
"demo_7_21",-6.48060443723933,6.01848616505425,"Mela"
"demo_7_22",-7.76442606686744,7.4957662083428,"Mela"
"demo_7_23",-6.40435301073456,6.60945772441765,"Mela"
"demo_7_24",-7.72172486712426,6.73938405215887,"Mela"
"demo_7_25",-7.15803470187953,5.90998051732859,"Mela"
"demo_7_26",-8.2460328838748,5.89278608399604,"Mela"
"demo_7_27",-6.12559340719529,6.05507942095268,"Mela"
"demo_7_28",-7.12223502273193,3.78637221500787,"Mela"
"demo_7_29",-5.54868380694719,6.51202840800485,"Mela"
"demo_7_30",-5.12068696451855,6.22708074178541,"Mela"
"demo_7_31",-7.11160778025742,6.03994608115434,"Mela"
"demo_7_32",-7.7645658449188,5.08889061468606,"Mela"
"demo_7_33",-6.45032692964877,6.33754962442821,"Mela"
"demo_7_34",-8.40530312229244,6.01570196728043,"Mela"
"demo_7_35",-8.79299228196487,6.00859477073577,"Mela"
"demo_7_36",-6.99702893210929,6.13554371514835,"Mela"
"demo_7_37",-7.60095002311825,5.0257791192812,"Mela"
"demo_7_38",-6.1090032326526,5.72749529134467,"Mela"
"demo_7_39",-7.92834961712412,5.2724438843041,"Mela"
"demo_7_40",-6.82107798771264,6.01571860458169,"Mela"
"demo_7_41",-6.0375732371514,6.47483681503417,"Mela"
"demo_7_42",-7.20228562605954,6.06078929031847,"Mela"
"demo_7_43",-5.85171744526306,5.88320117277177,"Mela"
"demo_7_44",-7.42124014583659,6.25470623201375,"Mela"
"demo_7_45",-8.40778157585809,6.79404598763634,"Mela"
"demo_7_46",-8.24521840677705,5.70319124844277,"Mela"
"demo_7_47",-6.22241081168499,5.45814525681126,"Mela"
"demo_7_48",-6.7680754029683,6.59829675041417,"Mela"
"demo_7_49",-8.0846775217184,5.96333136446592,"Mela"
"demo_7_50",-5.10036781624966,5.60684557807697,"Mela"
"demo_7_51",-7.34778878788788,7.1130555054122,"Mela"
"demo_7_52",-6.15571649920754,6.18242995758885,"Mela"
"demo_7_53",-7.29503942369654,6.31941537986167,"Mela"
"demo_7_54",-5.48873742274603,7.67813906099002,"Mela"
"demo_7_55",-5.73512942976368,6.23417266861567,"Mela"
"demo_7_56",-7.43517320045403,4.86542558929826,"Mela"
"demo_7_57",-7.29565921778077,6.81277448627987,"Mela"
"demo_7_58",-7.88947629620144,7.05859130091016,"Mela"
"demo_7_59",-6.18138108390135,5.59836771152374,"Mela"
"demo_7_60",-6.94167693269431,3.99557163644798,"Mela"
"demo_7_61",-6.27549235690396,5.57475911696381,"Mela"
"demo_7_62",-7.08607000447862,6.72029761925511,"Mela"
"demo_7_63",-7.27932802225246,6.62568965132393,"Mela"
"demo_7_64",-7.70354838482318,6.43993777110798,"Mela"
"demo_7_65",-6.45921379311157,6.53263838140363,"Mela"
"demo_7_66",-7.66967349965802,7.20974153750612,"Mela"
"demo_7_67",-5.74300298206905,6.50763394594316,"Mela"
"demo_7_68",-8.44083814885089,7.2135493558766,"Mela"
"demo_7_69",-6.33544690973944,5.8287561019451,"Mela"
"demo_7_70",-6.71331413370934,6.71646266621567,"Mela"
"demo_7_71",-6.13972942751136,6.40789970137737,"Mela"
"demo_7_72",-4.82518288355645,6.38596008166966,"Mela"
"demo_7_73",-8.5278072661926,6.26127007792316,"Mela"
"demo_7_74",-7.5845325830026,7.17812774417596,"Mela"
"demo_7_75",-7.49423891655629,3.63222045008916,"Mela"
"demo_7_76",-7.54173566863042,6.24227162788311,"Mela"
"demo_7_77",-5.80673073956019,5.89849202949717,"Mela"
"demo_7_78",-5.58678917826808,5.418208704522,"Mela"
"demo_7_79",-5.61924642520381,6.45935291122786,"Mela"
"demo_7_80",-6.80823324751018,5.78530763857147,"Mela"
"demo_7_81",-6.7074699702632,6.89210869134679,"Mela"
"demo_7_82",-6.51838965913675,4.92769208900797,"Mela"
"demo_7_83",-5.42754188087958,5.56395897685633,"Mela"
"demo_7_84",-7.18153200914205,6.51791610109225,"Mela"
"demo_7_85",-6.99484861567171,5.43543976214521,"Mela"
"demo_7_86",-6.92721396130259,5.61267299681062,"Mela"
"demo_7_87",-7.49755530855963,5.58364380921644,"Mela"
"demo_7_88",-5.1899338191629,5.2877275798127,"Mela"
"demo_7_89",-8.33944633095687,6.8906294540478,"Mela"
"demo_7_90",-7.4005641395148,5.83493395336555,"Mela"
"demo_7_91",-5.78438038085442,7.01333149554326,"Mela"
"demo_7_92",-7.35816088926601,5.84990194312036,"Mela"
"demo_7_93",-6.52218030585849,5.13549312276942,"Mela"
"demo_7_94",-4.79558761611175,5.46110687184722,"Mela"
"demo_7_95",-6.6860481356499,4.84383778906902,"Mela"
"demo_7_96",-8.497322132216,5.94443976155769,"Mela"
"demo_7_97",-6.62433052771404,5.56465582399999,"Mela"
"demo_7_98",-6.00470992210175,5.63825642169427,"Mela"
"demo_7_99",-7.76840987229742,6.18929168084262,"Mela"
"demo_7_100",-6.16209232757049,6.41077282812168,"Mela"
"demo_7_101",-7.22905940729303,5.67406550839902,"Mela"
"demo_7_102",-8.00794805673245,7.06694006223299,"Mela"
"demo_7_103",-8.24547860986946,4.46713236184277,"Mela"
"demo_7_104",-7.45329759582751,5.79841140603529,"Mela"
"demo_7_105",-4.42866092703784,6.42804238573272,"Mela"
"demo_7_106",-6.05979555662255,5.30608561716347,"Mela"
"demo_7_107",-7.11482980654917,6.2074355301545,"Mela"
"demo_7_108",-7.59525409527633,7.49947087963304,"Mela"
"demo_7_109",-6.44245936393907,4.55775011350656,"Mela"
"demo_7_110",-7.15319490527283,6.7535221472228,"Mela"
"demo_7_111",-6.64754060209769,5.14827330474432,"Mela"
"demo_7_112",-7.65025099555849,7.75071754127044,"Mela"
"demo_7_113",-8.04938789102499,5.07308737182822,"Mela"
"demo_7_114",-6.86709908540361,6.21370344952429,"Mela"
"demo_7_115",-3.75847469720263,5.23795670369925,"Mela"
"demo_7_116",-5.66156476334129,6.53083628294286,"Mela"
"demo_7_117",-6.68788512775967,6.95779585839687,"Mela"
"demo_7_118",-6.80789074792331,6.64995899404077,"Mela"
"demo_7_119",-8.57517985056865,6.55403136609653,"Mela"
"demo_7_120",-6.19953668229267,5.27091432266648,"Mela"
"demo_7_121",-8.60955566704665,5.31764066777349,"Mela"
"demo_7_122",-6.91096172683809,5.72044929587027,"Mela"
"demo_7_123",-8.04869032285027,5.2383751061599,"Mela"
"demo_7_124",-6.48692342961738,5.84302680119031,"Mela"
"demo_7_125",-7.32272287946902,5.51521743718114,"Mela"
"demo_7_126",-7.0827315466795,5.02507368229627,"Mela"
"demo_7_127",-7.75017352513926,4.74573332350291,"Mela"
"demo_7_128",-6.24205400139127,5.01777843108374,"Mela"
"demo_7_129",-7.6402666428353,6.06613566877648,"Mela"
"demo_7_130",-5.2162077135778,4.9348072818199,"Mela"
"demo_7_131",-6.52748336569933,5.50442252513253,"Mela"
"demo_7_132",-6.66182654898203,7.73564406427678,"Mela"
"demo_7_133",-7.79819251671746,6.2123827518162,"Mela"
"demo_7_134",-6.06301605621813,6.17685292586423,"Mela"
"demo_7_135",-6.19704562918527,6.20844749390329,"Mela"
"demo_7_136",-7.63950750150812,6.54365605412791,"Mela"
"demo_7_137",-6.68211232848209,5.97375667894654,"Mela"
"demo_7_138",-7.53801496604707,6.49947448805902,"Mela"
"demo_7_139",-5.8633744580173,4.96384737651432,"Mela"
"demo_7_140",-6.35381515876221,6.62808344574228,"Mela"
"demo_7_141",-6.17182061647846,5.0479113068311,"Mela"
"demo_7_142",-6.40847127120175,7.14053015167024,"Mela"
"demo_7_143",-7.41871598147011,6.44432598858856,"Mela"
"demo_7_144",-7.60214726503752,6.74180929442483,"Mela"
"demo_7_145",-6.92416706531925,6.08563902229513,"Mela"
"demo_7_146",-6.21444191732567,6.80352202961944,"Mela"
"demo_7_147",-6.48022585448265,5.01609777714082,"Mela"
"demo_7_148",-7.21630151036763,5.20329666391644,"Mela"
"demo_7_149",-8.1809251842005,4.71253776823537,"Mela"
"demo_7_150",-6.2382813206112,6.34565773519746,"Mela"
"demo_7_151",-8.35769803766494,5.84538168085157,"Mela"
"demo_7_152",-6.16091501554027,6.13007060562716,"Mela"
"demo_7_153",-5.87137536952536,6.56516097934585,"Mela"
"demo_7_154",-5.6119898391347,5.87843374210221,"Mela"
"demo_7_155",-7.79808768243496,4.72822800912666,"Mela"
"demo_7_156",-6.05275515539105,6.36412482652371,"Mela"
"demo_7_157",-7.42341490971413,6.05722437715057,"Mela"
"demo_7_158",-7.67382090069163,6.04117007472476,"Mela"
"demo_7_159",-10.20934045736,5.60124369148421,"Mela"
"demo_7_160",-8.96781810622582,6.0964337009665,"Mela"
"demo_8_1",-2.16851232126204,5.76278684008173,"Musc"
"demo_8_2",-0.524021167937303,5.03537446340953,"Musc"
"demo_8_3",1.07426265743015,4.87191985543125,"Musc"
"demo_8_4",0.134739033723694,5.37204402203306,"Musc"
"demo_8_5",0.227786585643208,6.91543452767511,"Musc"
"demo_8_6",-1.8722443737109,6.32760809812832,"Musc"
"demo_8_7",-1.42025456094328,7.28189911498787,"Musc"
"demo_8_8",0.903889888376611,8.03991664205179,"Musc"
"demo_8_9",0.0167320212927946,7.71459389633107,"Musc"
"demo_8_10",0.536912909765807,6.25207309395122,"Musc"
"demo_8_11",-0.45348727537727,5.05054538993897,"Musc"
"demo_8_12",-0.603010692234154,4.35627088585308,"Musc"
"demo_8_13",0.367540055065329,5.67521744680752,"Musc"
"demo_8_14",0.639487598392151,6.46656397319905,"Musc"
"demo_8_15",0.277422525052361,5.50958313599923,"Musc"
"demo_8_16",0.602458178428828,7.15560159499382,"Musc"
"demo_8_17",1.26606168175728,4.7926403521059,"Musc"
"demo_8_18",1.30102209229185,4.06827282440748,"Musc"
"demo_8_19",1.34350469752464,5.19391600283553,"Musc"
"demo_8_20",1.50592194684708,6.74806229147354,"Musc"
"demo_8_21",1.38391767083309,5.92481613747788,"Musc"
"demo_8_22",-1.06375594158547,6.01353771505778,"Musc"
"demo_8_23",0.694767751994732,7.37522804516437,"Musc"
"demo_8_24",-1.19935907455416,5.52712402594416,"Musc"
"demo_8_25",-0.0365854728406813,7.42184338890421,"Musc"
"demo_8_26",-1.92642279295613,6.23455859107625,"Musc"
"demo_8_27",-0.349322520986162,6.7717039225977,"Musc"
"demo_8_28",0.164012727656272,5.00727876552972,"Musc"
"demo_8_29",1.02929951910801,6.48574932402374,"Musc"
"demo_8_30",0.0548881938255863,6.04780281886125,"Musc"
"demo_8_31",2.8026057323474,7.72229406667062,"Musc"
"demo_8_32",0.109915399721061,6.79010313278495,"Musc"
"demo_8_33",0.523066753627955,4.81188997064597,"Musc"
"demo_8_34",1.58895998927301,5.25209565285104,"Musc"
"demo_8_35",-0.933679319229534,7.01830920188869,"Musc"
"demo_8_36",-0.084151830099943,7.12773883845298,"Musc"
"demo_8_37",2.26976130898221,4.52887300053118,"Musc"
"demo_8_38",0.14269838806749,6.64289292932006,"Musc"
"demo_8_39",-0.381278915644249,5.71777393813418,"Musc"
"demo_8_40",-2.52968543078913,6.23769042167443,"Musc"
"demo_8_41",1.02966872382645,5.76058598776868,"Musc"
"demo_8_42",-0.994023952710474,4.49385002307829,"Musc"
"demo_8_43",-1.72996099505424,6.03309711345013,"Musc"
"demo_8_44",-1.71427679988346,5.79718380141143,"Musc"
"demo_8_45",3.03980204330724,5.68685617423569,"Musc"
"demo_8_46",-1.4630313428087,6.18397907341688,"Musc"
"demo_8_47",1.00695050611344,6.0363362161911,"Musc"
"demo_8_48",-0.631171237281292,5.72830860560772,"Musc"
"demo_8_49",-0.164176067722633,6.15681871096101,"Musc"
"demo_8_50",-0.743505100739562,5.99043909288466,"Musc"
"demo_8_51",-0.835763125764079,5.6807520592953,"Musc"
"demo_8_52",0.396493483387252,5.32392596119657,"Musc"
"demo_8_53",-0.301031673528496,5.66184111952425,"Musc"
"demo_8_54",-0.768469264582739,7.17161233344666,"Musc"
"demo_8_55",0.306201484095408,5.56260632098654,"Musc"
"demo_8_56",0.895044375432946,7.63988476073307,"Musc"
"demo_8_57",0.372545630897623,5.66618885073018,"Musc"
"demo_8_58",-0.490397120065274,6.74598434187641,"Musc"
"demo_8_59",-1.02151761717787,4.28581229789604,"Musc"
"demo_8_60",0.65828748075792,8.54418428473395,"Musc"
"demo_8_61",0.269002029622367,4.58681091723687,"Musc"
"demo_8_62",0.582808316356174,6.72183186204503,"Musc"
"demo_8_63",0.98839776819473,4.37539344304052,"Musc"
"demo_8_64",1.07001199254872,6.37724840224596,"Musc"
"demo_8_65",1.35342231451044,5.5838474114975,"Musc"
"demo_8_66",0.647812993872012,6.96779979850256,"Musc"
"demo_8_67",1.18986222709414,6.16543578625099,"Musc"
"demo_8_68",0.613134087485167,4.89008063769443,"Musc"
"demo_8_69",-0.581642446003468,7.77323895524059,"Musc"
"demo_8_70",-0.332122135640239,6.40866765248348,"Musc"
"demo_8_71",-1.53213210337129,6.40477359386448,"Musc"
"demo_8_72",-1.32732654016661,4.21484137024153,"Musc"
"demo_8_73",0.30601693017767,6.00510567189396,"Musc"
"demo_8_74",0.865343720009724,6.14868779715283,"Musc"
"demo_8_75",1.99018104282097,5.59263985993572,"Musc"
"demo_8_76",-2.16680669397948,4.89922476080123,"Musc"
"demo_8_77",-1.64904599155966,6.57545330894779,"Musc"
"demo_8_78",2.45983595237887,8.01063785703758,"Musc"
"demo_8_79",0.761833699447193,6.77608478228897,"Musc"
"demo_8_80",-1.74830444730082,5.52957943938543,"Musc"
"demo_8_81",-1.3806876083086,5.27354349287998,"Musc"
"demo_8_82",2.45057062771557,4.70167989020899,"Musc"
"demo_8_83",-1.03724979516,5.73749668224618,"Musc"
"demo_8_84",-0.532258920748845,5.30477626981277,"Musc"
"demo_8_85",0.310610669133596,7.71775349480229,"Musc"
"demo_8_86",0.459886837825352,5.40270527266562,"Musc"
"demo_8_87",0.480581775986995,7.84450655450393,"Musc"
"demo_8_88",0.487198722470442,6.34545638687644,"Musc"
"demo_8_89",1.02398102189354,6.00792990244684,"Musc"
"demo_8_90",-1.05976358223837,5.40672133192513,"Musc"
"demo_8_91",-0.60632796065024,4.6402014734124,"Musc"
"demo_8_92",0.494816302558289,7.06871938727278,"Musc"
"demo_8_93",1.60771878162889,7.28036744153025,"Musc"
"demo_8_94",-1.04997074840925,5.16019132333913,"Musc"
"demo_8_95",0.64673120375838,6.24346634653734,"Musc"
"demo_8_96",-0.455788477044035,8.37214301118014,"Musc"
"demo_8_97",-0.803046331220697,6.18007798243984,"Musc"
"demo_8_98",0.0309105717061258,5.61362439823599,"Musc"
"demo_8_99",1.32697264732269,6.78268381184856,"Musc"
"demo_8_100",1.13967772786629,5.7549477535099,"Musc"
"demo_8_101",-2.6212714446302,6.57235183415407,"Musc"
"demo_8_102",1.49006925171293,6.2560725753917,"Musc"
"demo_8_103",0.187696009146559,6.34293017267875,"Musc"
"demo_8_104",1.35965700099434,6.62038223120797,"Musc"
"demo_8_105",0.568274335352532,6.74075879489093,"Musc"
"demo_8_106",-1.34154518627884,6.02910354737698,"Musc"
"demo_8_107",-1.046384696333,4.1886584496127,"Musc"
"demo_8_108",0.517678101994659,5.72303518723152,"Musc"
"demo_8_109",-1.7281997151455,4.99541479968386,"Musc"
"demo_8_110",0.568718484925938,5.14298685039953,"Musc"
"demo_8_111",0.159112938166944,7.35381273433722,"Musc"
"demo_8_112",-3.22169012642779,7.23397947235062,"Musc"
"demo_8_113",-1.07942731269805,6.56321672599757,"Musc"
"demo_8_114",1.49901158328715,5.67732948619152,"Musc"
"demo_8_115",2.27190717146676,6.54625083284436,"Musc"
"demo_8_116",-0.153362963824721,5.45926017779167,"Musc"
"demo_8_117",-1.90172088232637,6.29474302647677,"Musc"
"demo_8_118",0.141991752897211,4.91193020296074,"Musc"
"demo_8_119",-0.396892698233532,5.69518486972958,"Musc"
"demo_8_120",2.65785711400806,6.16394842926743,"Musc"
"demo_8_121",1.49528498483661,6.11620722813696,"Musc"
"demo_8_122",1.5588730499495,6.86482105437436,"Musc"
"demo_8_123",0.188919555830772,5.69536654180958,"Musc"
"demo_8_124",-0.310586257398433,5.76751241253423,"Musc"
"demo_8_125",-0.376598301337731,6.33186594055881,"Musc"
"demo_8_126",0.279339600124732,6.783797728053,"Musc"
"demo_8_127",-0.215822589323564,6.34780276453813,"Musc"
"demo_8_128",-0.916889103123156,6.82282929410276,"Musc"
"demo_8_129",-0.930161293827635,7.03467814611595,"Musc"
"demo_8_130",1.8506425911549,5.09986126174131,"Musc"
"demo_8_131",1.41069537570504,6.21391497236757,"Musc"
"demo_8_132",-0.739926498480266,6.7422027106219,"Musc"
"demo_8_133",-1.04775543742002,6.02750453352361,"Musc"
"demo_8_134",0.279468266318994,7.48252573777762,"Musc"
"demo_8_135",-1.38415162372946,6.60949176403689,"Musc"
"demo_8_136",-0.922465745999824,7.69066535621507,"Musc"
"demo_8_137",0.974207525212908,6.06569822536692,"Musc"
"demo_8_138",1.05891304283839,5.26978276102773,"Musc"
"demo_8_139",-0.37876833258295,6.8968382778919,"Musc"
"demo_8_140",-1.5044058501138,4.2039697441958,"Musc"
"demo_8_141",0.985114256669448,4.88673491548204,"Musc"
"demo_8_142",-1.31414484582301,5.26401832663734,"Musc"
"demo_8_143",1.06256034974947,6.23298941398033,"Musc"
"demo_8_144",-1.97694811747363,6.43101731893178,"Musc"
"demo_8_145",-1.05261541675499,6.26204762251543,"Musc"
"demo_8_146",0.420157267729099,4.87856517369138,"Musc"
"demo_8_147",-0.705090011486345,6.78931002955053,"Musc"
"demo_8_148",0.217142625874527,5.42639067021646,"Musc"
"demo_8_149",0.147068353475354,6.81054772001643,"Musc"
"demo_8_150",2.02857930920987,6.52397015993389,"Musc"
"demo_8_151",-1.13490966926746,5.21622347778861,"Musc"
"demo_8_152",-1.06429435487859,6.42714388568088,"Musc"
"demo_8_153",0.152142824808503,6.25363355450216,"Musc"
"demo_8_154",-0.550655631223603,6.36746691469556,"Musc"
"demo_8_155",-0.950084110717092,6.76278327710828,"Musc"
"demo_8_156",1.72577079217871,7.07043455123421,"Musc"
"demo_8_157",-0.380550563038477,6.65257276461124,"Musc"
"demo_8_158",-0.656794101378223,6.0811932308402,"Musc"
"demo_8_159",2.11062161503815,5.88268229993237,"Musc"
"demo_8_160",-0.901605120134139,6.17852100294943,"Musc"
"demo_9_1",8.98677852564753,6.82319004922938,"Tcell"
"demo_9_2",7.08785959560545,6.92092913867891,"Tcell"
"demo_9_3",7.0972277008098,5.72875398610084,"Tcell"
"demo_9_4",5.38930315018068,7.63098055212804,"Tcell"
"demo_9_5",6.83793577606195,5.07644315810028,"Tcell"
"demo_9_6",4.45696157921565,4.92687426762201,"Tcell"
"demo_9_7",6.75498172765847,5.12889746697573,"Tcell"
"demo_9_8",4.82532713753274,5.21310792091614,"Tcell"
"demo_9_9",4.84387743301883,6.19991658974038,"Tcell"
"demo_9_10",8.07268428620976,5.68194974234275,"Tcell"
"demo_9_11",6.88082680348125,5.50760076237526,"Tcell"
"demo_9_12",7.48565415546557,7.06421780247751,"Tcell"
"demo_9_13",8.38673622572261,5.52840565149825,"Tcell"
"demo_9_14",7.37559072321118,6.12784117811747,"Tcell"
"demo_9_15",7.1301787915434,6.05855963114323,"Tcell"
"demo_9_16",7.83374809003644,4.60382829542472,"Tcell"
"demo_9_17",6.02334185681989,5.7570017659916,"Tcell"
"demo_9_18",8.25473255047252,6.23423516298271,"Tcell"
"demo_9_19",6.63334961966194,6.82774291951526,"Tcell"
"demo_9_20",5.52717582957442,5.80659039676771,"Tcell"
"demo_9_21",6.47301551342721,5.8511440979792,"Tcell"
"demo_9_22",10.3880869754211,6.04869628236983,"Tcell"
"demo_9_23",7.60126966090064,4.43425495472881,"Tcell"
"demo_9_24",9.2473807688166,5.7887272676583,"Tcell"
"demo_9_25",7.07170019112605,5.98272695807592,"Tcell"
"demo_9_26",7.78624013329103,6.53708554392854,"Tcell"
"demo_9_27",8.04832931216761,4.11739320043416,"Tcell"
"demo_9_28",8.93403928341024,7.49211635863147,"Tcell"
"demo_9_29",9.09242029852985,6.81248769456389,"Tcell"
"demo_9_30",7.92191213643412,7.15044603476307,"Tcell"
"demo_9_31",6.14736518247484,6.85364486911628,"Tcell"
"demo_9_32",7.32961776378268,5.93057278894717,"Tcell"
"demo_9_33",6.26855027510628,6.50459365670972,"Tcell"
"demo_9_34",8.86910867855447,5.91300946571069,"Tcell"
"demo_9_35",5.52185834396125,4.1548659470117,"Tcell"
"demo_9_36",5.54047845531227,5.4469591885283,"Tcell"
"demo_9_37",6.71939764450459,4.74624950866774,"Tcell"
"demo_9_38",8.9060497604299,6.95399052199713,"Tcell"
"demo_9_39",7.62355792121353,6.30041840288935,"Tcell"
"demo_9_40",6.31655430241024,6.24665163828471,"Tcell"
"demo_9_41",7.13195993560549,7.05051313766806,"Tcell"
"demo_9_42",5.49546569244091,6.52730532116527,"Tcell"
"demo_9_43",7.25126567400798,5.98387844072409,"Tcell"
"demo_9_44",7.44108031803675,5.82177100128286,"Tcell"
"demo_9_45",6.82062314785014,4.5474289650171,"Tcell"
"demo_9_46",8.05068844632946,6.51448281180745,"Tcell"
"demo_9_47",5.62830821393709,7.23208336992934,"Tcell"
"demo_9_48",9.47260875404784,5.41655623599372,"Tcell"
"demo_9_49",6.19339622904312,5.79628593284985,"Tcell"
"demo_9_50",5.27358090518857,5.66067409253323,"Tcell"
"demo_9_51",8.57174156907781,5.26176732360429,"Tcell"
"demo_9_52",6.28122158700063,5.72080172069991,"Tcell"
"demo_9_53",5.95019880352978,6.23367373960914,"Tcell"
"demo_9_54",7.09949850364364,6.839842357136,"Tcell"
"demo_9_55",7.4390374051327,6.90600827484079,"Tcell"
"demo_9_56",8.16146679898288,5.73821390095286,"Tcell"
"demo_9_57",6.80056303941896,6.36351166572166,"Tcell"
"demo_9_58",7.11818729207145,6.14262116705902,"Tcell"
"demo_9_59",5.53694708152513,6.42377840621548,"Tcell"
"demo_9_60",5.96862780774724,5.85265667934835,"Tcell"
"demo_9_61",7.83681438618596,5.07661217236911,"Tcell"
"demo_9_62",8.34888597850929,7.2191574922512,"Tcell"
"demo_9_63",6.79292304861853,6.17128894129318,"Tcell"
"demo_9_64",8.20187993371545,6.98591692528661,"Tcell"
"demo_9_65",5.45588106204012,5.84323431626099,"Tcell"
"demo_9_66",9.34805337082733,7.05503491366035,"Tcell"
"demo_9_67",5.72789538296677,6.40002876926315,"Tcell"
"demo_9_68",8.4560379747708,6.7054439519551,"Tcell"
"demo_9_69",8.08994302559344,6.68464820840993,"Tcell"
"demo_9_70",5.68546139756941,6.25089768267348,"Tcell"
"demo_9_71",6.88331415893737,6.05619524735121,"Tcell"
"demo_9_72",6.85006479894547,6.35125288974709,"Tcell"
"demo_9_73",5.88922499957904,6.12028988590304,"Tcell"
"demo_9_74",7.77688743441345,4.36974690208768,"Tcell"
"demo_9_75",7.04190417368025,6.26487042046186,"Tcell"
"demo_9_76",7.72281031275498,7.36043562608424,"Tcell"
"demo_9_77",6.66947763116953,5.78752306118268,"Tcell"
"demo_9_78",7.74194786721285,5.48946188397404,"Tcell"
"demo_9_79",6.70109986310198,7.12330455950139,"Tcell"
"demo_9_80",8.6749180703273,6.64829713228223,"Tcell"
"demo_9_81",6.37369872376231,5.7173554597318,"Tcell"
"demo_9_82",7.45123512937535,6.0574517615231,"Tcell"
"demo_9_83",7.48482562168063,5.88135891893517,"Tcell"
"demo_9_84",5.40216349586257,5.19995905447635,"Tcell"
"demo_9_85",5.64760884049216,6.37168402612743,"Tcell"
"demo_9_86",6.66829481228712,7.28102760834454,"Tcell"
"demo_9_87",6.36678805158724,5.87393477267453,"Tcell"
"demo_9_88",7.1260517031297,6.08169242222659,"Tcell"
"demo_9_89",6.01503793924716,6.31511650772073,"Tcell"
"demo_9_90",7.58602030016538,7.05904083509422,"Tcell"
"demo_9_91",8.1255276727064,6.13943433149683,"Tcell"
"demo_9_92",6.70723094933731,6.14374102770446,"Tcell"
"demo_9_93",8.82224403868645,5.25963753105218,"Tcell"
"demo_9_94",7.33075259373079,5.84680661886994,"Tcell"
"demo_9_95",5.07974847003766,6.04488495362857,"Tcell"
"demo_9_96",5.87817285625304,6.10507228969128,"Tcell"
"demo_9_97",7.82322401013396,7.11699377002227,"Tcell"
"demo_9_98",7.98725191515696,4.97827944683557,"Tcell"
"demo_9_99",6.59351344151934,6.09001157838508,"Tcell"
"demo_9_100",7.72078334990927,7.06928139993301,"Tcell"
"demo_9_101",5.79748743105478,5.43241516245373,"Tcell"
"demo_9_102",6.60632065160009,6.0248964835511,"Tcell"
"demo_9_103",7.75388834750565,6.50653005550834,"Tcell"
"demo_9_104",7.88885398275657,5.8308615023818,"Tcell"
"demo_9_105",7.10707004462837,5.46530213919318,"Tcell"
"demo_9_106",5.93974485063927,5.61886835815866,"Tcell"
"demo_9_107",7.91275381617221,5.03756347137519,"Tcell"
"demo_9_108",6.42020288883321,5.16070558495864,"Tcell"
"demo_9_109",6.87434705665082,6.68172205005112,"Tcell"
"demo_9_110",7.18536684768397,6.36469846338201,"Tcell"
"demo_9_111",6.51536758830422,5.82322482298118,"Tcell"
"demo_9_112",7.72528466215532,4.92173102513744,"Tcell"
"demo_9_113",6.14214312163656,5.7093476339252,"Tcell"
"demo_9_114",4.66549792993864,4.81800614010816,"Tcell"
"demo_9_115",5.49088599309012,6.10021609242428,"Tcell"
"demo_9_116",6.7987808640654,6.61997862163041,"Tcell"
"demo_9_117",6.70556486999519,5.83268908658927,"Tcell"
"demo_9_118",5.62115674014715,6.90170285396275,"Tcell"
"demo_9_119",8.6716780611689,6.90029235099388,"Tcell"
"demo_9_120",5.34098177784373,5.5289745978195,"Tcell"
"demo_9_121",7.13455574979193,6.06774679714791,"Tcell"
"demo_9_122",7.57783939557735,5.1921820899637,"Tcell"
"demo_9_123",7.09492737468767,8.06326289176385,"Tcell"
"demo_9_124",9.22034799691878,7.42984292114624,"Tcell"
"demo_9_125",7.02825887089221,5.1425112274595,"Tcell"
"demo_9_126",7.4361894705332,6.10464928013297,"Tcell"
"demo_9_127",7.39028764874417,6.64113820398305,"Tcell"
"demo_9_128",8.67133018166067,7.23189279291475,"Tcell"
"demo_9_129",6.76664301485317,5.52109114584337,"Tcell"
"demo_9_130",7.73403944934618,6.3286409415367,"Tcell"
"demo_9_131",6.29713143120532,6.26997347133196,"Tcell"
"demo_9_132",7.35220088903115,6.24212053718096,"Tcell"
"demo_9_133",7.44141356748852,5.91375917930595,"Tcell"
"demo_9_134",8.31264424132848,6.58635148877754,"Tcell"
"demo_9_135",7.82907532038588,5.55826162206531,"Tcell"
"demo_9_136",7.09149699599427,5.35849668467922,"Tcell"
"demo_9_137",6.82391058237855,5.82039701960688,"Tcell"
"demo_9_138",5.4240522133821,3.64491711445557,"Tcell"
"demo_9_139",8.89011015836027,6.62206256026776,"Tcell"
"demo_9_140",8.27415746635621,6.0785612336942,"Tcell"
"demo_9_141",7.37548997781117,6.17300283977933,"Tcell"
"demo_9_142",7.72077716116116,5.76193419578117,"Tcell"
"demo_9_143",7.10981791673474,6.14489449809425,"Tcell"
"demo_9_144",6.28133321310516,5.76574165947179,"Tcell"
"demo_9_145",7.999285740288,6.54379405331407,"Tcell"
"demo_9_146",7.32016435997586,6.00191822946037,"Tcell"
"demo_9_147",8.34135391715876,5.70508742441959,"Tcell"
"demo_9_148",6.67645363945601,6.53664977791466,"Tcell"
"demo_9_149",6.67462392015141,5.99603352076779,"Tcell"
"demo_9_150",6.50526630400776,5.57646930213636,"Tcell"
"demo_9_151",6.079393383147,5.79064162772596,"Tcell"
"demo_9_152",5.79954488597828,6.4051688812048,"Tcell"
"demo_9_153",6.07692477543585,5.93761657157357,"Tcell"
"demo_9_154",8.36989479183315,6.65128706678314,"Tcell"
"demo_9_155",6.94022015786432,5.3627213475474,"Tcell"
"demo_9_156",9.39391666483298,6.10755561964958,"Tcell"
"demo_9_157",8.26495946531436,6.60809736379109,"Tcell"
"demo_9_158",5.07216505456751,6.03600816998566,"Tcell"
"demo_9_159",6.80244169107239,7.18878369671105,"Tcell"
"demo_9_160",8.33742440576067,6.73887136509379,"Tcell"
