"celltype","marker"
"Endo","TM4SF1"
"Endo","AQP1"
"Endo","IFI27"
"Endo","PECAM1"
"Endo","FLT1"
"Fib","CFD"
"Fib","DCN"
"Fib","COL1A2"
"Fib","APOD"
"Fib","COL1A1"
"Musc","TAGLN"
"Musc","ACTA2"
"Musc","MYL9"
"Musc","TPM2"
"Musc","C11orf96"
"Ker","KRT14"
"Ker","KRT5"
"Ker","KRT10"
"Ker","S100A2"
"Ker","SFN"
"APCs","HLA-DRA"
"APCs","LYZ"
"APCs","HLA-DPB1"
"APCs","HLA-DPA1"
"APCs","HLA-DQA1"
"Tcell","PTPRC"
"Tcell","IL32"
"Tcell","CXCR4"
"Tcell","CD52"
"Tcell","ARHGDIB"
"Mast","HPGD"
"Mast","CPA3"
"Mast","CTSG"
"Mast","TPSAB1"
"Mast","TPSB2"
"LY","CCL21"
"LY","TFF3"
"LY","MMRN1"
"LY","FABP4"
"LY","TFPI"
"Mela","DCT"
"Mela","TYRP1"
"Mela","PMEL"
"Mela","MLANA"
"Mela","GPM6B"
