gene,HC1,HC2,HC3,HC4,HC5,HC6,TL1,TL2,TL3,TL4,TL5,TL6
HSPB11,26.623466,21.615425,13.463866,16.486864,16.060949,17.465746,2.578852,1.65075,2.888607,1.976194,1.751502,2.107988
SRSF11,1.854543,1.465497,0.999349,1.562061,1.30412,1.961083,30.041443,24.511257,17.130224,17.299818,17.656954,22.155062
ZRANB2,2.509249,1.380249,0.638656,0.996579,1.634362,1.240435,84.082458,82.477287,93.242416,76.628395,88.638054,77.561928
ODF2L,0.191475,0.106128,0.064125,0.097756,0.100405,0.101128,0.536849,0.266676,0.128898,0.172612,0.269793,0.295487
RPL5,8.708465,9.66556,9.998042,11.407354,9.68046,10.569594,0.02953,0,0.026895,0.010745,0.014384,0
SARS,39.253391,27.616093,18.000708,23.878456,25.250666,22.064638,31.410704,37.339458,26.709742,24.728872,30.432579,24.596542
PSMA5,9.205293,7.370872,5.954154,5.565976,5.169223,7.403206,9.700263,16.188192,8.200604,12.531581,13.566342,10.747544
DENND2D,5.095675,4.322187,3.416721,4.577209,5.028498,5.208418,2.095159,2.937475,1.865864,3.305578,1.835603,3.087895
ATP5F1,87.651749,67.738136,28.928024,69.563995,77.604065,70.103264,3.930428,6.759473,4.532243,9.083838,4.73755,6.067962
ATP1A1,8.352884,8.894047,5.975278,8.378485,5.450051,8.151481,13.350268,9.861547,14.305051,20.441158,11.59756,16.653967
CD2,0.045763,0.010656,0.019434,0.01886,0.043386,0.029841,10.316669,8.448512,6.745488,7.798415,7.811625,8.422802
ANP32E,5.013658,5.161514,5.699027,4.023182,2.679229,4.477022,8.837487,9.651259,9.792855,10.285944,9.189125,9.106748
CTSS,3.641752,2.932762,0.823984,1.429027,1.752853,1.975928,0.721946,0.248318,0.178913,0.162527,0.274354,0.136231
THEM4,4.676261,3.262305,5.342909,2.483851,3.457502,3.944992,34.905621,24.928434,18.779943,25.692461,26.566288,23.797367
S100A10,4.753474,7.168103,10.741871,5.132893,4.694495,4.956097,18.351526,15.528274,7.931077,12.155105,13.099126,11.987023
S100A11,8.06176,8.519287,5.994925,6.761618,6.316136,7.260657,91.571823,121.250557,40.609768,129.773621,152.364441,148.774307
S100A9,2.279762,2.885798,1.743742,2.122585,1.783411,2.328239,6.510613,5.723873,2.296615,3.948021,4.43512,4.295173
S100A8,4.327527,3.903838,1.995709,3.986186,3.026748,4.052563,4.838933,3.207565,4.85397,5.12689,3.837857,5.852046
ILF2,4.877378,4.895078,4.35026,4.210949,3.206575,4.401865,2.101384,0.066816,3.129544,2.606178,0.442385,4.578216
RPS27,4.171442,2.725496,3.460922,2.013295,2.07197,2.285482,17.076883,15.442681,7.691702,12.493103,12.65863,11.283791
HAX1,0.011275,0.015199,0,0,0.000252,0,9.034947,4.512961,3.294235,5.310515,4.896779,3.69609
PBXIP1,0,0.000844,0,0.001701,0.004627,0.003757,48.73349,51.441025,28.421814,36.834377,29.291571,36.977528
KRTCAP2,1.372999,1.30016,1.46467,1.445733,1.340663,1.365188,4.653342,5.415516,9.217987,7.296537,5.364603,7.960084
FDPS,9.692337,8.871056,6.570746,9.014935,7.332655,8.68479,7.838068,5.364077,5.022947,4.647881,5.485219,4.148611
