gene,a,b,c
ACPP,0.07013266666666666,0.12924566666666668,0.10546
LILRA5,2.1571736666666665,1.5414700000000001,1.1783226666666666
MIR577,15.508986333333333,15.524834333333333,14.366857666666666
SNORD42B,32.375164000000005,29.793544666666666,28.854731333333334
MIR124-2HG,0.29974300000000004,0.22695433333333334,0.28564533333333336
HLA-DOA,1.063108,1.4019313333333334,1.4908530000000002
FABP12,9.342279,9.352511666666667,9.00525
MIR15A,9.456760000000001,11.246106333333332,13.008505
GAS7,0.5298926666666667,0.15388633333333332,0.22867933333333335
KCNK1,0.13902466666666666,0.04323833333333333,0.025128666666666664
ECM2,1.4553883333333335,1.4159946666666665,1.1391086666666668
UBE2E3,0.029395,0.04803166666666667,0.023483666666666667
SNHG3,2.263588,2.886678,4.178300666666667
PLGLA,0.13862100000000002,0.059657999999999996,0.12478166666666667
TRIM63,7.149012,9.042734000000001,12.089055
SLC26A1,6.602465333333334,5.066841,7.397677666666667
HIST1H4L,1.3570743333333333,1.9003683333333334,2.101484333333333
RNU105C,2.0570056666666665,1.9007556666666667,2.688924
LOC401554,5.626521666666666,6.5456199999999995,4.52151
FAM86B3P,33.41798933333333,22.69129266666667,20.350792666666667
STEAP4,6.470378666666666,6.385097666666667,6.208201666666667
ERCC4,10.842176666666667,9.578764999999999,8.320301
GAPDHS,1.0883716666666667,1.0478926666666666,0.8056006666666667
SERPINB6,5.1928453333333335,3.247403,3.9120103333333334
HMHB1,0.8370226666666666,0.8459873333333334,0.7996386666666666
HAO2,0.443932,0.7415630000000001,0.31640066666666666
OR9I1,0.21745933333333334,0.29514833333333335,0.31863800000000003
WISP3,5.347207666666667,4.563381333333333,5.0578916666666665
UNC79,36.443751,28.061546333333336,31.04420966666667
TAS2R41,0.20621966666666666,0.07918133333333333,0.26661833333333335
SMC1B,0.22082900000000003,0.088822,0.16073033333333334
MAP1LC3B2,0.03880733333333333,0.022893999999999998,0.043648
FGB,7.934457666666667,10.587201333333333,17.380902666666667
C4orf22,24.417798333333334,28.585474666666666,26.760628333333333
C2orf81,18.079806333333334,18.222200333333333,18.511922333333334
PACRG-AS1,3.4371430000000003,3.6219446666666664,3.1541293333333336
BEND6,44.89696866666666,46.64092766666666,48.746494000000006
LONRF2,19.795739666666666,15.026571333333331,14.757034666666668
PPP6R2,0.07641066666666667,0.10341433333333333,0.08860533333333333
SYCP3,17.194967333333334,16.922777333333332,15.337368
ZFP69B,10.166848,10.761350333333333,10.091609333333333
SPANXN5,11.203575666666666,9.803802,7.071933666666666
PRAMEF5,0.07232133333333333,0.09199666666666667,0.14017266666666667
RDM1,0.524495,0.438997,0.2853293333333333
SOGA1,0.16795400000000002,0.24258166666666667,0.5378166666666667
CXCL8,35.39712666666667,32.923587,32.173421999999995
MBD2,0.172485,0.07704533333333334,0.15357866666666667
MIR574,0.540758,0.39685433333333336,0.5092563333333334
TSSK3,0.18282066666666666,0.12086933333333333,0.043958
AK8,8.643716333333334,9.850177666666667,14.873829333333333
ATP2A1,13.944618,11.240463666666665,10.684665666666666
ASF1B,12.168492666666666,10.691839333333334,12.205004666666667
VN1R2,23.909998,26.381708,24.135254333333336
NXPE2,2.8871963333333333,2.5491053333333333,1.5987203333333333
GRIN2A,1.6748633333333334,1.5899806666666667,1.3241666666666667
MIR2117,2.3033273333333333,1.2537043333333333,1.6022376666666667
CD79B,0.9358356666666667,0.6579160000000001,0.8134973333333333
ADGRE5,19.183848,20.354858333333336,21.865289666666666
RORA,29.832901666666668,32.763283333333334,34.09563933333333
H1FOO,151.331243,123.38939933333334,124.62441766666666
HOXA13,1.370264,1.4655893333333332,0.9318656666666666
MALRD1,5.400184333333333,5.772109,6.140122000000001
CCL5,17.13659566666667,18.655004333333334,18.363792333333333
XGY2,0.21355500000000002,0.074654,0.090678
STRC,35.51343266666667,34.127883,33.765523333333334
CACNA1A,4.576734666666667,5.031392,4.454132333333333
TRIM49B,28.699284333333335,33.02828866666667,32.51668866666667
RPL3L,7.446375666666666,6.515075,6.553298333333333
RAB11FIP4,14.007093666666668,14.744357333333333,14.527337000000001
CELF4,5.325902,4.7807113333333335,6.046815
PGGT1B,8.550635,10.603267333333333,9.000863666666666
ADAD1,20.348442666666667,21.346867333333336,19.93692533333333
HERC2P2,35.076718666666665,36.73503,56.08621466666667
LOC653786,2.8339916666666665,3.136593,3.20501
CEPT1,30.918280999999997,30.552033000000005,21.69686
SCIMP,12.501741333333333,9.110520000000001,10.218047333333333
KANK1,21.844607333333332,20.632112333333335,21.958400666666666
CTDP1,0.19436533333333336,0.21745666666666666,0.11915233333333335
ATAD5,5.3616546666666665,4.227376333333333,2.660541
TMPRSS11E,0.20802033333333333,0.10694100000000001,0.186192
ZNF596,1.2341873333333333,1.196127,1.5803289999999999
GPR156,19.656612,21.183466999999997,21.281672333333333
PRDM6,34.498577000000004,36.14038733333334,38.44303633333333
OR10Q1,0.087769,0.07814866666666667,0.06303466666666667
DPP6,0.8740023333333333,1.4372230000000001,0.988051
SNORA29,19.32344,13.059204666666666,12.798473333333334
WIPF2,77.88577766666667,67.42652266666666,46.599003
MIR624,23.806184666666667,23.265660666666665,22.052336999999998
ASS1,25.107921333333334,24.785319666666666,29.293860666666664
HFM1,3.545864,2.7342906666666664,2.5570153333333336
NAIP,11.39394,11.487580333333334,11.464567666666667
PLEKHA2,7.384318666666666,7.0703993333333335,5.999029666666666
AXDND1,2.1814776666666664,2.915267666666667,1.406661
MIR1224,74.98329933333333,79.063746,71.30375033333333
GAGE5,1.9465736666666669,2.2348366666666664,2.242656666666667
CSTF1,0.30817433333333333,0.4729556666666666,0.4077096666666667
CFAP53,18.70698133333333,19.149122333333334,20.275741666666665
PRSS54,0.13161033333333336,0.11515666666666668,0.4209486666666667
KRTAP16-1,2.6512930000000003,2.655982,2.2038813333333334
SATB2-AS1,0.099977,0.09646166666666667,0.06367
SPG21,23.748709666666667,22.522848,18.530991666666665
SPINK5,56.950334999999995,55.45456933333333,51.4709
C1orf210,12.141580333333332,12.249524,13.075925333333332
LNP1,13.515969333333336,16.570398333333333,20.271928333333335
KREMEN2,1.233572,1.641417,2.5149706666666667
COL11A1,1.3560796666666668,1.4099386666666665,1.6740586666666666
PHF8,3.563729,3.668716,3.847194
CT45A1,7.378940333333333,9.369076999999999,7.967605333333334
ERAP1,1.0384666666666666,0.9438293333333333,0.9912203333333333
TEX38,0.14126966666666665,0.12542666666666666,0.04658333333333333
LINC01230,0.7994106666666667,1.0349776666666666,1.328602
C16orf90,32.755727,33.12316033333333,33.706829
HPCA,0.37746199999999996,0.32552366666666666,0.353089
ZFAT,7.690867999999999,8.425813666666667,9.577508
ZNF625,8.847965,8.066256000000001,6.969714
TAPBP,7.956675,6.021541,4.938638
TBC1D26,16.266710333333332,17.694140333333333,21.031094
OR1C1,6.850511999999999,8.673004333333333,8.283324666666667
IGF2BP1,0.8685483333333334,0.4768573333333333,0.5666163333333333
ENPP7,17.77795,16.433959333333334,16.580735666666666
SBF2,4.734921333333333,5.4337979999999995,4.9352306666666665
ZFP1,1.816624,1.0320216666666668,0.31609133333333334
SYT2,0.076853,0.017276666666666666,0.46532100000000004
TTTY19,53.95333366666667,53.58067966666667,50.568575333333335
CYP2D7,52.054453333333335,55.91774733333333,53.343335333333336
SEC14L3,24.839823,23.23952,26.000531666666664
TRPA1,4.092828333333333,12.441084333333334,4.705729
ZNF658,0.4227366666666667,0.6015416666666666,0.5519576666666667
RAB19,28.808876666666663,97.61458333333333,27.51902
GFRA2,1.0279533333333333,0.5261446666666667,0.7634156666666666
FSCN2,0.866132,0.7410003333333334,0.8156436666666668
KDM5C,3.503520333333333,3.5520739999999997,3.4102933333333336
DAG1,10.463607,9.244341,6.037488
CCDC144NL,7.8104043333333335,8.515748,6.675144666666667
DUPD1,13.378700333333333,15.086789000000001,14.838265333333334
OR5AR1,2.0719713333333334,1.7610833333333336,1.3995773333333332
XDH,18.311980000000002,14.564626666666667,12.028559333333334
CLRN2,7.909645666666666,8.842389666666667,5.349298
TIA1,12.71916,10.130713333333334,9.634083333333335
DMXL1,5.3963003333333335,5.318241333333333,5.041206
SPRR2D,8.506004333333333,9.266037666666668,11.449758333333333
CNPY1,6.217152666666667,6.397015333333333,7.331506
ZC3H15,16.51485,17.516254,16.742628
LRRC26,31.434531000000003,27.447586333333334,30.70989366666667
KLK8,25.004563666666666,24.398056666666665,30.25759766666667
DDX5,33.708115,31.467011666666668,34.13240833333333
MIR572,24.131255,25.761032666666665,28.044039666666666
NNAT,82.179545,80.02299766666667,80.65079733333333
REXO1L2P,7.171907,4.9244449999999995,4.827838333333333
OR4C45,48.425616,50.773923333333336,49.08715433333333
