celltype,regulon,rss
B_demo,BACH2(+),0.632197
B_demo,BCL6(+),0.628304
B_demo,CEBPA(+),0.783004
B_demo,CEBPB(+),0.674092
B_demo,EGR1(+),0.740074
B_demo,ELF1(+),0.782121
B_demo,FOS(+),0.73015
B_demo,FOSB(+),0.249695
B_demo,GATA3(+),0.204414
B_demo,IRF4(+),0.271769
B_demo,IRF7(+),0.322794
B_demo,IRF8(+),0.32945
B_demo,JUN(+),0.302604
B_demo,JUNB(+),0.152713
B_demo,KLF4(+),0.325556
B_demo,MAF(+),0.239984
B_demo,NFKB1(+),0.191618
B_demo,RUNX3(+),0.225693
B_demo,SPI1(+),0.166663
B_demo,SPIB(+),0.276847
B_demo,STAT1(+),0.15321
B_demo,STAT2(+),0.192837
B_demo,TCF4(+),0.171894
B_demo,XBP1(+),0.32834
B_demo,ETS1(+),0.175657
B_demo,ATF3(+),0.165053
B_demo,REL(+),0.289139
B_demo,SOX4(+),0.334247
B_demo,FOXO3(+),0.178666
B_demo,SP4(+),0.240819
T_demo,BACH2(+),0.202096
T_demo,BCL6(+),0.21521
T_demo,CEBPA(+),0.268485
T_demo,CEBPB(+),0.197864
T_demo,EGR1(+),0.313207
T_demo,ELF1(+),0.228315
T_demo,FOS(+),0.187473
T_demo,FOSB(+),0.774248
T_demo,GATA3(+),0.639028
T_demo,IRF4(+),0.761455
T_demo,IRF7(+),0.794021
T_demo,IRF8(+),0.645406
T_demo,JUN(+),0.669695
T_demo,JUNB(+),0.601685
T_demo,KLF4(+),0.200886
T_demo,MAF(+),0.328145
T_demo,NFKB1(+),0.292418
T_demo,RUNX3(+),0.159369
T_demo,SPI1(+),0.264706
T_demo,SPIB(+),0.258421
T_demo,STAT1(+),0.340855
T_demo,STAT2(+),0.197282
T_demo,TCF4(+),0.217595
T_demo,XBP1(+),0.277829
T_demo,ETS1(+),0.208645
T_demo,ATF3(+),0.232027
T_demo,REL(+),0.316211
T_demo,SOX4(+),0.186964
T_demo,FOXO3(+),0.333702
T_demo,SP4(+),0.234796
Myeloid_demo,BACH2(+),0.162651
Myeloid_demo,BCL6(+),0.277061
Myeloid_demo,CEBPA(+),0.166632
Myeloid_demo,CEBPB(+),0.342106
Myeloid_demo,EGR1(+),0.346566
Myeloid_demo,ELF1(+),0.25751
Myeloid_demo,FOS(+),0.162216
Myeloid_demo,FOSB(+),0.199994
Myeloid_demo,GATA3(+),0.252096
Myeloid_demo,IRF4(+),0.348016
Myeloid_demo,IRF7(+),0.29926
Myeloid_demo,IRF8(+),0.249562
Myeloid_demo,JUN(+),0.231235
Myeloid_demo,JUNB(+),0.333826
Myeloid_demo,KLF4(+),0.679258
Myeloid_demo,MAF(+),0.776
Myeloid_demo,NFKB1(+),0.607447
Myeloid_demo,RUNX3(+),0.687806
Myeloid_demo,SPI1(+),0.724289
Myeloid_demo,SPIB(+),0.710351
Myeloid_demo,STAT1(+),0.759743
Myeloid_demo,STAT2(+),0.228539
Myeloid_demo,TCF4(+),0.226111
Myeloid_demo,XBP1(+),0.235801
Myeloid_demo,ETS1(+),0.246572
Myeloid_demo,ATF3(+),0.25043
Myeloid_demo,REL(+),0.315278
Myeloid_demo,SOX4(+),0.227622
Myeloid_demo,FOXO3(+),0.324781
Myeloid_demo,SP4(+),0.256191
NK_demo,BACH2(+),0.183844
NK_demo,BCL6(+),0.250611
NK_demo,CEBPA(+),0.242067
NK_demo,CEBPB(+),0.33861
NK_demo,EGR1(+),0.333188
NK_demo,ELF1(+),0.194736
NK_demo,FOS(+),0.26312
NK_demo,FOSB(+),0.280938
NK_demo,GATA3(+),0.172111
NK_demo,IRF4(+),0.178172
NK_demo,IRF7(+),0.264007
NK_demo,IRF8(+),0.281674
NK_demo,JUN(+),0.319625
NK_demo,JUNB(+),0.150271
NK_demo,KLF4(+),0.235249
NK_demo,MAF(+),0.339589
NK_demo,NFKB1(+),0.261884
NK_demo,RUNX3(+),0.289588
NK_demo,SPI1(+),0.306404
NK_demo,SPIB(+),0.240982
NK_demo,STAT1(+),0.172014
NK_demo,STAT2(+),0.751397
NK_demo,TCF4(+),0.678491
NK_demo,XBP1(+),0.792194
NK_demo,ETS1(+),0.767546
NK_demo,ATF3(+),0.762066
NK_demo,REL(+),0.767974
NK_demo,SOX4(+),0.683015
NK_demo,FOXO3(+),0.214406
NK_demo,SP4(+),0.296998
