from,to,automated_textmining
ACTG1,RDX,0.29
ACTG1,RHOA,0.489
ACTG1,CAPZB,0.392
ACTG1,MYL6,0.345
ACTG2,VCL,0.539
ACTG2,MYH9,0.482
ACTG2,MYL12A,0.386
ACTN4,TLN1,0.529
ANGPTL3,APOB,0.652
ANO6,SNAP23,0.046
ANO6,CD47,0.186
ANXA2,LGALS1,0.344
ANXA2,TUBB,0.274
ANXA2,S100A6,0.548
ANXA2,DYNC1H1,0.086
ANXA2,CAP1,0.085
ANXA2,S100A4,0.733
ANXA3,SNAP23,0.125
AP2S1,VAMP3,0.056
AP2S1,ATP5D,0
AP2S1,ARPC3,0.063
AP2S1,APOB,0
AP2S1,CLTA,0.169
AP2S1,EZR,0
AP2S1,RDX,0
AP2S1,MSN,0
AP2S1,EPN2,0.058
AP2S1,ARPC2,0
AP2S1,RAB5C,0.068
AP2S1,CLTB,0.205
APOA1,RCN1,0
APOB,APOM,0.634
APOB,COLEC12,0
APOB,MFGE8,0.082
APOB,SORT1,0.766
APOB,LCAT,0.833
APOM,LCAT,0.587
APOM,HP,0.286
ARFGEF2,GNA13,0.049
ARFGEF2,RHOA,0.162
ARPC2,VAMP3,0
ARPC2,MYH9,0.064
ARPC2,ARPC3,0.924
ARPC2,CLTA,0.066
ARPC2,PDGFRB,0.089
ARPC2,CLTB,0.068
ARPC2,EPN2,0.085
ARPC2,PSMA7,0.057
ARPC2,RAB5C,0.053
ARPC2,MYO1C,0.13
ARPC2,CAPZB,0.503
ARPC3,VAMP3,0
ARPC3,MYH9,0.136
ARPC3,PDGFRB,0
ARPC3,EPN2,0.068
ARPC3,CAPZB,0.278
ARPC3,CLTB,0.129
ARPC3,CLTA,0.124
ARPC3,RAB5C,0.058
ARPC3,PSMA7,0.049
ARPC3,MYO1C,0.269
ATP5D,COX6A1,0.217
ATP5D,VDAC2,0.131
ATP5D,SOD1,0.312
ATP5D,VDAC1,0.178
ATP5D,COX7C,0.686
ATP5D,COX4I1,0.371
ATP5D,NDUFB7,0.41
ATP5D,NDUFS3,0.568
ATP5D,COX5A,0.585
ATP5D,COX5B,0.692
ATP5D,NDUFS7,0.674
ATP5D,ATP5J,0.367
ATP5J,NDUFB4,0.331
ATP5J,NDUFB7,0.421
ATP5J,COX6A1,0.299
ATP5J,COX5B,0.511
ATP5J,NDUFS3,0.477
CD47,SNAP23,0
CDH11,COL1A1,0.407
CDH11,COL1A2,0.297
CDH11,POSTN,0.456
CDH11,CDH13,0.567
CLTA,VAMP3,0.158
CLTA,EZR,0
CLTA,RDX,0
CLTA,MSN,0
CLTA,MYO6,0.058
CLTA,RAB5C,0.339
CLTA,EPN2,0.433
CLTA,CLTB,0.89
CLTB,VAMP3,0.158
CLTB,RAB5C,0.139
CLTB,EPN2,0.269
CLTB,MYO6,0.058
CNTN1,NOTCH2,0.289
CNTN1,NCSTN,0
COL11A1,COL1A1,0.657
COL11A1,COL6A3,0.543
COL11A1,COL1A2,0.59
COL11A1,COL6A1,0.575
COL11A1,COL5A1,0.721
COL11A1,COL2A1,0.8
COL1A1,PDGFRB,0.515
COL1A1,POSTN,0.613
COL1A1,COL2A1,0.837
COL1A1,COL6A3,0.677
COL1A1,COL5A1,0.774
COL1A1,COL6A1,0.693
COL1A1,COL1A2,0.948
COL1A2,COL6A3,0.677
COL1A2,POSTN,0.534
COL1A2,COL2A1,0.699
COL1A2,COL5A1,0.715
COL1A2,COL6A1,0.661
COL2A1,COMP,0.643
COL2A1,COL6A3,0.396
COL2A1,COL6A1,0.462
COL2A1,COL5A1,0.563
COL5A1,COL6A3,0.653
COL5A1,COL6A1,0.711
COL6A1,COL6A3,0.928
COL6A1,ITGA7,0.45
COL6A1,NCAM1,0.086
COL6A3,ITGA7,0.365
COL6A3,POSTN,0.472
COL6A3,NCAM1,0.119
COX5A,NDUFS7,0.368
COX5A,COX5B,0.869
COX5A,NDUFS3,0.606
COX5A,F10,0.709
COX5A,NDUFA4,0.394
COX5A,COX7C,0.781
COX5B,NDUFB7,0.704
COX5B,COX6A1,0.776
COX5B,NDUFS7,0.432
COX5B,NDUFS3,0.654
COX5B,NDUFA4,0.534
COX5B,COX7C,0.83
COX6A1,NDUFB7,0.324
COX6A1,NDUFA4,0.473
COX6A1,COX7C,0.728
COX7C,NDUFB7,0.461
COX7C,NDUFA4,0.565
CSNK2A1,CSNK2B,0.825
DYNC1H1,TUBB4A,0.334
DYNC1H1,TUBB,0.453
DYNC1H1,RACGAP1,0.06
EPN2,VAMP3,0.092
EPN2,RAB5C,0.084
EZR,SLC9A3R1,0.917
EZR,ICAM1,0.473
EZR,TLN1,0.574
EZR,MSN,0.939
EZR,RDX,0.94
EZR,ROCK1,0.702
EZR,RHOA,0.71
F10,F9,0.724
F10,VWF,0.56
F10,F11,0.729
F11,F9,0.792
F11,KLKB1,0.734
F9,VWF,0.709
FABP1,HSD17B4,0.212
FERMT3,VWF,0.307
FERMT3,FSCN1,0.123
FERMT3,IGF2,0
FLOT1,FLOT2,0.951
FLOT2,GNG12,0
GNAS,IGF1R,0.153
GNAS,GNG12,0.239
GNAT1,GNB3,0.525
GNAT1,GNG12,0.289
GNAT1,GNB4,0.373
GNB3,GNB4,0.756
GNB3,RHOA,0.091
GNB3,GNG12,0.451
GNB4,RHOA,0.091
GNB4,GNG12,0.548
GNG12,RHOA,0.088
GNPDA1,HK1,0.496
GOLM1,RCN1,0
GOLM1,LGALS1,0.087
GOLM1,MFGE8,0
GOLM1,IGFBP4,0
GOLM1,SPARCL1,0.056
GSR,SOD1,0.868
HK1,VDAC1,0.846
HK1,UGP2,0.747
HK1,VDAC2,0.765
MARS,RARS,0.838
MARS,RPS2,0.265
MARS,WARS,0.78
MFGE8,RCN1,0
MFGE8,SPARCL1,0.086
MSN,SLC9A3R1,0.85
MSN,RDX,0.931
MSN,RHOA,0.819
MSN,ROCK1,0.553
MYH10,MYH9,0.765
MYH10,MYL12A,0.772
MYH10,TPM4,0.598
MYH10,MYO1C,0.254
MYH10,ROCK1,0.195
MYH10,RHOA,0.374
MYH10,MYL6,0.733
MYH9,TPM4,0.499
MYH9,MYO1C,0.418
MYH9,MYL12A,0.75
MYH9,RHOA,0.428
MYH9,ROCK1,0.316
MYH9,MYL6,0.711
MYL12A,VCL,0.395
MYL12A,RHOA,0.792
MYL12A,ROCK1,0.603
MYL12A,TLN1,0.159
MYL12A,MYL6,0.374
MYL12A,TPM3,0.496
MYL12A,TPM4,0.538
MYL6,VCL,0.32
MYL6,TLN1,0.135
MYL6,TPM4,0.546
MYL6,MYO1C,0.203
MYL6,TPM3,0.463
MYL6,MYO6,0.167
MYL6,ROCK1,0.413
MYL6,RHOA,0.539
MYO1C,SNAP23,0.315
MYO1C,MYO6,0.48
MYO1C,STXBP3,0.33
MYO6,VCL,0.224
NCL,RPS2,0.19
NCSTN,RAP1B,0
NCSTN,SORT1,0.188
NCSTN,NOTCH2,0.574
NCSTN,VNN1,0
NCSTN,RAB5C,0.078
NDUFA4,NDUFB4,0.354
NDUFA4,NDUFB7,0.421
NDUFA4,NDUFS7,0.572
NDUFA4,NDUFS3,0.352
NDUFB4,PHB,0
NDUFB4,NDUFB7,0.542
NDUFB4,NDUFS7,0.435
NDUFB4,NDUFS3,0.556
NDUFB7,NDUFS3,0.772
PSMA5,PSMD7,0.565
PSMA5,PSMB1,0.779
PSMA5,SOD1,0.293
PSMA5,RPL15,0.066
PSMA5,RPS2,0.191
PSMA5,PSME1,0.408
PSMA5,PSMB9,0.576
PSMA5,PSMC2,0.474
PSMA5,PSMD13,0.617
PSMA5,PSMA7,0.659
PSMA7,PSMC4,0.454
PSMA7,PSMD8,0.526
PSMA7,PSMD10,0.215
PSMA7,PSMD7,0.501
PSMA7,PSMB1,0.661
PSMA7,RPL15,0.056
PSMA7,RPS2,0.061
PSMA7,PSME1,0.184
PSMA7,PSMB9,0.531
PSMA7,PSMC2,0.62
PSMA7,PSMD13,0.514
PSMB1,PSMC4,0.641
PSMB1,PSMD8,0.642
PSMB1,PSMD10,0.088
PSMB1,PSMD7,0.67
PSMB1,SOD1,0.118
PSMB1,PSME1,0.379
PSMB1,PSMB9,0.609
PSMB1,PSMC2,0.718
PSMB1,PSMD13,0.415
PSMB9,PSMC4,0.526
PSMB9,PSMD8,0.429
PSMB9,PSMD10,0.164
PSMB9,PSMD7,0.431
PSMB9,PSME1,0.686
PSMB9,PSMD13,0.444
PSMB9,PSMC2,0.334
PSMC2,PSMC4,0.923
PSMC2,PSMD8,0.775
PSMC2,PSMD10,0.693
PSMC2,PSMD7,0.793
PSMC2,RPL18A,0
PSMC2,RPS12,0
PSMC2,RPL15,0.041
PSMC2,PSME1,0.326
PSMC2,PSMD13,0.671
PSMC4,RPL18A,0
PSMC4,RPS12,0
PSMC4,PSME1,0.288
PSMC4,PSMD10,0.86
PSMC4,PSMD8,0.917
PSMC4,PSMD13,0.829
PSMC4,PSMD7,0.868
PSMD10,PSMD8,0.595
PSMD10,PSME1,0.093
PSMD10,PSMD7,0.531
PSMD10,PSMD13,0.952
PSMD13,PSMD8,0.896
PSMD13,PSMD7,0.896
PSMD13,PSME1,0.146
PSMD7,PSMD8,0.892
PSMD7,PSME1,0.307
PSMD8,PSME1,0.329
RAB32,VCL,0
RAB32,RAB5C,0.211
RAB32,RAB34,0.643
RAB34,RAB5C,0.373
RAB5C,VAMP3,0.384
RAB5C,RAP1B,0.245
RAB5C,SORT1,0.309
RAB5C,VNN1,0
RACGAP1,RHOA,0.866
RAP1B,VCL,0.284
RAP1B,RHOA,0.569
RAP1B,VNN1,0
RAP1B,VWF,0.249
RAP1B,YWHAZ,0.138
RAP1B,TLN1,0.471
RARS,WARS,0.688
RCN1,SPARCL1,0
RDX,SLC9A3R1,0.866
RDX,ROCK1,0.527
RDX,RHOA,0.71
RHOA,VCL,0.825
RHOA,TLN1,0.485
RHOA,ROCK1,0.913
RPL14,RPL18A,0.704
RPL14,RPL19,0.575
RPL14,RPS12,0.245
RPL14,RPL15,0.825
RPL14,RPS2,0.743
RPL15,RPL18A,0.685
RPL15,RPL19,0.814
RPL15,RPS12,0.177
RPL15,RPS2,0.775
RPL18A,SLC25A6,0.187
RPL18A,RPS12,0.342
RPL18A,RPL19,0.432
RPL18A,RPS2,0.659
RPL19,RPS12,0.177
RPL19,RPS2,0.671
RPS12,RPS2,0.226
S100A4,S100A6,0.776
SFPQ,SRSF1,0.465
SLC1A5,SLC7A5,0.798
SLC1A5,SLC3A2,0.725
SLC25A6,VDAC1,0.791
SLC25A6,VDAC2,0.577
SLC25A6,TSPO,0.489
SLC3A2,SLC7A5,0.846
SLC3A2,SLC7A8,0.807
SNAP23,VAMP3,0.903
SNAP23,STX1A,0.696
SNAP23,STXBP3,0.783
SOD1,VDAC1,0.728
STX1A,VAMP3,0.616
STX1A,STXBP3,0.602
STXBP3,VAMP3,0.586
TLN1,VCL,0.855
TLN1,VWF,0.282
TLN1,TPM3,0.131
TLN1,TPM4,0.247
TPM3,VCL,0.495
TPM3,TPM4,0.776
TPM3,YWHAZ,0.225
TPM4,VCL,0.477
TSPO,VDAC1,0.808
TSPO,VDAC2,0.521
TUBB,TUBB4A,0.431
VCL,VWF,0.354
VDAC1,VDAC2,0.931
VWF,YWHAZ,0.267
