gene,group
ACTG1,up
ACTG2,up
ACTN4,up
ANGPTL3,up
ANO6,up
ANXA2,up
ANXA3,up
AP2S1,up
APOA1,up
APOB,up
APOM,up
ARFGEF2,up
ARPC2,up
ARPC3,up
ATP5D,up
ATP5J,up
CD47,up
CDH11,up
CLTA,up
CLTB,up
CNTN1,up
COL11A1,up
COL1A1,up
COL1A2,down
COL2A1,down
COL5A1,down
COL6A1,down
COL6A3,down
COX5A,down
COX5B,down
COX6A1,down
COX7C,down
CSNK2A1,down
DYNC1H1,down
EPN2,down
EZR,down
F10,down
F11,down
F9,down
FABP1,down
FERMT3,down
FLOT1,down
FLOT2,down
GNAS,down
GNAT1,up
GNB3,up
GNB4,up
GNG12,up
GNPDA1,up
GOLM1,up
GSR,up
HK1,up
MARS,up
MFGE8,up
MSN,up
MYH10,up
MYH9,up
MYL12A,up
MYL6,up
MYO1C,up
MYO6,up
NCL,up
NCSTN,up
NDUFA4,up
NDUFB4,up
NDUFB7,up
PSMA5,up
PSMA7,up
PSMB1,up
PSMB9,up
PSMC2,up
PSMC4,up
PSMD10,up
PSMD13,up
PSMD7,up
PSMD8,up
RAB32,up
RAB34,up
RAB5C,up
RACGAP1,up
RAP1B,up
RARS,up
RCN1,up
RDX,down
RHOA,down
RPL14,down
RPL15,down
RPL18A,down
RPL19,down
RPS12,down
S100A4,down
SFPQ,down
SLC1A5,down
SLC25A6,down
SLC3A2,down
SNAP23,down
SOD1,down
STX1A,down
STXBP3,down
TLN1,down
TPM3,down
TPM4,down
TSPO,down
TUBB,down
VCL,down
VDAC1,down
VWF,down
CAPZB,down
LGALS1,up
S100A6,up
CAP1,up
VAMP3,up
COLEC12,up
SORT1,up
LCAT,up
HP,up
GNA13,up
PDGFRB,up
VDAC2,up
COX4I1,up
NDUFS3,up
NDUFS7,up
POSTN,up
CDH13,up
NOTCH2,up
COMP,up
ITGA7,down
NCAM1,down
CSNK2B,down
TUBB4A,down
SLC9A3R1,down
ICAM1,down
ROCK1,down
KLKB1,down
HSD17B4,down
FSCN1,down
IGF2,down
IGF1R,down
IGFBP4,down
SPARCL1,down
UGP2,down
RPS2,down
WARS,down
VNN1,down
PHB,down
PSME1,down
YWHAZ,down
SRSF1,down
SLC7A5,down
SLC7A8,down
