"feature","group","pseudotime","value","lower","upper","n_cells"
"Anxa1","10X_ntph_F",1.38334789488027,0.867236964144411,,,195
"Anxa1","10X_ntph_F",2.55819432547316,1.18541043243663,,,119
"Anxa1","10X_ntph_F",5.0401175768115,1.05353651422451,,,84
"Anxa1","10X_ntph_F",6.97529337270644,1.32632540258506,,,123
"Anxa1","10X_ntph_F",9.44333178857922,1.39637006005246,,,106
"Anxa1","10X_ntph_F",11.0234500442793,1.74695167230815,,,144
"Anxa1","10X_ntph_F",13.24652754703,2.12815697406016,,,171
"Anxa1","10X_ntph_F",14.8271876490647,2.28441480230854,,,198
"Anxa1","10X_ntph_F",17.4081540020258,2.62791213263357,,,162
"Anxa1","10X_ntph_F",18.8808092498881,3.10249776400066,,,9
"Anxa1","10X_ntph_F",20.7332271135745,2.97417602441812,,,303
"Anxa1","10X_ntph_F",23.6395449641744,3.36137691671314,,,109
"Anxa1","10X_ntph_F",25.4867504167079,3.48108665376881,,,181
"Anxa1","10X_ntph_F",27.4220749486172,3.88582886412841,,,82
"Anxa1","10X_ntph_F",29.2726806427799,3.95516616375163,,,103
"Anxa1","10X_ntph_F",31.1952155833616,4.09316845791097,,,76
"Anxa1","10X_ntph_F",33.3754590717476,4.52680200412496,,,48
"Anxa1","10X_ntph_F",35.6565629216352,4.84073904797072,,,51
"Anxa1","10X_ntph_F",37.5036362601513,5.26060974822612,,,303
"Anxa1","10X_ntph_F",39.176959102924,5.57917775208415,,,16
"Anxa1","10X_ntph_F",41.7311964996069,5.38032559727737,,,18
"Anxa1","10X_ntph_M",1.3752946022685,0.682958490887951,,,380
"Anxa1","10X_ntph_M",2.61289130547223,0.985617992975486,,,188
"Anxa1","10X_ntph_M",5.16641002835475,0.997300190594855,,,125
"Anxa1","10X_ntph_M",7.05431931831774,1.26893823714495,,,169
"Anxa1","10X_ntph_M",9.46140485332606,1.31241457681473,,,160
"Anxa1","10X_ntph_M",10.9914080480437,1.5673565940589,,,189
"Anxa1","10X_ntph_M",13.2120718208704,1.81276059577545,,,191
"Anxa1","10X_ntph_M",14.8492131181566,2.25076665134571,,,230
"Anxa1","10X_ntph_M",17.4580628679504,2.43577028948828,,,196
"Anxa1","10X_ntph_M",18.9428581040221,2.51425716547189,,,20
"Anxa1","10X_ntph_M",20.7231955276146,2.7373311209402,,,355
"Anxa1","10X_ntph_M",23.5283265193505,3.27153615061237,,,141
"Anxa1","10X_ntph_M",25.4665518272837,3.49307442585245,,,214
"Anxa1","10X_ntph_M",27.4257396360091,3.80163906965166,,,87
"Anxa1","10X_ntph_M",29.2870348711525,4.00305558396214,,,134
"Anxa1","10X_ntph_M",31.3600406524359,4.10603942996132,,,77
"Anxa1","10X_ntph_M",33.36230365721,4.49467788841033,,,59
"Anxa1","10X_ntph_M",35.3812010110857,4.61071780468078,,,60
"Anxa1","10X_ntph_M",37.5769486091396,5.07351275632677,,,386
"Anxa1","10X_ntph_M",39.0688960899464,5.51353112003523,,,25
"Anxa1","10X_ntph_M",41.4811194866095,5.378332245591,,,38
"Xist","10X_ntph_F",1.38334789488027,0.246254102608481,,,195
"Xist","10X_ntph_F",2.55819432547316,0.177266701723093,,,119
"Xist","10X_ntph_F",5.0401175768115,0.156784821445742,,,84
"Xist","10X_ntph_F",6.97529337270644,0.236542581341854,,,123
"Xist","10X_ntph_F",9.44333178857922,0.244573702864205,,,106
"Xist","10X_ntph_F",11.0234500442793,0.261540125678972,,,144
"Xist","10X_ntph_F",13.24652754703,0.277730135066255,,,171
"Xist","10X_ntph_F",14.8271876490647,0.286649068701112,,,198
"Xist","10X_ntph_F",17.4081540020258,0.410927757987883,,,162
"Xist","10X_ntph_F",18.8808092498881,0.832428121814408,,,9
"Xist","10X_ntph_F",20.7332271135745,0.444676738375027,,,303
"Xist","10X_ntph_F",23.6395449641744,0.56035269447438,,,109
"Xist","10X_ntph_F",25.4867504167079,0.596296667434119,,,181
"Xist","10X_ntph_F",27.4220749486172,0.712199656007254,,,82
"Xist","10X_ntph_F",29.2726806427799,0.595946115384442,,,103
"Xist","10X_ntph_F",31.1952155833616,0.719255344716166,,,76
"Xist","10X_ntph_F",33.3754590717476,0.696180533331989,,,48
"Xist","10X_ntph_F",35.6565629216352,1.02595208226557,,,51
"Xist","10X_ntph_F",37.5036362601513,1.070044122146,,,303
"Xist","10X_ntph_F",39.176959102924,1.19230097481568,,,16
"Xist","10X_ntph_F",41.7311964996069,3.3736878788279,,,18
"Xist","10X_ntph_M",1.3752946022685,0,,,380
"Xist","10X_ntph_M",2.61289130547223,0,,,188
"Xist","10X_ntph_M",5.16641002835475,0,,,125
"Xist","10X_ntph_M",7.05431931831774,0,,,169
"Xist","10X_ntph_M",9.46140485332606,0,,,160
"Xist","10X_ntph_M",10.9914080480437,0,,,189
"Xist","10X_ntph_M",13.2120718208704,0,,,191
"Xist","10X_ntph_M",14.8492131181566,0,,,230
"Xist","10X_ntph_M",17.4580628679504,0,,,196
"Xist","10X_ntph_M",18.9428581040221,0,,,20
"Xist","10X_ntph_M",20.7231955276146,0,,,355
"Xist","10X_ntph_M",23.5283265193505,0,,,141
"Xist","10X_ntph_M",25.4665518272837,0,,,214
"Xist","10X_ntph_M",27.4257396360091,0,,,87
"Xist","10X_ntph_M",29.2870348711525,0,,,134
"Xist","10X_ntph_M",31.3600406524359,0,,,77
"Xist","10X_ntph_M",33.36230365721,0,,,59
"Xist","10X_ntph_M",35.3812010110857,0,,,60
"Xist","10X_ntph_M",37.5769486091396,0.00410612046818952,,,386
"Xist","10X_ntph_M",39.0688960899464,0,,,25
"Xist","10X_ntph_M",41.4811194866095,0,,,38
"Ncf1","10X_ntph_F",1.38334789488027,1.54511543832303,,,195
"Ncf1","10X_ntph_F",2.55819432547316,1.61413573073544,,,119
"Ncf1","10X_ntph_F",5.0401175768115,1.61121695035864,,,84
"Ncf1","10X_ntph_F",6.97529337270644,1.71136653758227,,,123
"Ncf1","10X_ntph_F",9.44333178857922,1.75855892413869,,,106
"Ncf1","10X_ntph_F",11.0234500442793,1.85504325397269,,,144
"Ncf1","10X_ntph_F",13.24652754703,2.05041322396077,,,171
"Ncf1","10X_ntph_F",14.8271876490647,2.14746819662962,,,198
"Ncf1","10X_ntph_F",17.4081540020258,2.36447264091588,,,162
"Ncf1","10X_ntph_F",18.8808092498881,2.66321769178449,,,9
"Ncf1","10X_ntph_F",20.7332271135745,2.54113379771907,,,303
"Ncf1","10X_ntph_F",23.6395449641744,2.68427384972157,,,109
"Ncf1","10X_ntph_F",25.4867504167079,2.86882507127276,,,181
"Ncf1","10X_ntph_F",27.4220749486172,3.14383230216611,,,82
"Ncf1","10X_ntph_F",29.2726806427799,3.00117080785905,,,103
"Ncf1","10X_ntph_F",31.1952155833616,3.09061342156738,,,76
"Ncf1","10X_ntph_F",33.3754590717476,3.32315244628332,,,48
"Ncf1","10X_ntph_F",35.6565629216352,3.30038180981179,,,51
"Ncf1","10X_ntph_F",37.5036362601513,3.30157274707444,,,303
"Ncf1","10X_ntph_F",39.176959102924,3.4449351890411,,,16
"Ncf1","10X_ntph_F",41.7311964996069,3.39032561324806,,,18
"Ncf1","10X_ntph_M",1.3752946022685,0.964653390481057,,,380
"Ncf1","10X_ntph_M",2.61289130547223,1.22912776253429,,,188
"Ncf1","10X_ntph_M",5.16641002835475,1.34702717954144,,,125
"Ncf1","10X_ntph_M",7.05431931831774,1.4265065405581,,,169
"Ncf1","10X_ntph_M",9.46140485332606,1.40935720830203,,,160
"Ncf1","10X_ntph_M",10.9914080480437,1.50008128907539,,,189
"Ncf1","10X_ntph_M",13.2120718208704,1.53055944582927,,,191
"Ncf1","10X_ntph_M",14.8492131181566,1.72769350188968,,,230
"Ncf1","10X_ntph_M",17.4580628679504,1.90082710285178,,,196
"Ncf1","10X_ntph_M",18.9428581040221,2.05265247434545,,,20
"Ncf1","10X_ntph_M",20.7231955276146,2.0559346697109,,,355
"Ncf1","10X_ntph_M",23.5283265193505,2.47489644353367,,,141
"Ncf1","10X_ntph_M",25.4665518272837,2.6341587769369,,,214
"Ncf1","10X_ntph_M",27.4257396360091,2.66148412722239,,,87
"Ncf1","10X_ntph_M",29.2870348711525,2.9038076965647,,,134
"Ncf1","10X_ntph_M",31.3600406524359,2.99985768194385,,,77
"Ncf1","10X_ntph_M",33.36230365721,2.99241635086335,,,59
"Ncf1","10X_ntph_M",35.3812010110857,3.02481876449307,,,60
"Ncf1","10X_ntph_M",37.5769486091396,3.16748195404096,,,386
"Ncf1","10X_ntph_M",39.0688960899464,3.16072215182372,,,25
"Ncf1","10X_ntph_M",41.4811194866095,3.48093376878876,,,38
"Ltf","10X_ntph_F",1.38334789488027,0.140204358989152,,,195
"Ltf","10X_ntph_F",2.55819432547316,0.275251155480365,,,119
"Ltf","10X_ntph_F",5.0401175768115,0.173630505960966,,,84
"Ltf","10X_ntph_F",6.97529337270644,0.246665447177924,,,123
"Ltf","10X_ntph_F",9.44333178857922,0.147027948120011,,,106
"Ltf","10X_ntph_F",11.0234500442793,0.195624479176683,,,144
"Ltf","10X_ntph_F",13.24652754703,0.217367982464575,,,171
"Ltf","10X_ntph_F",14.8271876490647,0.239478109090583,,,198
"Ltf","10X_ntph_F",17.4081540020258,0.263344309245506,,,162
"Ltf","10X_ntph_F",18.8808092498881,0.981432223796082,,,9
"Ltf","10X_ntph_F",20.7332271135745,0.696922370274813,,,303
"Ltf","10X_ntph_F",23.6395449641744,1.81250355535557,,,109
"Ltf","10X_ntph_F",25.4867504167079,3.32553337063695,,,181
"Ltf","10X_ntph_F",27.4220749486172,4.8613301937254,,,82
"Ltf","10X_ntph_F",29.2726806427799,5.38489760961209,,,103
"Ltf","10X_ntph_F",31.1952155833616,5.8331058878949,,,76
"Ltf","10X_ntph_F",33.3754590717476,6.54897869667769,,,48
"Ltf","10X_ntph_F",35.6565629216352,6.67547104146267,,,51
"Ltf","10X_ntph_F",37.5036362601513,6.98404034878462,,,303
"Ltf","10X_ntph_F",39.176959102924,7.13072777753227,,,16
"Ltf","10X_ntph_F",41.7311964996069,7.22753373768868,,,18
"Ltf","10X_ntph_M",1.3752946022685,0.167130986853492,,,380
"Ltf","10X_ntph_M",2.61289130547223,0.149840026603417,,,188
"Ltf","10X_ntph_M",5.16641002835475,0.16,,,125
"Ltf","10X_ntph_M",7.05431931831774,0.193815902379666,,,169
"Ltf","10X_ntph_M",9.46140485332606,0.157312031259014,,,160
"Ltf","10X_ntph_M",10.9914080480437,0.16170498637154,,,189
"Ltf","10X_ntph_M",13.2120718208704,0.133952683249849,,,191
"Ltf","10X_ntph_M",14.8492131181566,0.196724959123883,,,230
"Ltf","10X_ntph_M",17.4580628679504,0.425234411746695,,,196
"Ltf","10X_ntph_M",18.9428581040221,0.364270110943112,,,20
"Ltf","10X_ntph_M",20.7231955276146,0.424585014430986,,,355
"Ltf","10X_ntph_M",23.5283265193505,1.45992033602469,,,141
"Ltf","10X_ntph_M",25.4665518272837,2.90987736398648,,,214
"Ltf","10X_ntph_M",27.4257396360091,4.11800466254835,,,87
"Ltf","10X_ntph_M",29.2870348711525,5.02489809408401,,,134
"Ltf","10X_ntph_M",31.3600406524359,5.63736518229548,,,77
"Ltf","10X_ntph_M",33.36230365721,6.20182084043044,,,59
"Ltf","10X_ntph_M",35.3812010110857,6.41025647949283,,,60
"Ltf","10X_ntph_M",37.5769486091396,6.61396124257152,,,386
"Ltf","10X_ntph_M",39.0688960899464,6.90171461438091,,,25
"Ltf","10X_ntph_M",41.4811194866095,6.80871167017331,,,38
