cell_id,sample_id,group,nFeature_RNA,nCount_RNA,percent_mt
C1_ExampleCell001,C1,ExampleControl,1574,5035,3.332839
C1_ExampleCell002,C1,ExampleControl,2337,9667,3.649953
C1_ExampleCell003,C1,ExampleControl,1618,6899,1.613941
C1_ExampleCell004,C1,ExampleControl,5179,21083,1.823531
C1_ExampleCell005,C1,ExampleControl,2233,7690,3.738654
C1_ExampleCell006,C1,ExampleControl,5746,21752,4.255109
C1_ExampleCell007,C1,ExampleControl,3810,14996,3.219101
C1_ExampleCell008,C1,ExampleControl,2310,8089,4.750851
C1_ExampleCell009,C1,ExampleControl,2011,5532,2.551554
C1_ExampleCell010,C1,ExampleControl,4779,19439,3.287836
C1_ExampleCell011,C1,ExampleControl,2212,7997,4.215777
C1_ExampleCell012,C1,ExampleControl,1733,6313,4.256268
C1_ExampleCell013,C1,ExampleControl,3768,15162,3.526485
C1_ExampleCell014,C1,ExampleControl,2999,10621,5.196485
C1_ExampleCell015,C1,ExampleControl,3001,8783,4.506627
C1_ExampleCell016,C1,ExampleControl,4994,19040,4.406672
C1_ExampleCell017,C1,ExampleControl,1138,4014,3.675226
C1_ExampleCell018,C1,ExampleControl,3395,13276,4.691374
C1_ExampleCell019,C1,ExampleControl,2765,10120,2.318221
C1_ExampleCell020,C1,ExampleControl,1948,5999,6.328186
C1_ExampleCell021,C1,ExampleControl,1512,5645,5.325067
C1_ExampleCell022,C1,ExampleControl,1820,6221,2.383937
C1_ExampleCell023,C1,ExampleControl,4147,15594,5.167533
C1_ExampleCell024,C1,ExampleControl,3253,12897,2.282426
C1_ExampleCell025,C1,ExampleControl,4164,16354,1.558515
C1_ExampleCell026,C1,ExampleControl,2652,7448,3.522374
C1_ExampleCell027,C1,ExampleControl,4719,16329,4.061257
C1_ExampleCell028,C1,ExampleControl,1207,5505,5.978469
C1_ExampleCell029,C1,ExampleControl,2111,8324,2.817505
C1_ExampleCell030,C1,ExampleControl,3392,14070,2.809087
C1_ExampleCell031,C1,ExampleControl,1370,3748,1.494399
C1_ExampleCell032,C1,ExampleControl,1300,5808,6.273405
C1_ExampleCell033,C1,ExampleControl,3754,13098,3.139874
C1_ExampleCell034,C1,ExampleControl,1796,4692,3.916993
C1_ExampleCell035,C1,ExampleControl,2172,8167,4.453451
C1_ExampleCell036,C1,ExampleControl,1050,3442,5.162752
C1_ExampleCell037,C1,ExampleControl,3206,11503,6.053476
C1_ExampleCell038,C1,ExampleControl,2963,9062,3.793964
C1_ExampleCell039,C1,ExampleControl,2261,7038,4.537386
C1_ExampleCell040,C1,ExampleControl,2520,9871,2.672727
C1_ExampleCell041,C1,ExampleControl,4200,17155,4.911847
C1_ExampleCell042,C1,ExampleControl,3736,14973,4.861747
C1_ExampleCell043,C1,ExampleControl,1707,6298,1.273197
C1_ExampleCell044,C1,ExampleControl,1243,2823,2.286149
C1_ExampleCell045,C1,ExampleControl,914,3483,2.70224
C1_ExampleCell046,C1,ExampleControl,1283,5109,3.577123
C1_ExampleCell047,C1,ExampleControl,6883,26349,2.146253
C1_ExampleCell048,C1,ExampleControl,3531,13759,3.701102
C1_ExampleCell049,C1,ExampleControl,3599,12679,3.036034
C1_ExampleCell050,C1,ExampleControl,1544,3801,3.03196
C1_ExampleCell051,C1,ExampleControl,2854,10741,3.346943
C1_ExampleCell052,C1,ExampleControl,1361,3444,1.116837
C1_ExampleCell053,C1,ExampleControl,3481,11499,3.870132
C1_ExampleCell054,C1,ExampleControl,3360,11593,2.011702
C1_ExampleCell055,C1,ExampleControl,2402,6621,3.302121
C1_ExampleCell056,C1,ExampleControl,2855,11285,2.745044
C1_ExampleCell057,C1,ExampleControl,1050,4135,2.280841
C1_ExampleCell058,C1,ExampleControl,2343,7647,6.523332
C1_ExampleCell059,C1,ExampleControl,2482,8090,2.684621
C1_ExampleCell060,C1,ExampleControl,3724,13417,6.414519
C2_ExampleCell001,C2,ExampleControl,1954,7447,2.433605
C2_ExampleCell002,C2,ExampleControl,1973,5962,2.10064
C2_ExampleCell003,C2,ExampleControl,3701,13661,4.8785
C2_ExampleCell004,C2,ExampleControl,3188,12014,4.157413
C2_ExampleCell005,C2,ExampleControl,2377,9769,2.686476
C2_ExampleCell006,C2,ExampleControl,2234,6675,3.28779
C2_ExampleCell007,C2,ExampleControl,2714,10433,2.514668
C2_ExampleCell008,C2,ExampleControl,2570,9250,3.092473
C2_ExampleCell009,C2,ExampleControl,5092,19450,3.766971
C2_ExampleCell010,C2,ExampleControl,1971,6936,3.133848
C2_ExampleCell011,C2,ExampleControl,3766,14420,1.178611
C2_ExampleCell012,C2,ExampleControl,4074,12875,2.599734
C2_ExampleCell013,C2,ExampleControl,2492,6669,2.150297
C2_ExampleCell014,C2,ExampleControl,2483,11006,4.912476
C2_ExampleCell015,C2,ExampleControl,2285,8061,1.99927
C2_ExampleCell016,C2,ExampleControl,2240,9009,1.38539
C2_ExampleCell017,C2,ExampleControl,2333,6869,4.212391
C2_ExampleCell018,C2,ExampleControl,3514,9256,4.267071
C2_ExampleCell019,C2,ExampleControl,2983,11623,6.489944
C2_ExampleCell020,C2,ExampleControl,2464,9556,3.114186
C2_ExampleCell021,C2,ExampleControl,2641,9055,2.540864
C2_ExampleCell022,C2,ExampleControl,2461,7709,3.78236
C2_ExampleCell023,C2,ExampleControl,2593,9756,4.916212
C2_ExampleCell024,C2,ExampleControl,1170,3084,2.905783
C2_ExampleCell025,C2,ExampleControl,560,2896,0.166394
C2_ExampleCell026,C2,ExampleControl,1920,7792,3.427252
C2_ExampleCell027,C2,ExampleControl,4563,17267,3.16583
C2_ExampleCell028,C2,ExampleControl,2892,9491,2.164119
C2_ExampleCell029,C2,ExampleControl,2085,8756,5.366506
C2_ExampleCell030,C2,ExampleControl,2772,8857,3.202428
C2_ExampleCell031,C2,ExampleControl,3043,10717,5.863858
C2_ExampleCell032,C2,ExampleControl,2617,6986,2.53591
C2_ExampleCell033,C2,ExampleControl,3160,11715,4.08371
C2_ExampleCell034,C2,ExampleControl,2781,8740,2.977813
C2_ExampleCell035,C2,ExampleControl,5679,20246,5.980758
C2_ExampleCell036,C2,ExampleControl,3431,13488,3.083218
C2_ExampleCell037,C2,ExampleControl,1631,4011,3.52773
C2_ExampleCell038,C2,ExampleControl,1735,6821,4.433936
C2_ExampleCell039,C2,ExampleControl,2232,7491,4.669646
C2_ExampleCell040,C2,ExampleControl,3158,11686,2.42334
C2_ExampleCell041,C2,ExampleControl,2112,6154,1.724248
C2_ExampleCell042,C2,ExampleControl,2948,10614,2.89654
C2_ExampleCell043,C2,ExampleControl,1154,4567,4.171496
C2_ExampleCell044,C2,ExampleControl,5704,21668,3.71051
C2_ExampleCell045,C2,ExampleControl,2462,9311,1.917752
C2_ExampleCell046,C2,ExampleControl,1791,6166,5.957744
C2_ExampleCell047,C2,ExampleControl,1651,6602,3.359845
C2_ExampleCell048,C2,ExampleControl,3279,11996,4.96604
C2_ExampleCell049,C2,ExampleControl,2617,9706,4.851994
C2_ExampleCell050,C2,ExampleControl,2207,9045,2.302867
C2_ExampleCell051,C2,ExampleControl,3631,12367,4.227333
C2_ExampleCell052,C2,ExampleControl,2869,9982,1.663448
C2_ExampleCell053,C2,ExampleControl,1827,6897,1.384425
C2_ExampleCell054,C2,ExampleControl,1300,5206,3.635867
C2_ExampleCell055,C2,ExampleControl,2626,8607,3.746361
C2_ExampleCell056,C2,ExampleControl,2603,7459,1.939084
C2_ExampleCell057,C2,ExampleControl,2191,6489,5.400993
C2_ExampleCell058,C2,ExampleControl,3669,13602,2.767237
C2_ExampleCell059,C2,ExampleControl,1592,5110,3.21892
C2_ExampleCell060,C2,ExampleControl,3533,12488,2.839052
C3_ExampleCell001,C3,ExampleControl,3647,13264,3.311551
C3_ExampleCell002,C3,ExampleControl,2858,10048,5.078569
C3_ExampleCell003,C3,ExampleControl,3045,11554,1.845967
C3_ExampleCell004,C3,ExampleControl,2954,10104,4.350381
C3_ExampleCell005,C3,ExampleControl,3899,15422,3.669468
C3_ExampleCell006,C3,ExampleControl,1558,5079,3.417597
C3_ExampleCell007,C3,ExampleControl,2287,7224,4.30348
C3_ExampleCell008,C3,ExampleControl,1731,4743,3.48556
C3_ExampleCell009,C3,ExampleControl,2906,10608,2.978052
C3_ExampleCell010,C3,ExampleControl,3156,9853,4.485297
C3_ExampleCell011,C3,ExampleControl,1420,5974,2.019297
C3_ExampleCell012,C3,ExampleControl,3344,11392,0.462043
C3_ExampleCell013,C3,ExampleControl,2293,7218,2.852166
C3_ExampleCell014,C3,ExampleControl,4752,16820,2.033781
C3_ExampleCell015,C3,ExampleControl,1617,5975,3.155318
C3_ExampleCell016,C3,ExampleControl,2389,8099,3.607468
C3_ExampleCell017,C3,ExampleControl,1745,5828,1.647662
C3_ExampleCell018,C3,ExampleControl,2917,8589,3.745674
C3_ExampleCell019,C3,ExampleControl,3118,9922,3.581728
C3_ExampleCell020,C3,ExampleControl,3085,11347,2.080725
C3_ExampleCell021,C3,ExampleControl,2700,8567,3.854425
C3_ExampleCell022,C3,ExampleControl,2230,7525,1.981415
C3_ExampleCell023,C3,ExampleControl,2920,9912,2.124995
C3_ExampleCell024,C3,ExampleControl,734,2632,4.917926
C3_ExampleCell025,C3,ExampleControl,1718,5716,3.748609
C3_ExampleCell026,C3,ExampleControl,2833,10423,3.205422
C3_ExampleCell027,C3,ExampleControl,4170,14701,2.560639
C3_ExampleCell028,C3,ExampleControl,3520,15354,7.498713
C3_ExampleCell029,C3,ExampleControl,3015,11923,4.146531
C3_ExampleCell030,C3,ExampleControl,2131,5946,4.006298
C3_ExampleCell031,C3,ExampleControl,2171,7272,2.72926
C3_ExampleCell032,C3,ExampleControl,2842,9636,2.758332
C3_ExampleCell033,C3,ExampleControl,7390,27994,4.399065
C3_ExampleCell034,C3,ExampleControl,2849,9136,2.554087
C3_ExampleCell035,C3,ExampleControl,2833,10824,2.008559
C3_ExampleCell036,C3,ExampleControl,3072,9200,3.583174
C3_ExampleCell037,C3,ExampleControl,3822,14129,1.634386
C3_ExampleCell038,C3,ExampleControl,2484,9691,3.911934
C3_ExampleCell039,C3,ExampleControl,2063,5400,3.401825
C3_ExampleCell040,C3,ExampleControl,1476,5463,3.612638
C3_ExampleCell041,C3,ExampleControl,2501,8277,3.861848
C3_ExampleCell042,C3,ExampleControl,2352,7677,4.187668
C3_ExampleCell043,C3,ExampleControl,3259,11598,1.670572
C3_ExampleCell044,C3,ExampleControl,1859,6007,5.959814
C3_ExampleCell045,C3,ExampleControl,3285,10049,4.388263
C3_ExampleCell046,C3,ExampleControl,3355,10614,5.464835
C3_ExampleCell047,C3,ExampleControl,2252,7962,3.72517
C3_ExampleCell048,C3,ExampleControl,3084,10538,3.998613
C3_ExampleCell049,C3,ExampleControl,1619,5269,4.743199
C3_ExampleCell050,C3,ExampleControl,3646,13158,3.820334
C3_ExampleCell051,C3,ExampleControl,1669,5169,5.099287
C3_ExampleCell052,C3,ExampleControl,4376,14537,4.435952
C3_ExampleCell053,C3,ExampleControl,1805,6916,6.257269
C3_ExampleCell054,C3,ExampleControl,1679,4918,3.077663
C3_ExampleCell055,C3,ExampleControl,3025,10109,2.458515
C3_ExampleCell056,C3,ExampleControl,2626,8740,3.412843
C3_ExampleCell057,C3,ExampleControl,2182,7314,2.715555
C3_ExampleCell058,C3,ExampleControl,5835,21831,4.982616
C3_ExampleCell059,C3,ExampleControl,2501,8036,5.402747
C3_ExampleCell060,C3,ExampleControl,3346,13818,4.608673
T1_ExampleCell001,T1,ExampleTreatment,4627,17418,3.540585
T1_ExampleCell002,T1,ExampleTreatment,1555,6353,4.897517
T1_ExampleCell003,T1,ExampleTreatment,2074,6052,4.766368
T1_ExampleCell004,T1,ExampleTreatment,2233,9164,4.648328
T1_ExampleCell005,T1,ExampleTreatment,3472,10058,3.700045
T1_ExampleCell006,T1,ExampleTreatment,1335,4546,5.117817
T1_ExampleCell007,T1,ExampleTreatment,2259,9534,3.968122
T1_ExampleCell008,T1,ExampleTreatment,3088,12722,5.66506
T1_ExampleCell009,T1,ExampleTreatment,1850,5156,3.871564
T1_ExampleCell010,T1,ExampleTreatment,1376,5604,5.871708
T1_ExampleCell011,T1,ExampleTreatment,1952,7709,4.441109
T1_ExampleCell012,T1,ExampleTreatment,1883,7145,4.073923
T1_ExampleCell013,T1,ExampleTreatment,2360,6238,4.111161
T1_ExampleCell014,T1,ExampleTreatment,2769,10105,4.206062
T1_ExampleCell015,T1,ExampleTreatment,4067,16498,4.563278
T1_ExampleCell016,T1,ExampleTreatment,5326,20737,5.346876
T1_ExampleCell017,T1,ExampleTreatment,2496,9246,3.817785
T1_ExampleCell018,T1,ExampleTreatment,4132,14591,3.162698
T1_ExampleCell019,T1,ExampleTreatment,2026,6569,4.60183
T1_ExampleCell020,T1,ExampleTreatment,4443,17267,8.626849
T1_ExampleCell021,T1,ExampleTreatment,4713,15379,3.029518
T1_ExampleCell022,T1,ExampleTreatment,3199,10234,3.682968
T1_ExampleCell023,T1,ExampleTreatment,1869,6909,5.114206
T1_ExampleCell024,T1,ExampleTreatment,321,3277,4.196664
T1_ExampleCell025,T1,ExampleTreatment,5488,19509,4.304072
T1_ExampleCell026,T1,ExampleTreatment,2608,8374,3.119188
T1_ExampleCell027,T1,ExampleTreatment,3932,16352,4.13405
T1_ExampleCell028,T1,ExampleTreatment,2592,7789,2.065077
T1_ExampleCell029,T1,ExampleTreatment,1517,5578,6.307117
T1_ExampleCell030,T1,ExampleTreatment,2843,9778,2.659929
T1_ExampleCell031,T1,ExampleTreatment,4749,17712,5.372247
T1_ExampleCell032,T1,ExampleTreatment,5048,19624,4.632277
T1_ExampleCell033,T1,ExampleTreatment,3050,12572,3.004514
T1_ExampleCell034,T1,ExampleTreatment,3881,14706,3.659569
T1_ExampleCell035,T1,ExampleTreatment,1680,6596,6.330123
T1_ExampleCell036,T1,ExampleTreatment,4562,17680,3.472191
T1_ExampleCell037,T1,ExampleTreatment,1784,6446,3.254121
T1_ExampleCell038,T1,ExampleTreatment,1632,3621,4.823096
T1_ExampleCell039,T1,ExampleTreatment,2363,9142,6.206035
T1_ExampleCell040,T1,ExampleTreatment,5200,19907,4.565688
T1_ExampleCell041,T1,ExampleTreatment,3545,14251,3.716469
T1_ExampleCell042,T1,ExampleTreatment,2619,8696,5.023899
T1_ExampleCell043,T1,ExampleTreatment,4412,17007,3.208094
T1_ExampleCell044,T1,ExampleTreatment,868,2495,5.07882
T1_ExampleCell045,T1,ExampleTreatment,1365,5332,1.879541
T1_ExampleCell046,T1,ExampleTreatment,3205,10105,4.78235
T1_ExampleCell047,T1,ExampleTreatment,4836,17813,4.319553
T1_ExampleCell048,T1,ExampleTreatment,2536,7843,3.128013
T1_ExampleCell049,T1,ExampleTreatment,2918,10416,5.643703
T1_ExampleCell050,T1,ExampleTreatment,2499,8926,4.309435
T1_ExampleCell051,T1,ExampleTreatment,3221,14590,1.614615
T1_ExampleCell052,T1,ExampleTreatment,1496,2929,3.62649
T1_ExampleCell053,T1,ExampleTreatment,3192,11224,3.255155
T1_ExampleCell054,T1,ExampleTreatment,3506,15722,6.549503
T1_ExampleCell055,T1,ExampleTreatment,4483,16884,4.575765
T1_ExampleCell056,T1,ExampleTreatment,3954,16493,5.157595
T1_ExampleCell057,T1,ExampleTreatment,3611,12636,6.959775
T1_ExampleCell058,T1,ExampleTreatment,1493,6125,3.854625
T1_ExampleCell059,T1,ExampleTreatment,3675,13180,5.657086
T1_ExampleCell060,T1,ExampleTreatment,3876,14928,3.086571
T2_ExampleCell001,T2,ExampleTreatment,2482,10014,2.761013
T2_ExampleCell002,T2,ExampleTreatment,4536,18721,5.146594
T2_ExampleCell003,T2,ExampleTreatment,12180,51071,3.879314
T2_ExampleCell004,T2,ExampleTreatment,1718,5899,4.256273
T2_ExampleCell005,T2,ExampleTreatment,2037,8454,2.790357
T2_ExampleCell006,T2,ExampleTreatment,4774,19794,4.121768
T2_ExampleCell007,T2,ExampleTreatment,3159,9852,3.788961
T2_ExampleCell008,T2,ExampleTreatment,2623,10500,4.281554
T2_ExampleCell009,T2,ExampleTreatment,4026,15338,3.437178
T2_ExampleCell010,T2,ExampleTreatment,2131,6534,6.188252
T2_ExampleCell011,T2,ExampleTreatment,2489,9311,4.168108
T2_ExampleCell012,T2,ExampleTreatment,1563,5390,5.108953
T2_ExampleCell013,T2,ExampleTreatment,2881,9771,6.528375
T2_ExampleCell014,T2,ExampleTreatment,1912,5431,5.711455
T2_ExampleCell015,T2,ExampleTreatment,2490,7757,4.935931
T2_ExampleCell016,T2,ExampleTreatment,5340,21258,6.175834
T2_ExampleCell017,T2,ExampleTreatment,3244,11951,6.198081
T2_ExampleCell018,T2,ExampleTreatment,2591,8187,4.439298
T2_ExampleCell019,T2,ExampleTreatment,843,3357,4.565586
T2_ExampleCell020,T2,ExampleTreatment,1638,6781,5.846268
T2_ExampleCell021,T2,ExampleTreatment,3319,12066,5.56064
T2_ExampleCell022,T2,ExampleTreatment,3084,11652,5.290114
T2_ExampleCell023,T2,ExampleTreatment,6282,24114,3.371268
T2_ExampleCell024,T2,ExampleTreatment,3434,13901,3.936737
T2_ExampleCell025,T2,ExampleTreatment,2714,9915,3.611877
T2_ExampleCell026,T2,ExampleTreatment,5131,18975,4.902709
T2_ExampleCell027,T2,ExampleTreatment,2933,10769,2.426738
T2_ExampleCell028,T2,ExampleTreatment,5206,19067,3.79878
T2_ExampleCell029,T2,ExampleTreatment,3602,12410,3.104817
T2_ExampleCell030,T2,ExampleTreatment,4443,15295,4.395577
T2_ExampleCell031,T2,ExampleTreatment,1972,6369,4.666202
T2_ExampleCell032,T2,ExampleTreatment,1762,6009,7.911457
T2_ExampleCell033,T2,ExampleTreatment,1272,4616,4.952163
T2_ExampleCell034,T2,ExampleTreatment,2695,10913,4.183306
T2_ExampleCell035,T2,ExampleTreatment,2552,10144,4.118847
T2_ExampleCell036,T2,ExampleTreatment,3162,12172,4.053396
T2_ExampleCell037,T2,ExampleTreatment,1931,5009,5.806437
T2_ExampleCell038,T2,ExampleTreatment,2986,11664,3.163832
T2_ExampleCell039,T2,ExampleTreatment,1668,7219,3.646265
T2_ExampleCell040,T2,ExampleTreatment,2122,6409,3.803136
T2_ExampleCell041,T2,ExampleTreatment,2981,11958,3.972068
T2_ExampleCell042,T2,ExampleTreatment,2243,7830,5.145026
T2_ExampleCell043,T2,ExampleTreatment,1259,6402,6.445908
T2_ExampleCell044,T2,ExampleTreatment,5345,20423,5.464735
T2_ExampleCell045,T2,ExampleTreatment,1466,5074,3.977682
T2_ExampleCell046,T2,ExampleTreatment,4089,14725,3.751978
T2_ExampleCell047,T2,ExampleTreatment,4422,15722,4.800358
T2_ExampleCell048,T2,ExampleTreatment,2345,8696,5.647264
T2_ExampleCell049,T2,ExampleTreatment,2862,9489,5.787111
T2_ExampleCell050,T2,ExampleTreatment,1835,5420,4.511459
T2_ExampleCell051,T2,ExampleTreatment,2275,6703,4.602125
T2_ExampleCell052,T2,ExampleTreatment,2111,8958,5.009786
T2_ExampleCell053,T2,ExampleTreatment,4969,17598,4.530816
T2_ExampleCell054,T2,ExampleTreatment,3343,12759,3.711831
T2_ExampleCell055,T2,ExampleTreatment,1466,5499,4.913712
T2_ExampleCell056,T2,ExampleTreatment,1173,3901,4.380609
T2_ExampleCell057,T2,ExampleTreatment,3762,13268,7.884095
T2_ExampleCell058,T2,ExampleTreatment,2800,10559,3.451835
T2_ExampleCell059,T2,ExampleTreatment,2073,7602,4.656982
T2_ExampleCell060,T2,ExampleTreatment,1934,7063,5.973834
T3_ExampleCell001,T3,ExampleTreatment,1999,8160,4.280641
T3_ExampleCell002,T3,ExampleTreatment,4301,15331,3.041084
T3_ExampleCell003,T3,ExampleTreatment,1873,6269,2.927308
T3_ExampleCell004,T3,ExampleTreatment,3381,12786,4.058928
T3_ExampleCell005,T3,ExampleTreatment,5853,22821,5.823396
T3_ExampleCell006,T3,ExampleTreatment,2892,10334,4.740892
T3_ExampleCell007,T3,ExampleTreatment,3613,14273,5.878872
T3_ExampleCell008,T3,ExampleTreatment,3423,10890,3.374922
T3_ExampleCell009,T3,ExampleTreatment,3025,10036,3.067508
T3_ExampleCell010,T3,ExampleTreatment,3970,14597,1.673225
T3_ExampleCell011,T3,ExampleTreatment,4146,14805,7.364067
T3_ExampleCell012,T3,ExampleTreatment,3326,11947,3.479392
T3_ExampleCell013,T3,ExampleTreatment,3129,11026,4.346203
T3_ExampleCell014,T3,ExampleTreatment,3035,10246,5.126814
T3_ExampleCell015,T3,ExampleTreatment,3266,10945,6.621268
T3_ExampleCell016,T3,ExampleTreatment,3593,11886,3.327454
T3_ExampleCell017,T3,ExampleTreatment,2105,8946,2.66217
T3_ExampleCell018,T3,ExampleTreatment,2017,6615,5.902627
T3_ExampleCell019,T3,ExampleTreatment,2616,8907,4.691874
T3_ExampleCell020,T3,ExampleTreatment,1721,6828,4.427711
T3_ExampleCell021,T3,ExampleTreatment,3278,11168,5.592496
T3_ExampleCell022,T3,ExampleTreatment,1691,7989,5.903766
T3_ExampleCell023,T3,ExampleTreatment,4539,16216,4.154074
T3_ExampleCell024,T3,ExampleTreatment,4341,15480,3.045809
T3_ExampleCell025,T3,ExampleTreatment,3263,12013,3.362949
T3_ExampleCell026,T3,ExampleTreatment,2601,8811,3.859694
T3_ExampleCell027,T3,ExampleTreatment,1768,5837,5.225965
T3_ExampleCell028,T3,ExampleTreatment,2197,8808,2.732215
T3_ExampleCell029,T3,ExampleTreatment,5142,20666,2.055204
T3_ExampleCell030,T3,ExampleTreatment,2289,8267,2.315026
T3_ExampleCell031,T3,ExampleTreatment,4006,14857,7.72604
T3_ExampleCell032,T3,ExampleTreatment,2343,7807,2.757247
T3_ExampleCell033,T3,ExampleTreatment,3218,10426,5.507934
T3_ExampleCell034,T3,ExampleTreatment,2170,9703,7.451191
T3_ExampleCell035,T3,ExampleTreatment,1962,8008,7.391948
T3_ExampleCell036,T3,ExampleTreatment,2627,9025,4.519296
T3_ExampleCell037,T3,ExampleTreatment,4476,18660,4.074873
T3_ExampleCell038,T3,ExampleTreatment,4142,13529,3.893637
T3_ExampleCell039,T3,ExampleTreatment,4616,17282,4.089042
T3_ExampleCell040,T3,ExampleTreatment,5744,23010,6.674544
T3_ExampleCell041,T3,ExampleTreatment,3026,10049,5.130707
T3_ExampleCell042,T3,ExampleTreatment,2045,7906,3.691047
T3_ExampleCell043,T3,ExampleTreatment,2487,8966,3.922154
T3_ExampleCell044,T3,ExampleTreatment,3092,10349,4.243436
T3_ExampleCell045,T3,ExampleTreatment,2238,7595,5.418201
T3_ExampleCell046,T3,ExampleTreatment,3640,13272,5.053406
T3_ExampleCell047,T3,ExampleTreatment,3628,14030,4.346361
T3_ExampleCell048,T3,ExampleTreatment,3800,14229,3.60274
T3_ExampleCell049,T3,ExampleTreatment,3315,11859,2.726188
T3_ExampleCell050,T3,ExampleTreatment,2565,8484,6.483482
T3_ExampleCell051,T3,ExampleTreatment,3703,13578,4.797509
T3_ExampleCell052,T3,ExampleTreatment,8218,31945,5.297836
T3_ExampleCell053,T3,ExampleTreatment,2391,8669,3.851796
T3_ExampleCell054,T3,ExampleTreatment,1717,5512,4.278208
T3_ExampleCell055,T3,ExampleTreatment,1090,3984,4.256452
T3_ExampleCell056,T3,ExampleTreatment,4100,13564,5.76327
T3_ExampleCell057,T3,ExampleTreatment,2481,8800,3.982845
T3_ExampleCell058,T3,ExampleTreatment,2813,9486,6.784453
T3_ExampleCell059,T3,ExampleTreatment,5068,19711,5.299042
T3_ExampleCell060,T3,ExampleTreatment,2948,8201,5.217881
