regulon,ExampleTF01(+),ExampleTF02(+),ExampleTF03(+),ExampleTF04(+),ExampleTF05(+),ExampleTF06(+),ExampleTF07(+),ExampleTF08(+),ExampleTF09(+),ExampleTF10(+),ExampleTF11(+),ExampleTF12(+),ExampleTF13(+),ExampleTF14(+),ExampleTF15(+),ExampleTF16(+),ExampleTF17(+),ExampleTF18(+),ExampleTF19(+),ExampleTF20(+),ExampleTF21(+),ExampleTF22(+),ExampleTF23(+),ExampleTF24(+)
ExampleTF01(+),1.0,0.658449,0.926528,0.751652,0.693022,0.799336,0.807375,0.836079,0.17483,0.035263,0.219313,0.133023,0.257774,0.210175,0.246995,0.268319,0.173491,0.222449,0.188352,0.1673,0.089325,0.122193,0.119855,0.095605
ExampleTF02(+),0.658449,1.0,0.802684,0.85726,0.66164,0.785565,0.659485,0.707022,0.224159,0.117079,0.23014,0.2658,0.110321,0.084458,0.057644,0.114031,0.218101,0.317946,0.175114,0.1137,0.074881,0.056048,0.272025,0.031523
ExampleTF03(+),0.926528,0.802684,1.0,0.673629,0.874593,0.777256,0.742328,0.894324,0.029328,0.227852,0.091903,0.281889,0.237894,0.261909,0.214541,0.253027,0.243954,0.259064,0.17029,0.243245,0.300933,0.178782,0.196657,0.097842
ExampleTF04(+),0.751652,0.85726,0.673629,1.0,0.678111,0.655053,0.747638,0.837667,0.16946,0.144998,0.075245,0.153311,0.167286,0.098311,0.146246,0.180335,0.315889,0.230855,0.226314,0.269556,0.270973,0.137725,0.31755,0.28386
ExampleTF05(+),0.693022,0.66164,0.874593,0.678111,1.0,0.848502,0.942793,0.842472,0.21712,0.125527,0.091409,0.278205,0.075346,0.105483,0.297744,0.316062,0.063387,0.23987,0.300631,0.027092,0.08219,0.022999,0.115047,0.083442
ExampleTF06(+),0.799336,0.785565,0.777256,0.655053,0.848502,1.0,0.868439,0.718884,0.29377,0.044324,0.111984,0.175949,0.310289,0.061941,0.260445,0.300113,0.311037,0.183815,0.154673,0.086058,0.169762,0.226163,0.168566,0.244883
ExampleTF07(+),0.807375,0.659485,0.742328,0.747638,0.942793,0.868439,1.0,0.816939,0.23677,0.303816,0.02282,0.053656,0.208088,0.129561,0.222826,0.165703,0.209315,0.123347,0.290095,0.235644,0.318942,0.226549,0.145755,0.287932
ExampleTF08(+),0.836079,0.707022,0.894324,0.837667,0.842472,0.718884,0.816939,1.0,0.038195,0.221239,0.238325,0.3053,0.285542,0.136348,0.261034,0.151092,0.133252,0.20436,0.276511,0.151054,0.317395,0.057487,0.139107,0.183577
ExampleTF09(+),0.17483,0.224159,0.029328,0.16946,0.21712,0.29377,0.23677,0.038195,1.0,0.748944,0.679694,0.687008,0.88762,0.804074,0.670229,0.688233,0.184018,0.167346,0.177927,0.119015,0.311713,0.21849,0.24028,0.060941
ExampleTF10(+),0.035263,0.117079,0.227852,0.144998,0.125527,0.044324,0.303816,0.221239,0.748944,1.0,0.733459,0.94658,0.747439,0.654862,0.732817,0.82936,0.232246,0.29118,0.061045,0.166413,0.279355,0.299064,0.101285,0.154307
ExampleTF11(+),0.219313,0.23014,0.091903,0.075245,0.091409,0.111984,0.02282,0.238325,0.679694,0.733459,1.0,0.823853,0.79175,0.854375,0.83077,0.651397,0.236455,0.300953,0.317448,0.116102,0.275548,0.124604,0.283192,0.306279
ExampleTF12(+),0.133023,0.2658,0.281889,0.153311,0.278205,0.175949,0.053656,0.3053,0.687008,0.94658,0.823853,1.0,0.69997,0.949366,0.666335,0.658651,0.210723,0.271642,0.303143,0.220769,0.127895,0.114644,0.253278,0.274487
ExampleTF13(+),0.257774,0.110321,0.237894,0.167286,0.075346,0.310289,0.208088,0.285542,0.88762,0.747439,0.79175,0.69997,1.0,0.874299,0.747972,0.732688,0.185978,0.192567,0.115364,0.298897,0.212598,0.314603,0.309902,0.286074
ExampleTF14(+),0.210175,0.084458,0.261909,0.098311,0.105483,0.061941,0.129561,0.136348,0.804074,0.654862,0.854375,0.949366,0.874299,1.0,0.680801,0.879897,0.16449,0.273546,0.092299,0.250312,0.145131,0.288049,0.069237,0.312153
ExampleTF15(+),0.246995,0.057644,0.214541,0.146246,0.297744,0.260445,0.222826,0.261034,0.670229,0.732817,0.83077,0.666335,0.747972,0.680801,1.0,0.653872,0.031289,0.076912,0.226152,0.073712,0.188266,0.311769,0.274026,0.300102
ExampleTF16(+),0.268319,0.114031,0.253027,0.180335,0.316062,0.300113,0.165703,0.151092,0.688233,0.82936,0.651397,0.658651,0.732688,0.879897,0.653872,1.0,0.192986,0.082517,0.182149,0.29311,0.166046,0.127231,0.156832,0.243247
ExampleTF17(+),0.173491,0.218101,0.243954,0.315889,0.063387,0.311037,0.209315,0.133252,0.184018,0.232246,0.236455,0.210723,0.185978,0.16449,0.031289,0.192986,1.0,0.82703,0.878315,0.746512,0.827723,0.745535,0.891882,0.941757
ExampleTF18(+),0.222449,0.317946,0.259064,0.230855,0.23987,0.183815,0.123347,0.20436,0.167346,0.29118,0.300953,0.271642,0.192567,0.273546,0.076912,0.082517,0.82703,1.0,0.730173,0.792648,0.931926,0.92714,0.823275,0.800077
ExampleTF19(+),0.188352,0.175114,0.17029,0.226314,0.300631,0.154673,0.290095,0.276511,0.177927,0.061045,0.317448,0.303143,0.115364,0.092299,0.226152,0.182149,0.878315,0.730173,1.0,0.727737,0.916866,0.732465,0.756316,0.672475
ExampleTF20(+),0.1673,0.1137,0.243245,0.269556,0.027092,0.086058,0.235644,0.151054,0.119015,0.166413,0.116102,0.220769,0.298897,0.250312,0.073712,0.29311,0.746512,0.792648,0.727737,1.0,0.742775,0.841646,0.692983,0.912234
ExampleTF21(+),0.089325,0.074881,0.300933,0.270973,0.08219,0.169762,0.318942,0.317395,0.311713,0.279355,0.275548,0.127895,0.212598,0.145131,0.188266,0.166046,0.827723,0.931926,0.916866,0.742775,1.0,0.667096,0.764976,0.923777
ExampleTF22(+),0.122193,0.056048,0.178782,0.137725,0.022999,0.226163,0.226549,0.057487,0.21849,0.299064,0.124604,0.114644,0.314603,0.288049,0.311769,0.127231,0.745535,0.92714,0.732465,0.841646,0.667096,1.0,0.866909,0.750056
ExampleTF23(+),0.119855,0.272025,0.196657,0.31755,0.115047,0.168566,0.145755,0.139107,0.24028,0.101285,0.283192,0.253278,0.309902,0.069237,0.274026,0.156832,0.891882,0.823275,0.756316,0.692983,0.764976,0.866909,1.0,0.751954
ExampleTF24(+),0.095605,0.031523,0.097842,0.28386,0.083442,0.244883,0.287932,0.183577,0.060941,0.154307,0.306279,0.274487,0.286074,0.312153,0.300102,0.243247,0.941757,0.800077,0.672475,0.912234,0.923777,0.750056,0.751954,1.0
