regulon,module
ExampleTF01(+),Example module 1
ExampleTF02(+),Example module 1
ExampleTF03(+),Example module 1
ExampleTF04(+),Example module 1
ExampleTF05(+),Example module 1
ExampleTF06(+),Example module 1
ExampleTF07(+),Example module 1
ExampleTF08(+),Example module 1
ExampleTF09(+),Example module 2
ExampleTF10(+),Example module 2
ExampleTF11(+),Example module 2
ExampleTF12(+),Example module 2
ExampleTF13(+),Example module 2
ExampleTF14(+),Example module 2
ExampleTF15(+),Example module 2
ExampleTF16(+),Example module 2
ExampleTF17(+),Example module 3
ExampleTF18(+),Example module 3
ExampleTF19(+),Example module 3
ExampleTF20(+),Example module 3
ExampleTF21(+),Example module 3
ExampleTF22(+),Example module 3
ExampleTF23(+),Example module 3
ExampleTF24(+),Example module 3
