cell_id,sample_id,group,gene,expression
HC_cell001,HC_1,HC,ANXA1,0.7516
HC_cell002,HC_2,HC,ANXA1,0.5398
HC_cell003,HC_1,HC,ANXA1,0
HC_cell004,HC_2,HC,ANXA1,0.7616
HC_cell005,HC_1,HC,ANXA1,0
HC_cell006,HC_2,HC,ANXA1,1.9495
HC_cell007,HC_1,HC,ANXA1,0.879
HC_cell008,HC_2,HC,ANXA1,0.8739
HC_cell009,HC_1,HC,ANXA1,1.8049
HC_cell010,HC_2,HC,ANXA1,0.8596
HC_cell011,HC_1,HC,ANXA1,0.7857
HC_cell012,HC_2,HC,ANXA1,0
HC_cell013,HC_1,HC,ANXA1,0.9108
HC_cell014,HC_2,HC,ANXA1,1.3269
HC_cell015,HC_1,HC,ANXA1,0
HC_cell016,HC_2,HC,ANXA1,1.1311
HC_cell017,HC_1,HC,ANXA1,0
HC_cell018,HC_2,HC,ANXA1,2.5171
HC_cell019,HC_1,HC,ANXA1,0
HC_cell020,HC_2,HC,ANXA1,1.1808
HC_cell021,HC_1,HC,ANXA1,0
HC_cell022,HC_2,HC,ANXA1,0
HC_cell023,HC_1,HC,ANXA1,0
HC_cell024,HC_2,HC,ANXA1,0
HC_cell025,HC_1,HC,ANXA1,2.1673
HC_cell026,HC_2,HC,ANXA1,0
HC_cell027,HC_1,HC,ANXA1,3.0266
HC_cell028,HC_2,HC,ANXA1,0.8503
HC_cell029,HC_1,HC,ANXA1,0
HC_cell030,HC_2,HC,ANXA1,3.5301
HC_cell031,HC_1,HC,ANXA1,0.1189
HC_cell032,HC_2,HC,ANXA1,0
HC_cell033,HC_1,HC,ANXA1,2.1567
HC_cell034,HC_2,HC,ANXA1,2.186
HC_cell035,HC_1,HC,ANXA1,0.5044
HC_cell036,HC_2,HC,ANXA1,0.5632
HC_cell037,HC_1,HC,ANXA1,2.4389
HC_cell038,HC_2,HC,ANXA1,1.5538
HC_cell039,HC_1,HC,ANXA1,1.1365
HC_cell040,HC_2,HC,ANXA1,0.2696
HC_cell041,HC_1,HC,ANXA1,1.2592
HC_cell042,HC_2,HC,ANXA1,0
HC_cell043,HC_1,HC,ANXA1,0.2665
HC_cell044,HC_2,HC,ANXA1,0
HC_cell045,HC_1,HC,ANXA1,0.8627
HC_cell046,HC_2,HC,ANXA1,1.0056
HC_cell047,HC_1,HC,ANXA1,0
HC_cell048,HC_2,HC,ANXA1,1.2191
HC_cell049,HC_1,HC,ANXA1,1.3186
HC_cell050,HC_2,HC,ANXA1,2.3998
HC_cell051,HC_1,HC,ANXA1,1.0298
HC_cell052,HC_2,HC,ANXA1,0
HC_cell053,HC_1,HC,ANXA1,0
HC_cell054,HC_2,HC,ANXA1,1.983
HC_cell055,HC_1,HC,ANXA1,0
HC_cell056,HC_2,HC,ANXA1,0.6548
HC_cell057,HC_1,HC,ANXA1,0
HC_cell058,HC_2,HC,ANXA1,0
HC_cell059,HC_1,HC,ANXA1,0.6838
HC_cell060,HC_2,HC,ANXA1,0
HC_cell061,HC_1,HC,ANXA1,0
HC_cell062,HC_2,HC,ANXA1,1.4677
HC_cell063,HC_1,HC,ANXA1,2.1595
HC_cell064,HC_2,HC,ANXA1,0
HC_cell065,HC_1,HC,ANXA1,0
HC_cell066,HC_2,HC,ANXA1,1.6059
HC_cell067,HC_1,HC,ANXA1,0.7716
HC_cell068,HC_2,HC,ANXA1,0.8702
HC_cell069,HC_1,HC,ANXA1,1.4863
HC_cell070,HC_2,HC,ANXA1,0
HC_cell071,HC_1,HC,ANXA1,0
HC_cell072,HC_2,HC,ANXA1,0
HC_cell073,HC_1,HC,ANXA1,0
HC_cell074,HC_2,HC,ANXA1,1.3962
HC_cell075,HC_1,HC,ANXA1,0
HC_cell076,HC_2,HC,ANXA1,0
HC_cell077,HC_1,HC,ANXA1,3.2819
HC_cell078,HC_2,HC,ANXA1,1.092
HC_cell079,HC_1,HC,ANXA1,0.6466
HC_cell080,HC_2,HC,ANXA1,2.2717
HC_cell081,HC_1,HC,ANXA1,0.5963
HC_cell082,HC_2,HC,ANXA1,0
HC_cell083,HC_1,HC,ANXA1,0
HC_cell084,HC_2,HC,ANXA1,1.0355
HC_cell085,HC_1,HC,ANXA1,0
HC_cell086,HC_2,HC,ANXA1,3.5505
HC_cell087,HC_1,HC,ANXA1,1.5833
HC_cell088,HC_2,HC,ANXA1,0
HC_cell089,HC_1,HC,ANXA1,1.0524
HC_cell090,HC_2,HC,ANXA1,1.0317
HC_cell091,HC_1,HC,ANXA1,4.1754
HC_cell092,HC_2,HC,ANXA1,1.1229
HC_cell093,HC_1,HC,ANXA1,2.2131
HC_cell094,HC_2,HC,ANXA1,0
HC_cell095,HC_1,HC,ANXA1,0.2689
HC_cell096,HC_2,HC,ANXA1,1.4941
HC_cell097,HC_1,HC,ANXA1,0
HC_cell098,HC_2,HC,ANXA1,0
HC_cell099,HC_1,HC,ANXA1,0
HC_cell100,HC_2,HC,ANXA1,0.7054
AEH_cell001,AEH_1,AEH,ANXA1,3.5948
AEH_cell002,AEH_2,AEH,ANXA1,3.5879
AEH_cell003,AEH_1,AEH,ANXA1,4.2622
AEH_cell004,AEH_2,AEH,ANXA1,0.5629
AEH_cell005,AEH_1,AEH,ANXA1,0
AEH_cell006,AEH_2,AEH,ANXA1,2.87
AEH_cell007,AEH_1,AEH,ANXA1,0
AEH_cell008,AEH_2,AEH,ANXA1,1.8943
AEH_cell009,AEH_1,AEH,ANXA1,0.9418
AEH_cell010,AEH_2,AEH,ANXA1,1.2333
AEH_cell011,AEH_1,AEH,ANXA1,0.3426
AEH_cell012,AEH_2,AEH,ANXA1,0.8141
AEH_cell013,AEH_1,AEH,ANXA1,1.3855
AEH_cell014,AEH_2,AEH,ANXA1,1.8099
AEH_cell015,AEH_1,AEH,ANXA1,0
AEH_cell016,AEH_2,AEH,ANXA1,0
AEH_cell017,AEH_1,AEH,ANXA1,0
AEH_cell018,AEH_2,AEH,ANXA1,0
AEH_cell019,AEH_1,AEH,ANXA1,0
AEH_cell020,AEH_2,AEH,ANXA1,0.9141
AEH_cell021,AEH_1,AEH,ANXA1,0
AEH_cell022,AEH_2,AEH,ANXA1,1.933
AEH_cell023,AEH_1,AEH,ANXA1,2.1689
AEH_cell024,AEH_2,AEH,ANXA1,6.1458
AEH_cell025,AEH_1,AEH,ANXA1,1.9529
AEH_cell026,AEH_2,AEH,ANXA1,0
AEH_cell027,AEH_1,AEH,ANXA1,0
AEH_cell028,AEH_2,AEH,ANXA1,6.1329
AEH_cell029,AEH_1,AEH,ANXA1,0
AEH_cell030,AEH_2,AEH,ANXA1,1.0586
AEH_cell031,AEH_1,AEH,ANXA1,0.8171
AEH_cell032,AEH_2,AEH,ANXA1,2.8506
AEH_cell033,AEH_1,AEH,ANXA1,1.9286
AEH_cell034,AEH_2,AEH,ANXA1,1.5334
AEH_cell035,AEH_1,AEH,ANXA1,3.5052
AEH_cell036,AEH_2,AEH,ANXA1,4.095
AEH_cell037,AEH_1,AEH,ANXA1,3.676
AEH_cell038,AEH_2,AEH,ANXA1,2.3868
AEH_cell039,AEH_1,AEH,ANXA1,1.8126
AEH_cell040,AEH_2,AEH,ANXA1,1.6584
AEH_cell041,AEH_1,AEH,ANXA1,8.004
AEH_cell042,AEH_2,AEH,ANXA1,0
AEH_cell043,AEH_1,AEH,ANXA1,1.8217
AEH_cell044,AEH_2,AEH,ANXA1,0.6166
AEH_cell045,AEH_1,AEH,ANXA1,1.4043
AEH_cell046,AEH_2,AEH,ANXA1,0
AEH_cell047,AEH_1,AEH,ANXA1,3.2971
AEH_cell048,AEH_2,AEH,ANXA1,0
AEH_cell049,AEH_1,AEH,ANXA1,0.6417
AEH_cell050,AEH_2,AEH,ANXA1,0
AEH_cell051,AEH_1,AEH,ANXA1,1.6288
AEH_cell052,AEH_2,AEH,ANXA1,3.0196
AEH_cell053,AEH_1,AEH,ANXA1,2.0903
AEH_cell054,AEH_2,AEH,ANXA1,1.2462
AEH_cell055,AEH_1,AEH,ANXA1,2.9141
AEH_cell056,AEH_2,AEH,ANXA1,0
AEH_cell057,AEH_1,AEH,ANXA1,1.4024
AEH_cell058,AEH_2,AEH,ANXA1,3.3352
AEH_cell059,AEH_1,AEH,ANXA1,2.404
AEH_cell060,AEH_2,AEH,ANXA1,1.7006
AEH_cell061,AEH_1,AEH,ANXA1,0
AEH_cell062,AEH_2,AEH,ANXA1,0
AEH_cell063,AEH_1,AEH,ANXA1,1.1416
AEH_cell064,AEH_2,AEH,ANXA1,0
AEH_cell065,AEH_1,AEH,ANXA1,0
AEH_cell066,AEH_2,AEH,ANXA1,2.6968
AEH_cell067,AEH_1,AEH,ANXA1,1.841
AEH_cell068,AEH_2,AEH,ANXA1,0
AEH_cell069,AEH_1,AEH,ANXA1,0
AEH_cell070,AEH_2,AEH,ANXA1,0
AEH_cell071,AEH_1,AEH,ANXA1,1.1849
AEH_cell072,AEH_2,AEH,ANXA1,2.5154
AEH_cell073,AEH_1,AEH,ANXA1,0.122
AEH_cell074,AEH_2,AEH,ANXA1,5.7468
AEH_cell075,AEH_1,AEH,ANXA1,0
AEH_cell076,AEH_2,AEH,ANXA1,0.592
AEH_cell077,AEH_1,AEH,ANXA1,0
AEH_cell078,AEH_2,AEH,ANXA1,5.1966
AEH_cell079,AEH_1,AEH,ANXA1,3.2506
AEH_cell080,AEH_2,AEH,ANXA1,0.7946
AEH_cell081,AEH_1,AEH,ANXA1,0
AEH_cell082,AEH_2,AEH,ANXA1,0.3132
AEH_cell083,AEH_1,AEH,ANXA1,1.0298
AEH_cell084,AEH_2,AEH,ANXA1,3.6002
AEH_cell085,AEH_1,AEH,ANXA1,1.7565
AEH_cell086,AEH_2,AEH,ANXA1,0
AEH_cell087,AEH_1,AEH,ANXA1,1.5723
AEH_cell088,AEH_2,AEH,ANXA1,2.6295
AEH_cell089,AEH_1,AEH,ANXA1,1.0481
AEH_cell090,AEH_2,AEH,ANXA1,1.0727
AEH_cell091,AEH_1,AEH,ANXA1,0
AEH_cell092,AEH_2,AEH,ANXA1,1.8922
AEH_cell093,AEH_1,AEH,ANXA1,3.751
AEH_cell094,AEH_2,AEH,ANXA1,1.225
AEH_cell095,AEH_1,AEH,ANXA1,0
AEH_cell096,AEH_2,AEH,ANXA1,1.3814
AEH_cell097,AEH_1,AEH,ANXA1,0
AEH_cell098,AEH_2,AEH,ANXA1,1.324
AEH_cell099,AEH_1,AEH,ANXA1,3.9611
AEH_cell100,AEH_2,AEH,ANXA1,2.0475
EEC_cell001,EEC_1,EEC,ANXA1,0
EEC_cell002,EEC_2,EEC,ANXA1,1.3388
EEC_cell003,EEC_1,EEC,ANXA1,0
EEC_cell004,EEC_2,EEC,ANXA1,0.6727
EEC_cell005,EEC_1,EEC,ANXA1,2.5334
EEC_cell006,EEC_2,EEC,ANXA1,0
EEC_cell007,EEC_1,EEC,ANXA1,0
EEC_cell008,EEC_2,EEC,ANXA1,2.1594
EEC_cell009,EEC_1,EEC,ANXA1,1.7446
EEC_cell010,EEC_2,EEC,ANXA1,2.164
EEC_cell011,EEC_1,EEC,ANXA1,1.1953
EEC_cell012,EEC_2,EEC,ANXA1,4.4708
EEC_cell013,EEC_1,EEC,ANXA1,0
EEC_cell014,EEC_2,EEC,ANXA1,2.2788
EEC_cell015,EEC_1,EEC,ANXA1,0
EEC_cell016,EEC_2,EEC,ANXA1,0.4738
EEC_cell017,EEC_1,EEC,ANXA1,0
EEC_cell018,EEC_2,EEC,ANXA1,2.5383
EEC_cell019,EEC_1,EEC,ANXA1,0
EEC_cell020,EEC_2,EEC,ANXA1,1.3456
EEC_cell021,EEC_1,EEC,ANXA1,1.9667
EEC_cell022,EEC_2,EEC,ANXA1,1.0706
EEC_cell023,EEC_1,EEC,ANXA1,0.8872
EEC_cell024,EEC_2,EEC,ANXA1,1.8343
EEC_cell025,EEC_1,EEC,ANXA1,1.5973
EEC_cell026,EEC_2,EEC,ANXA1,1.4113
EEC_cell027,EEC_1,EEC,ANXA1,5.1157
EEC_cell028,EEC_2,EEC,ANXA1,2.802
EEC_cell029,EEC_1,EEC,ANXA1,0
EEC_cell030,EEC_2,EEC,ANXA1,0
EEC_cell031,EEC_1,EEC,ANXA1,0.6555
EEC_cell032,EEC_2,EEC,ANXA1,0
EEC_cell033,EEC_1,EEC,ANXA1,0
EEC_cell034,EEC_2,EEC,ANXA1,0
EEC_cell035,EEC_1,EEC,ANXA1,1.4181
EEC_cell036,EEC_2,EEC,ANXA1,2.5584
EEC_cell037,EEC_1,EEC,ANXA1,1.3458
EEC_cell038,EEC_2,EEC,ANXA1,0
EEC_cell039,EEC_1,EEC,ANXA1,0
EEC_cell040,EEC_2,EEC,ANXA1,0
EEC_cell041,EEC_1,EEC,ANXA1,0
EEC_cell042,EEC_2,EEC,ANXA1,0
EEC_cell043,EEC_1,EEC,ANXA1,0
EEC_cell044,EEC_2,EEC,ANXA1,1.0332
EEC_cell045,EEC_1,EEC,ANXA1,0.4725
EEC_cell046,EEC_2,EEC,ANXA1,2.436
EEC_cell047,EEC_1,EEC,ANXA1,1.081
EEC_cell048,EEC_2,EEC,ANXA1,2.5103
EEC_cell049,EEC_1,EEC,ANXA1,1.1571
EEC_cell050,EEC_2,EEC,ANXA1,1.0285
EEC_cell051,EEC_1,EEC,ANXA1,0
EEC_cell052,EEC_2,EEC,ANXA1,0.9686
EEC_cell053,EEC_1,EEC,ANXA1,0
EEC_cell054,EEC_2,EEC,ANXA1,0
EEC_cell055,EEC_1,EEC,ANXA1,1.0004
EEC_cell056,EEC_2,EEC,ANXA1,0
EEC_cell057,EEC_1,EEC,ANXA1,0
EEC_cell058,EEC_2,EEC,ANXA1,1.234
EEC_cell059,EEC_1,EEC,ANXA1,0
EEC_cell060,EEC_2,EEC,ANXA1,0
EEC_cell061,EEC_1,EEC,ANXA1,1.703
EEC_cell062,EEC_2,EEC,ANXA1,0
EEC_cell063,EEC_1,EEC,ANXA1,0
EEC_cell064,EEC_2,EEC,ANXA1,0.9825
EEC_cell065,EEC_1,EEC,ANXA1,0
EEC_cell066,EEC_2,EEC,ANXA1,0
EEC_cell067,EEC_1,EEC,ANXA1,0
EEC_cell068,EEC_2,EEC,ANXA1,0.7869
EEC_cell069,EEC_1,EEC,ANXA1,0
EEC_cell070,EEC_2,EEC,ANXA1,1.6462
EEC_cell071,EEC_1,EEC,ANXA1,0
EEC_cell072,EEC_2,EEC,ANXA1,0.2076
EEC_cell073,EEC_1,EEC,ANXA1,4.89
EEC_cell074,EEC_2,EEC,ANXA1,2.4059
EEC_cell075,EEC_1,EEC,ANXA1,0
EEC_cell076,EEC_2,EEC,ANXA1,0
EEC_cell077,EEC_1,EEC,ANXA1,2.528
EEC_cell078,EEC_2,EEC,ANXA1,2.8931
EEC_cell079,EEC_1,EEC,ANXA1,4.7961
EEC_cell080,EEC_2,EEC,ANXA1,0
EEC_cell081,EEC_1,EEC,ANXA1,0
EEC_cell082,EEC_2,EEC,ANXA1,0
EEC_cell083,EEC_1,EEC,ANXA1,0
EEC_cell084,EEC_2,EEC,ANXA1,0.8361
EEC_cell085,EEC_1,EEC,ANXA1,0.5751
EEC_cell086,EEC_2,EEC,ANXA1,0.9266
EEC_cell087,EEC_1,EEC,ANXA1,0
EEC_cell088,EEC_2,EEC,ANXA1,0
EEC_cell089,EEC_1,EEC,ANXA1,1.501
EEC_cell090,EEC_2,EEC,ANXA1,0.6545
EEC_cell091,EEC_1,EEC,ANXA1,0
EEC_cell092,EEC_2,EEC,ANXA1,0
EEC_cell093,EEC_1,EEC,ANXA1,1.1009
EEC_cell094,EEC_2,EEC,ANXA1,0.3079
EEC_cell095,EEC_1,EEC,ANXA1,0.8301
EEC_cell096,EEC_2,EEC,ANXA1,4.4485
EEC_cell097,EEC_1,EEC,ANXA1,0
EEC_cell098,EEC_2,EEC,ANXA1,1.4992
EEC_cell099,EEC_1,EEC,ANXA1,0
EEC_cell100,EEC_2,EEC,ANXA1,0.7812
HC_cell001,HC_1,HC,CXCL1,2.4369
HC_cell002,HC_2,HC,CXCL1,0
HC_cell003,HC_1,HC,CXCL1,0.7705
HC_cell004,HC_2,HC,CXCL1,2.0419
HC_cell005,HC_1,HC,CXCL1,1.7762
HC_cell006,HC_2,HC,CXCL1,5.3629
HC_cell007,HC_1,HC,CXCL1,0.5606
HC_cell008,HC_2,HC,CXCL1,0.7809
HC_cell009,HC_1,HC,CXCL1,2.3666
HC_cell010,HC_2,HC,CXCL1,1.4641
HC_cell011,HC_1,HC,CXCL1,1.1248
HC_cell012,HC_2,HC,CXCL1,3.1864
HC_cell013,HC_1,HC,CXCL1,0.7101
HC_cell014,HC_2,HC,CXCL1,2.0344
HC_cell015,HC_1,HC,CXCL1,0
HC_cell016,HC_2,HC,CXCL1,0
HC_cell017,HC_1,HC,CXCL1,0.8989
HC_cell018,HC_2,HC,CXCL1,2.6663
HC_cell019,HC_1,HC,CXCL1,0
HC_cell020,HC_2,HC,CXCL1,0
HC_cell021,HC_1,HC,CXCL1,0
HC_cell022,HC_2,HC,CXCL1,1.47
HC_cell023,HC_1,HC,CXCL1,0
HC_cell024,HC_2,HC,CXCL1,0
HC_cell025,HC_1,HC,CXCL1,1.2559
HC_cell026,HC_2,HC,CXCL1,0
HC_cell027,HC_1,HC,CXCL1,0.9046
HC_cell028,HC_2,HC,CXCL1,0
HC_cell029,HC_1,HC,CXCL1,2.7144
HC_cell030,HC_2,HC,CXCL1,0.7246
HC_cell031,HC_1,HC,CXCL1,0
HC_cell032,HC_2,HC,CXCL1,1.6595
HC_cell033,HC_1,HC,CXCL1,0.7707
HC_cell034,HC_2,HC,CXCL1,0.7552
HC_cell035,HC_1,HC,CXCL1,1.8607
HC_cell036,HC_2,HC,CXCL1,1.5797
HC_cell037,HC_1,HC,CXCL1,2.2449
HC_cell038,HC_2,HC,CXCL1,1.4531
HC_cell039,HC_1,HC,CXCL1,0
HC_cell040,HC_2,HC,CXCL1,3.2973
HC_cell041,HC_1,HC,CXCL1,0.9863
HC_cell042,HC_2,HC,CXCL1,1.4362
HC_cell043,HC_1,HC,CXCL1,0
HC_cell044,HC_2,HC,CXCL1,0
HC_cell045,HC_1,HC,CXCL1,0
HC_cell046,HC_2,HC,CXCL1,0
HC_cell047,HC_1,HC,CXCL1,1.2024
HC_cell048,HC_2,HC,CXCL1,0
HC_cell049,HC_1,HC,CXCL1,1.6881
HC_cell050,HC_2,HC,CXCL1,0.7577
HC_cell051,HC_1,HC,CXCL1,0
HC_cell052,HC_2,HC,CXCL1,0.9227
HC_cell053,HC_1,HC,CXCL1,0
HC_cell054,HC_2,HC,CXCL1,0
HC_cell055,HC_1,HC,CXCL1,0
HC_cell056,HC_2,HC,CXCL1,0.47
HC_cell057,HC_1,HC,CXCL1,0
HC_cell058,HC_2,HC,CXCL1,0
HC_cell059,HC_1,HC,CXCL1,0.3874
HC_cell060,HC_2,HC,CXCL1,0
HC_cell061,HC_1,HC,CXCL1,0
HC_cell062,HC_2,HC,CXCL1,0
HC_cell063,HC_1,HC,CXCL1,0
HC_cell064,HC_2,HC,CXCL1,0.9614
HC_cell065,HC_1,HC,CXCL1,0.8662
HC_cell066,HC_2,HC,CXCL1,1.7633
HC_cell067,HC_1,HC,CXCL1,0
HC_cell068,HC_2,HC,CXCL1,0.2397
HC_cell069,HC_1,HC,CXCL1,0
HC_cell070,HC_2,HC,CXCL1,0.3153
HC_cell071,HC_1,HC,CXCL1,0
HC_cell072,HC_2,HC,CXCL1,1.478
HC_cell073,HC_1,HC,CXCL1,0
HC_cell074,HC_2,HC,CXCL1,1.226
HC_cell075,HC_1,HC,CXCL1,3.1292
HC_cell076,HC_2,HC,CXCL1,0
HC_cell077,HC_1,HC,CXCL1,0
HC_cell078,HC_2,HC,CXCL1,0
HC_cell079,HC_1,HC,CXCL1,5.2604
HC_cell080,HC_2,HC,CXCL1,1.3356
HC_cell081,HC_1,HC,CXCL1,0
HC_cell082,HC_2,HC,CXCL1,0
HC_cell083,HC_1,HC,CXCL1,1.205
HC_cell084,HC_2,HC,CXCL1,0
HC_cell085,HC_1,HC,CXCL1,1.6242
HC_cell086,HC_2,HC,CXCL1,0
HC_cell087,HC_1,HC,CXCL1,0
HC_cell088,HC_2,HC,CXCL1,0
HC_cell089,HC_1,HC,CXCL1,0.2283
HC_cell090,HC_2,HC,CXCL1,0
HC_cell091,HC_1,HC,CXCL1,0.5753
HC_cell092,HC_2,HC,CXCL1,1.3931
HC_cell093,HC_1,HC,CXCL1,0
HC_cell094,HC_2,HC,CXCL1,0.1659
HC_cell095,HC_1,HC,CXCL1,0
HC_cell096,HC_2,HC,CXCL1,2.6205
HC_cell097,HC_1,HC,CXCL1,1.2171
HC_cell098,HC_2,HC,CXCL1,0
HC_cell099,HC_1,HC,CXCL1,1.5339
HC_cell100,HC_2,HC,CXCL1,0
AEH_cell001,AEH_1,AEH,CXCL1,1.7206
AEH_cell002,AEH_2,AEH,CXCL1,2.7763
AEH_cell003,AEH_1,AEH,CXCL1,1.2963
AEH_cell004,AEH_2,AEH,CXCL1,0
AEH_cell005,AEH_1,AEH,CXCL1,1.0653
AEH_cell006,AEH_2,AEH,CXCL1,2.8008
AEH_cell007,AEH_1,AEH,CXCL1,1.49
AEH_cell008,AEH_2,AEH,CXCL1,0
AEH_cell009,AEH_1,AEH,CXCL1,1.1464
AEH_cell010,AEH_2,AEH,CXCL1,0
AEH_cell011,AEH_1,AEH,CXCL1,0
AEH_cell012,AEH_2,AEH,CXCL1,0
AEH_cell013,AEH_1,AEH,CXCL1,7.0509
AEH_cell014,AEH_2,AEH,CXCL1,2.053
AEH_cell015,AEH_1,AEH,CXCL1,0
AEH_cell016,AEH_2,AEH,CXCL1,0.1464
AEH_cell017,AEH_1,AEH,CXCL1,3.326
AEH_cell018,AEH_2,AEH,CXCL1,1.5685
AEH_cell019,AEH_1,AEH,CXCL1,0
AEH_cell020,AEH_2,AEH,CXCL1,2.8008
AEH_cell021,AEH_1,AEH,CXCL1,2.0316
AEH_cell022,AEH_2,AEH,CXCL1,2.5218
AEH_cell023,AEH_1,AEH,CXCL1,0.7992
AEH_cell024,AEH_2,AEH,CXCL1,3.5734
AEH_cell025,AEH_1,AEH,CXCL1,0
AEH_cell026,AEH_2,AEH,CXCL1,0
AEH_cell027,AEH_1,AEH,CXCL1,0
AEH_cell028,AEH_2,AEH,CXCL1,0
AEH_cell029,AEH_1,AEH,CXCL1,0
AEH_cell030,AEH_2,AEH,CXCL1,0
AEH_cell031,AEH_1,AEH,CXCL1,0.5484
AEH_cell032,AEH_2,AEH,CXCL1,1.3694
AEH_cell033,AEH_1,AEH,CXCL1,0.6063
AEH_cell034,AEH_2,AEH,CXCL1,1.3499
AEH_cell035,AEH_1,AEH,CXCL1,0
AEH_cell036,AEH_2,AEH,CXCL1,0.2444
AEH_cell037,AEH_1,AEH,CXCL1,0
AEH_cell038,AEH_2,AEH,CXCL1,1.6827
AEH_cell039,AEH_1,AEH,CXCL1,1.0348
AEH_cell040,AEH_2,AEH,CXCL1,3.8535
AEH_cell041,AEH_1,AEH,CXCL1,3.248
AEH_cell042,AEH_2,AEH,CXCL1,0
AEH_cell043,AEH_1,AEH,CXCL1,3.3895
AEH_cell044,AEH_2,AEH,CXCL1,0
AEH_cell045,AEH_1,AEH,CXCL1,1.252
AEH_cell046,AEH_2,AEH,CXCL1,0
AEH_cell047,AEH_1,AEH,CXCL1,0
AEH_cell048,AEH_2,AEH,CXCL1,0
AEH_cell049,AEH_1,AEH,CXCL1,0
AEH_cell050,AEH_2,AEH,CXCL1,0
AEH_cell051,AEH_1,AEH,CXCL1,2.2535
AEH_cell052,AEH_2,AEH,CXCL1,0
AEH_cell053,AEH_1,AEH,CXCL1,0.2991
AEH_cell054,AEH_2,AEH,CXCL1,1.2877
AEH_cell055,AEH_1,AEH,CXCL1,3.1071
AEH_cell056,AEH_2,AEH,CXCL1,1.0567
AEH_cell057,AEH_1,AEH,CXCL1,5.6533
AEH_cell058,AEH_2,AEH,CXCL1,0
AEH_cell059,AEH_1,AEH,CXCL1,1.1694
AEH_cell060,AEH_2,AEH,CXCL1,0
AEH_cell061,AEH_1,AEH,CXCL1,0.1265
AEH_cell062,AEH_2,AEH,CXCL1,2.7879
AEH_cell063,AEH_1,AEH,CXCL1,4.2904
AEH_cell064,AEH_2,AEH,CXCL1,1.7887
AEH_cell065,AEH_1,AEH,CXCL1,3.8604
AEH_cell066,AEH_2,AEH,CXCL1,1.9835
AEH_cell067,AEH_1,AEH,CXCL1,3.0148
AEH_cell068,AEH_2,AEH,CXCL1,1.4484
AEH_cell069,AEH_1,AEH,CXCL1,1.1159
AEH_cell070,AEH_2,AEH,CXCL1,1.187
AEH_cell071,AEH_1,AEH,CXCL1,1.4363
AEH_cell072,AEH_2,AEH,CXCL1,0
AEH_cell073,AEH_1,AEH,CXCL1,1.6944
AEH_cell074,AEH_2,AEH,CXCL1,3.1064
AEH_cell075,AEH_1,AEH,CXCL1,1.5798
AEH_cell076,AEH_2,AEH,CXCL1,0.8628
AEH_cell077,AEH_1,AEH,CXCL1,0
AEH_cell078,AEH_2,AEH,CXCL1,2.4362
AEH_cell079,AEH_1,AEH,CXCL1,0
AEH_cell080,AEH_2,AEH,CXCL1,2.5442
AEH_cell081,AEH_1,AEH,CXCL1,3.7896
AEH_cell082,AEH_2,AEH,CXCL1,3.7991
AEH_cell083,AEH_1,AEH,CXCL1,0.7006
AEH_cell084,AEH_2,AEH,CXCL1,4.6751
AEH_cell085,AEH_1,AEH,CXCL1,4.0977
AEH_cell086,AEH_2,AEH,CXCL1,0
AEH_cell087,AEH_1,AEH,CXCL1,2.2516
AEH_cell088,AEH_2,AEH,CXCL1,0.8419
AEH_cell089,AEH_1,AEH,CXCL1,2.5099
AEH_cell090,AEH_2,AEH,CXCL1,0.9583
AEH_cell091,AEH_1,AEH,CXCL1,0
AEH_cell092,AEH_2,AEH,CXCL1,0
AEH_cell093,AEH_1,AEH,CXCL1,2.5535
AEH_cell094,AEH_2,AEH,CXCL1,0.7471
AEH_cell095,AEH_1,AEH,CXCL1,2.2446
AEH_cell096,AEH_2,AEH,CXCL1,0.565
AEH_cell097,AEH_1,AEH,CXCL1,0.3425
AEH_cell098,AEH_2,AEH,CXCL1,0.8145
AEH_cell099,AEH_1,AEH,CXCL1,0
AEH_cell100,AEH_2,AEH,CXCL1,0
EEC_cell001,EEC_1,EEC,CXCL1,0
EEC_cell002,EEC_2,EEC,CXCL1,0
EEC_cell003,EEC_1,EEC,CXCL1,0
EEC_cell004,EEC_2,EEC,CXCL1,0
EEC_cell005,EEC_1,EEC,CXCL1,0
EEC_cell006,EEC_2,EEC,CXCL1,0
EEC_cell007,EEC_1,EEC,CXCL1,0
EEC_cell008,EEC_2,EEC,CXCL1,1.1687
EEC_cell009,EEC_1,EEC,CXCL1,0
EEC_cell010,EEC_2,EEC,CXCL1,0
EEC_cell011,EEC_1,EEC,CXCL1,0
EEC_cell012,EEC_2,EEC,CXCL1,0
EEC_cell013,EEC_1,EEC,CXCL1,0
EEC_cell014,EEC_2,EEC,CXCL1,0
EEC_cell015,EEC_1,EEC,CXCL1,0.7005
EEC_cell016,EEC_2,EEC,CXCL1,2.8908
EEC_cell017,EEC_1,EEC,CXCL1,0
EEC_cell018,EEC_2,EEC,CXCL1,0.2809
EEC_cell019,EEC_1,EEC,CXCL1,2.374
EEC_cell020,EEC_2,EEC,CXCL1,3.2284
EEC_cell021,EEC_1,EEC,CXCL1,1.1638
EEC_cell022,EEC_2,EEC,CXCL1,0.9851
EEC_cell023,EEC_1,EEC,CXCL1,0
EEC_cell024,EEC_2,EEC,CXCL1,0.8871
EEC_cell025,EEC_1,EEC,CXCL1,0
EEC_cell026,EEC_2,EEC,CXCL1,0
EEC_cell027,EEC_1,EEC,CXCL1,0.5307
EEC_cell028,EEC_2,EEC,CXCL1,0
EEC_cell029,EEC_1,EEC,CXCL1,0
EEC_cell030,EEC_2,EEC,CXCL1,0.505
EEC_cell031,EEC_1,EEC,CXCL1,2.3501
EEC_cell032,EEC_2,EEC,CXCL1,0
EEC_cell033,EEC_1,EEC,CXCL1,0
EEC_cell034,EEC_2,EEC,CXCL1,2.1709
EEC_cell035,EEC_1,EEC,CXCL1,0.3149
EEC_cell036,EEC_2,EEC,CXCL1,0
EEC_cell037,EEC_1,EEC,CXCL1,0
EEC_cell038,EEC_2,EEC,CXCL1,0.5202
EEC_cell039,EEC_1,EEC,CXCL1,0.9693
EEC_cell040,EEC_2,EEC,CXCL1,1.9743
EEC_cell041,EEC_1,EEC,CXCL1,0
EEC_cell042,EEC_2,EEC,CXCL1,1.1833
EEC_cell043,EEC_1,EEC,CXCL1,0
EEC_cell044,EEC_2,EEC,CXCL1,0
EEC_cell045,EEC_1,EEC,CXCL1,0
EEC_cell046,EEC_2,EEC,CXCL1,0
EEC_cell047,EEC_1,EEC,CXCL1,0
EEC_cell048,EEC_2,EEC,CXCL1,1.2316
EEC_cell049,EEC_1,EEC,CXCL1,0.6488
EEC_cell050,EEC_2,EEC,CXCL1,0.7192
EEC_cell051,EEC_1,EEC,CXCL1,1.2355
EEC_cell052,EEC_2,EEC,CXCL1,1.9665
EEC_cell053,EEC_1,EEC,CXCL1,0
EEC_cell054,EEC_2,EEC,CXCL1,1.8493
EEC_cell055,EEC_1,EEC,CXCL1,0
EEC_cell056,EEC_2,EEC,CXCL1,4.279
EEC_cell057,EEC_1,EEC,CXCL1,0.9266
EEC_cell058,EEC_2,EEC,CXCL1,0
EEC_cell059,EEC_1,EEC,CXCL1,4.4367
EEC_cell060,EEC_2,EEC,CXCL1,1.1501
EEC_cell061,EEC_1,EEC,CXCL1,2.5363
EEC_cell062,EEC_2,EEC,CXCL1,0
EEC_cell063,EEC_1,EEC,CXCL1,1.9135
EEC_cell064,EEC_2,EEC,CXCL1,0
EEC_cell065,EEC_1,EEC,CXCL1,1.2647
EEC_cell066,EEC_2,EEC,CXCL1,0
EEC_cell067,EEC_1,EEC,CXCL1,0
EEC_cell068,EEC_2,EEC,CXCL1,1.7767
EEC_cell069,EEC_1,EEC,CXCL1,0
EEC_cell070,EEC_2,EEC,CXCL1,0
EEC_cell071,EEC_1,EEC,CXCL1,0
EEC_cell072,EEC_2,EEC,CXCL1,1.9224
EEC_cell073,EEC_1,EEC,CXCL1,0
EEC_cell074,EEC_2,EEC,CXCL1,1.7802
EEC_cell075,EEC_1,EEC,CXCL1,0
EEC_cell076,EEC_2,EEC,CXCL1,0.9825
EEC_cell077,EEC_1,EEC,CXCL1,1.4689
EEC_cell078,EEC_2,EEC,CXCL1,0.8096
EEC_cell079,EEC_1,EEC,CXCL1,0
EEC_cell080,EEC_2,EEC,CXCL1,0.6106
EEC_cell081,EEC_1,EEC,CXCL1,0
EEC_cell082,EEC_2,EEC,CXCL1,0
EEC_cell083,EEC_1,EEC,CXCL1,0.8616
EEC_cell084,EEC_2,EEC,CXCL1,0.8732
EEC_cell085,EEC_1,EEC,CXCL1,0
EEC_cell086,EEC_2,EEC,CXCL1,0.4787
EEC_cell087,EEC_1,EEC,CXCL1,1.1237
EEC_cell088,EEC_2,EEC,CXCL1,1.3352
EEC_cell089,EEC_1,EEC,CXCL1,0
EEC_cell090,EEC_2,EEC,CXCL1,3.806
EEC_cell091,EEC_1,EEC,CXCL1,0
EEC_cell092,EEC_2,EEC,CXCL1,0
EEC_cell093,EEC_1,EEC,CXCL1,2.201
EEC_cell094,EEC_2,EEC,CXCL1,0
EEC_cell095,EEC_1,EEC,CXCL1,0
EEC_cell096,EEC_2,EEC,CXCL1,0
EEC_cell097,EEC_1,EEC,CXCL1,1.2091
EEC_cell098,EEC_2,EEC,CXCL1,0
EEC_cell099,EEC_1,EEC,CXCL1,4.4564
EEC_cell100,EEC_2,EEC,CXCL1,1.1226
