regulon,AAACCCAGTAGACTGG-1_1,AAACGAAGTTCCAGGC-1_1,AAACGCTAGTCATCGT-1_1,AAACGCTTCCATAGAC-1_1,AAAGGATAGAGCAGCT-1_1,AAAGGATGTACAGAGC-1_1,AAAGGGCGTTGATCGT-1_1,AAAGGGCTCGCGAAGA-1_1,AAAGGTAGTTGCAAGG-1_1,AAAGTCCAGACTCAAA-1_1,AAAGTCCAGATCGCTT-1_1,AAAGTCCAGCGATGGT-1_1,AAAGTCCAGGATTTAG-1_1,AAAGTCCCAGGGAATC-1_1,AAAGTGACAACTTCTT-1_1,AAAGTGATCATTGCCC-1_1,AAATGGACATGGGAAC-1_1,AAATGGATCTCGCAGG-1_1,AACAAAGAGAATAGTC-1_1,AACAAAGAGTCCGCCA-1_1,AACAAAGGTAGACAAT-1_1,AACAAAGTCATAGCAC-1_1,AACAAGAAGCTGCCAC-1_1,AACAAGACAATTTCGG-1_1,AACAAGATCGACGATT-1_1,AACACACGTTCATCGA-1_1,AACACACTCCGTAATG-1_1,AACAGGGTCCCAGGAC-1_1,AACCAACCATATGGCT-1_1,AACCAACCATCCGAGC-1_1,AACCAACTCATCGTAG-1_1,AACCAACTCCTCAGAA-1_1,AACCACACAGAGACTG-1_1,AACCACATCTGGACTA-1_1,AACCATGCACCCAAGC-1_1,AACCATGCACTACCGG-1_1,AACCATGGTCGAGTGA-1_1,AACCATGGTCGTCGGT-1_1,AACCATGTCCAAGCCG-1_1,AACCCAACATCCGGTG-1_1,AACCCAAGTCGAGCTC-1_1,AACCCAATCGGCCAAC-1_1,AACCTGAAGTTCCATG-1_1,AACCTGAGTTTCCCAC-1_1,AACCTTTAGAGCCCAA-1_1,AACCTTTGTCATGCAT-1_1,AACGAAACATGGGCAA-1_1,AACGAAAGTAAGACCG-1_1,AACGAAAGTGACAACG-1_1,AACGGGAAGCATAGGC-1_1,AACTTCTAGAAGCGAA-1_1,AACTTCTAGCCTATCA-1_1,AACTTCTAGGTACTGG-1_1,AACTTCTGTGCTCGTG-1_1,AAGACAACATTCACCC-1_1,AAGACAACATTGACCA-1_1,AAGATAGAGAGCAGTC-1_1,AAGATAGAGCTCGACC-1_1,AAGCATCCAGAATGTA-1_1,AAGCATCCAGTTTGGT-1_1,AAGCCATTCGATGGAG-1_1,AAGCGAGAGGTGATAT-1_1,AAGCGAGCAAGACTGG-1_1,AAGCGAGCAGAAGTGC-1_1,AAGCGAGGTAACAAGT-1_1,AAGCGAGTCCGCGATG-1_1,AAGCGAGTCGGTAGGA-1_1,AAGCGTTAGAGGCCAT-1_1,AAGCGTTTCGCAGTTA-1_1,AAGGAATCATACAGGG-1_1,AAGGTAAAGCTCTGTA-1_1,AAGGTAACAGAGGTAC-1_1,AAGGTAATCACGGAGA-1_1,AAGTACCGTCTAACGT-1_1,AAGTACCTCGATACTG-1_1,AAGTCGTGTCGGCCTA-1_1,AAGTCGTTCCTCACTG-1_1,AAGTGAAAGGATGGCT-1_1,AAGTGAAAGTGCACCC-1_1,AAGTTCGAGCGATTCT-1_1
BACH2(+),0.19442569151429911,0.1740865760275043,0.06043756837005782,0.07364588216908892,0.05362712923894358,0.1746757305829036,0.19011564306922957,0.04622441006407251,0.07177684013127052,0.14489764025629004,0.04688545085169558,0.20524300671979998,0.17933739646819816,0.04483669323331771,0.1485700890764182,0.10578684169401469,0.038746679168620096,0.04292076887013596,0.19058290357868418,0.04347398030942335,0.06438506016565089,0.11777308954524145,0.06865916549460853,0.2349023284888264,0.21275199249882795,0.1738099703078606,0.21805125800906391,0.13937490232848881,0.218937333958431,0.1538380997030786,0.19206438506016565,0.08569463978746679,0.16063291139240507,0.09465072667604313,0.21022034692920769,0.07872792623847476,0.07960618846694796,0.15248945147679324,0.1654602281606501,0.14259102984841382,0.16295827473042662,0.06129395218002813,0.1808704485075793,0.21050632911392406,0.07075636818252852,0.22067823097358963,0.21251758087201125,0.09973433348960775,0.07481794030317238,0.10543991248632599,0.06049382716049383,0.10889201437724645,0.116657290201594,0.1751148616971402,0.07170339115486794,0.23358180965775902,0.09689326457258947,0.15672605094546022,0.18801375214877325,0.14707923112986404,0.045735271136115016,0.061329895296140025,0.166502578527895,0.17976246288482575,0.07801375214877325,0.1508720112517581,0.24690889201437724,0.23173620878262227,0.09351773714642914,0.06324425691514299,0.11881075167994999,0.2059712455071105,0.19088920143772464,0.06437412095639944,0.17238943584935146,0.1205094546022816,0.10882481637755899,0.07033598999843725,0.08191592436318175,0.13348023128613845
BCL6(+),0.05975021533161068,0.0461068044788975,0.06919896640826874,0.05152454780361757,0.047915590008613264,0.03681309216192937,0.07414298018949182,0.07957795004306632,0.11084409991386736,0.01843238587424634,0.06652885443583118,0.056296296296296296,0.02640826873385013,0.05590008613264427,0.03785529715762274,0.08708871662360035,0.01806201550387597,0.038492678725236866,0.07140396210163652,0.02329888027562446,0.07533161068044789,0.05553832902670112,0.11843238587424634,0.07897502153316106,0.0656244616709733,0.03671834625322998,0.04835486649440138,0.07582256675279932,0.05937123169681309,0.02269595176571921,0.06279931093884582,0.0733677863910422,0.038699397071490095,0.08619293712316968,0.04799310938845822,0.07706287683031869,0.056847545219638244,0.05892334194659776,0.08372954349698536,0.02500430663221361,0.02049095607235142,0.10393626184323859,0.06598621877691645,0.06177433247200689,0.04357450473729543,0.05801894918173988,0.031291989664082684,0.1033677863910422,0.04385012919896641,0.10254091300602929,0.052093023255813956,0.14771748492678724,0.04954349698535745,0.04062015503875969,0.0710594315245478,0.05702842377260982,0.07768303186907838,0.07968992248062015,0.04530577088716624,0.052136089577950046,0.06086993970714901,0.05070628768303187,0.0772609819121447,0.04339362618432386,0.11349698535745048,0.06928509905254092,0.07177433247200689,0.04943152454780362,0.13645994832041344,0.013652024117140397,0.12454780361757106,0.05135228251507321,0.05559862187769164,0.10260120585701982,0.06362618432385875,0.03658914728682171,0.05743324720068906,0.10196382428940569,0.05664944013781223,0.021886304909560724
CEBPA(+),0.06723905723905724,0.12925925925925927,0.043872053872053875,0.02797979797979798,0.014478114478114479,0.06656565656565656,0.06447811447811448,0.0,0.053737373737373736,0.1005050505050505,0.0331986531986532,0.042861952861952865,0.020033670033670032,0.029292929292929294,0.1290909090909091,0.0021548821548821547,0.02808080808080808,0.03053872053872054,0.08976430976430977,0.0398989898989899,0.03895622895622896,0.03949494949494949,0.09589225589225589,0.03616161616161616,0.034915824915824914,0.14053872053872055,0.04461279461279461,0.29198653198653196,0.049023569023569025,0.08717171717171718,0.04922558922558923,0.09272727272727273,0.09936026936026936,0.02952861952861953,0.03828282828282828,0.018383838383838384,0.04451178451178451,0.05094276094276094,0.1294949494949495,0.1348148148148148,0.03404040404040404,0.0,0.04757575757575758,0.04276094276094276,0.02259259259259259,0.056262626262626264,0.06026936026936027,0.044915824915824916,0.030740740740740742,0.3857912457912458,0.0,0.029932659932659932,0.0,0.039764309764309766,0.032895622895622895,0.047003367003367005,0.006464646464646465,0.0,0.07427609427609427,0.052087542087542085,0.0,0.00569023569023569,0.0964983164983165,0.062491582491582494,0.0,0.048484848484848485,0.043367003367003366,0.07589225589225589,0.04148148148148148,0.056195286195286194,0.0,0.04164983164983165,0.041784511784511785,0.03303030303030303,0.06471380471380471,0.24794612794612794,0.1618181818181818,0.02878787878787879,0.0,0.0765993265993266
CEBPB(+),0.04853239406553528,0.07683850997972036,0.026897214217098942,0.05738072366314441,0.040926459600811184,0.05888141744049525,0.03497918667947486,0.04377414878855801,0.05426192763368556,0.07241114313160422,0.06580638275162771,0.06195751947913331,0.05667200341551926,0.04164585334614153,0.04764649375600384,0.014197886647454371,0.062303340804781726,0.07018251681075889,0.04492261714163732,0.053218059558117196,0.0411484683530793,0.05391824100757819,0.04568257017824741,0.0418977478919842,0.04338990287117088,0.055252428220727935,0.023579891130323407,0.15409969046856656,0.05040879496210908,0.05081438787490661,0.05663784822286263,0.0471427046643185,0.05442416479880457,0.028970007471448393,0.05170028818443804,0.037769238979613616,0.027618742661970327,0.054447646493756004,0.03439000960614794,0.07387981641583947,0.048899562386594084,0.06896146867328423,0.059906073220194256,0.030097128829117303,0.03215497918667948,0.042670509125840535,0.03247091471875334,0.038285836268545204,0.06068737325221475,0.13840111004376135,0.03693030205998506,0.06878428861137795,0.034533034475397587,0.06527270786636781,0.058061692816736045,0.03831358736257872,0.04673497705197993,0.027608069164265128,0.06072152844487139,0.046991140996904684,0.05026790479240047,0.06072579784395346,0.043054755043227665,0.06755043227665707,0.05839043654605614,0.07133952396200235,0.03543601238125734,0.041483616181022524,0.03344006831038531,0.05218273028071299,0.04815882164585335,0.05468032874372932,0.02796456398761874,0.08726865193723983,0.03505176646387021,0.13041946845981428,0.07688547336962323,0.04101611698153485,0.027236631444124238,0.05775856548190842
EGR1(+),0.0334864940128098,0.041448064605959345,0.03506265664160401,0.06644388749651907,0.051450849345586185,0.029707602339181287,0.015246449456975772,0.039275967697020325,0.04900584795321637,0.04814257866889446,0.0759175717070454,0.027407407407407408,0.0355583402951824,0.03822333611807296,0.031876914508493455,0.03813422445001392,0.025371762740183792,0.046017822333611805,0.03802005012531328,0.036212754107490946,0.04523531049846839,0.02436925647451963,0.03105263157894737,0.029159008632692843,0.038334725703146756,0.02873015873015873,0.019941520467836257,0.02526872737399053,0.02596212754107491,0.037490949596212755,0.043511556669451404,0.043091060985797826,0.03903091060985798,0.07562517404622668,0.03393205235310499,0.049164578111946536,0.04131996658312448,0.042960178223336115,0.027605123920913393,0.039320523531049846,0.03351155666945141,0.08113617376775271,0.029676970203285993,0.03991367307156781,0.030994152046783626,0.024408242829295462,0.019715956558061822,0.061773879142300196,0.05696741854636592,0.052840434419381785,0.053441938178780284,0.05816207184628237,0.02384851016429964,0.04497911445279866,0.054795321637426904,0.030462266778056253,0.0647702589807853,0.050155945419103315,0.026591478696741853,0.033372319688109164,0.055174046226677806,0.06530771372876636,0.026900584795321637,0.02917014759120022,0.05705096073517126,0.0314202172096909,0.023400167084377612,0.022798663324979113,0.052946254525201894,0.028407128933444725,0.06361180729601783,0.03702311333890281,0.0341130604288499,0.041261487050960735,0.02856585909217488,0.033837371205792256,0.0406265664160401,0.034742411584516845,0.028835978835978836,0.039598997493734335
ELF1(+),0.12666125261474098,0.10967392641811247,0.06494844346007136,0.0906297526762643,0.07521447028423772,0.11107075181493786,0.12333800910545097,0.05026061277224068,0.06854288175218408,0.09650153808293344,0.07369558262581519,0.109395841023748,0.11395791805094131,0.05335991140642304,0.10921323981789098,0.1033271810015996,0.04759493047865141,0.050173495754891106,0.13649956933677865,0.04753439153439153,0.054172511381813705,0.0715462040113203,0.0711957671957672,0.1426021902300972,0.13913424387842993,0.10484065460809647,0.1392740248554202,0.11334809892949428,0.13144333702473238,0.09286674049464747,0.12940470038144455,0.08371994585948074,0.11190894549034083,0.12348812599975391,0.12462310815799188,0.06825150732127476,0.0631120954841885,0.10015848406546081,0.12010089824043313,0.09514851728805217,0.10913153685246708,0.06761757105943153,0.11583265657684262,0.1380962224683155,0.06701168943029408,0.1505554325089209,0.14231130798572658,0.13228349944629014,0.0872208687092408,0.10551987203149994,0.09099790820721053,0.09724178663713548,0.07297600590623847,0.10590131659899102,0.0886477174849268,0.1420716131413806,0.0950869939707149,0.1380199335548173,0.12033911652516303,0.10484114679463517,0.05273581887535376,0.08520585701981051,0.12662187769164512,0.11137639965546943,0.058859603789836346,0.09544432139780977,0.15587941429801894,0.1479173126614987,0.0866834010089824,0.05222788236741725,0.09533653254583487,0.13001796480866248,0.11997785160575858,0.05726491940445429,0.11753906730650916,0.10263861203396087,0.08524966162175464,0.07178196136335671,0.11138870431893688,0.08587326196628522
FOS(+),0.07913981874377914,0.09033893865577033,0.04292000628634292,0.09711456859971711,0.09592749751165593,0.07616218764733616,0.04968934988736969,0.07112787469223113,0.08337262297658338,0.08690659542144691,0.09522761799989522,0.08256482791136256,0.08267798208392267,0.06292210173398292,0.06438681963434438,0.035987217769395986,0.06240871706218241,0.0820943999161821,0.07718581381947719,0.04716014458588716,0.0640997433076641,0.05946775629943947,0.07692597831211692,0.07161820943999161,0.0744030593535544,0.08062444339672062,0.05845565508931846,0.07821572633453822,0.0840945046885641,0.08826444549216826,0.08654827387500655,0.061293938917701296,0.0837959033998638,0.07055686521033055,0.09050866991461051,0.07784797527371785,0.048082141547488084,0.09107444077741107,0.057186861543297184,0.08034889203206035,0.08374666038032375,0.11063649222065064,0.08281209073288281,0.07069726020221069,0.06725129655822726,0.07748441510817748,0.06795327151762795,0.06926187856880926,0.0857017130284457,0.09593692702603594,0.08225784483210226,0.11462517680339462,0.0444968306354445,0.08889412750798889,0.08168893079784169,0.08624757713866625,0.0994981402902195,0.08072921577872073,0.09552202839331553,0.08731520771124732,0.0823909057572424,0.08706584944208706,0.06115878254492116,0.07978207344543978,0.07493215988265493,0.07792131594111792,0.06603279375556603,0.05934307716485934,0.07363926868877364,0.06306249672586306,0.08405259573576405,0.0897019225732097,0.07433914820053433,0.08052700508146053,0.07160668447797161,0.07883597883597884,0.08667714390486668,0.06842998585572843,0.04586620566818587,0.08641206977840642
FOSB(+),0.09437522106007781,0.09282906371583043,0.03972310646253348,0.08828861603759285,0.08548633217118892,0.09410135920367844,0.07625082108028902,0.05310090445151837,0.07440553787074933,0.08146834419685715,0.08091253600121268,0.08793795159415896,0.09765954221615886,0.05155979990904957,0.06922742660805417,0.06201404678894447,0.05138699408822192,0.06107422565812743,0.09582638573088778,0.04277398817644384,0.05101510787731797,0.055123035723308574,0.0758809559900965,0.10487494315597999,0.10896872315699055,0.07831135364559648,0.08930726087615583,0.09408316911727553,0.0934606639381537,0.08946793997271488,0.11540902430397655,0.06309837805062907,0.08069829720580061,0.10986509019251174,0.09646505987570107,0.0621151028245162,0.06361275327168915,0.09107978374008388,0.06358445758172906,0.0710636147743924,0.09765145773331312,0.09168207771209136,0.07871860946895054,0.1060067707543833,0.059385579303723915,0.11003486433227225,0.10731847809610429,0.0903663281289475,0.08776716689404275,0.09983628922237381,0.0814885554039715,0.1263756252842201,0.046652518821686625,0.10718508412914961,0.08407963215603052,0.11373149411348593,0.11106563589510383,0.1136011318275984,0.11530190490627053,0.09447021373351523,0.06282855843565258,0.09008842403112526,0.07225708655449446,0.09460057601940276,0.056343792633015005,0.07977565560103077,0.106926380678086,0.10260623515739478,0.07324844626345309,0.04840988328027891,0.0969935829417412,0.1129088979839321,0.08879187509474003,0.055786973877014805,0.08104795108887879,0.11676822798241625,0.08008084482845738,0.06338335607094134,0.057932393512202515,0.07318983376282148
GATA3(+),0.2214320987654321,0.29348148148148145,0.12207407407407407,0.04814814814814815,0.03614814814814815,0.3310617283950617,0.20350617283950617,0.03288888888888889,0.08148148148148149,0.18592592592592594,0.04632098765432099,0.2274567901234568,0.13585185185185186,0.0,0.16676543209876543,0.0711604938271605,0.007012345679012346,0.0,0.1897283950617284,0.06069135802469136,0.0,0.21595061728395062,0.10271604938271604,0.1814320987654321,0.2916543209876543,0.18745679012345678,0.2145679012345679,0.10607407407407407,0.16380246913580246,0.14824691358024691,0.32123456790123456,0.0,0.14982716049382716,0.028592592592592593,0.11402469135802469,0.005629629629629629,0.0,0.2540246913580247,0.2019753086419753,0.21511111111111111,0.1705185185185185,0.020493827160493826,0.07575308641975309,0.18804938271604937,0.0265679012345679,0.41269135802469137,0.2644938271604938,0.06385185185185185,0.03827160493827161,0.09753086419753086,0.058666666666666666,0.08824691358024692,0.11313580246913581,0.23679012345679012,0.04775308641975309,0.4751111111111111,0.05145679012345679,0.13012345679012347,0.16271604938271605,0.16009876543209878,0.0,0.0428641975308642,0.2741728395061728,0.27609876543209877,0.07120987654320987,0.197679012345679,0.4451851851851852,0.32641975308641974,0.05451851851851852,0.07525925925925926,0.030864197530864196,0.43264197530864196,0.2525432098765432,0.0,0.3789135802469136,0.0945679012345679,0.20859259259259258,0.0437037037037037,0.0,0.09906172839506173
IRF4(+),0.26365261813537677,0.2502298850574713,0.05637292464878672,0.039386973180076626,0.059885057471264366,0.17199233716475096,0.23734355044699873,0.04630906768837803,0.045964240102171136,0.20392081736909323,0.03521072796934866,0.2181609195402299,0.18363984674329503,0.027739463601532566,0.20146871008939973,0.10618135376756066,0.03614303959131546,0.01996168582375479,0.22680715197956577,0.06219667943805875,0.03473818646232439,0.18102171136653894,0.05876117496807152,0.3043295019157088,0.16647509578544062,0.2157726692209451,0.1979182630906769,0.14292464878671776,0.323882503192848,0.1349169859514687,0.17706257982120052,0.11388250319284803,0.1980332056194125,0.08730523627075351,0.24158365261813539,0.03163473818646233,0.05931034482758621,0.1753639846743295,0.23434227330779056,0.16504469987228607,0.24251596424010216,0.040779054916985955,0.23742017879948915,0.12361430395913155,0.09473818646232439,0.15229885057471265,0.21579821200510857,0.039782886334610475,0.07745849297573436,0.13426564495530013,0.050957854406130265,0.08636015325670499,0.1848403575989783,0.12352490421455939,0.08006385696040869,0.20450830140485313,0.04569604086845466,0.08984674329501915,0.20628352490421456,0.13431673052362708,0.05871008939974457,0.032286079182630906,0.2807918263090677,0.1561558109833972,0.0219029374201788,0.16980842911877395,0.20758620689655172,0.1891315453384419,0.07849297573435504,0.06669220945083014,0.04094508301404853,0.1449808429118774,0.14503192848020435,0.019616858237547892,0.1010727969348659,0.0954661558109834,0.22372924648786718,0.04913154533844189,0.03264367816091954,0.15588761174968072
IRF7(+),0.0514537532184591,0.05807486631016043,0.030102990691225986,0.036856803327391566,0.040267379679144386,0.05377896613190731,0.04818379877203407,0.031861754802931276,0.03427213309566251,0.055761536938007526,0.04116656763715587,0.06581303228362052,0.060253515547633196,0.05838978015448604,0.05893444246385423,0.035486234897999604,0.03291344820756585,0.039120617944147354,0.04455535749653397,0.04486631016042781,0.037456922162804517,0.04885125767478709,0.05276688453159041,0.048261041790453554,0.047817389582095464,0.05701128936423054,0.039601901366607246,0.10314913844325609,0.04882154882154882,0.05976827094474153,0.053517528223410576,0.05321251733016439,0.044058229352346996,0.02591008120419885,0.05269558328381858,0.030788274905921963,0.056300257476728066,0.050819964349376114,0.05156466627054862,0.0625787284610814,0.04863933452168746,0.02632600514953456,0.05653396712220242,0.050386215092097446,0.04030501089324619,0.04746286393345217,0.0471935036640919,0.0393424440483264,0.045761536938007524,0.09247177658942365,0.02459893048128342,0.033846306199247375,0.05895622895622896,0.044341453753218456,0.03617746088334323,0.04624876213111507,0.029441473559120617,0.038558130322836205,0.04487621311150723,0.058571994454347395,0.05330362448009507,0.04020598138245197,0.060940780352545056,0.05835412953060012,0.030453555159437512,0.051144781144781146,0.04175876411170529,0.0580788274905922,0.03978213507625272,0.06048920578332343,0.036821152703505645,0.05297880768469004,0.03624083977025153,0.028138245197068725,0.052564864329570214,0.09924935630817984,0.06026341849871262,0.03394731630025748,0.0260685284214696,0.05937017231134878
IRF8(+),0.18584494462307968,0.15266881028938906,0.07865189948791235,0.07589138978206503,0.053490532332976064,0.14939621293319041,0.1518875788972252,0.057382398475646065,0.0567393116589258,0.13464094319399786,0.06543527450279862,0.13361438609027035,0.1234941050375134,0.05192806954864833,0.1179849946409432,0.09522686673812075,0.04173157079909492,0.04693104680242944,0.1447612242467548,0.040490651423127307,0.04499702274621889,0.06944146719066334,0.059483148743598904,0.1617363344051447,0.27130880076217695,0.11605335238775753,0.20451113492914136,0.19410503751339764,0.15076813147552698,0.11799452185304275,0.2425318566154579,0.11106109324758842,0.13180897939740382,0.10366321305228057,0.15113016553531022,0.041305228057639636,0.05862331785161367,0.1669215195903299,0.12240800285816363,0.10803858520900321,0.13144932714064547,0.061843515541264736,0.09535548410146481,0.23609622484220555,0.06014767178754317,0.26637132309158035,0.22392521138501845,0.12168393473859712,0.08469453376205788,0.20279861855424555,0.06669524830296535,0.10700488269620102,0.0791115874717161,0.20068595927116828,0.08642134095510301,0.26357032273430986,0.09226628557818269,0.12539954745742526,0.14683577468143386,0.14228891270691912,0.044994640943194,0.07215910444206264,0.1356151006311778,0.20891985232821245,0.0626700011909015,0.10163629867809933,0.28821245682982016,0.2846349886864356,0.1069167559842801,0.06536620221507682,0.10886983446468977,0.24614028819816602,0.2333881148029058,0.04796474931523163,0.22382755746099797,0.1702679528403001,0.09984041919733239,0.07093009408121949,0.11063713230915803,0.10041681552935572
JUN(+),0.16436847103513771,0.2685849952516619,0.08134852801519468,0.33185185185185184,0.3227540360873694,0.22138651471984805,0.08991452991452992,0.2205508072174739,0.24339981006647674,0.2575878442545109,0.3064007597340931,0.18104463437796772,0.1761633428300095,0.06731244064577398,0.18123456790123457,0.007635327635327635,0.16100664767331435,0.28706552706552707,0.267008547008547,0.1047673314339981,0.11519468186134853,0.15673314339981007,0.22294396961063628,0.1576258309591643,0.11916429249762583,0.23749287749287748,0.02892687559354226,0.1741500474833808,0.2185375118708452,0.22018993352326685,0.2795061728395062,0.15367521367521367,0.28651471984805316,0.15475783475783475,0.2135422602089269,0.16839506172839505,0.0826400759734093,0.25749287749287747,0.1271415004748338,0.1939031339031339,0.1647673314339981,0.3943399810066477,0.24431149097815766,0.08134852801519468,0.09266856600189934,0.14545109211775878,0.10474833808167142,0.18999050332383666,0.3490408357075024,0.321386514719848,0.35971509971509974,0.3773029439696106,0.0247673314339981,0.2205318138651472,0.2614624881291548,0.14731244064577398,0.3555365622032289,0.2009306742640076,0.2501614434947768,0.32222222222222224,0.22746438746438746,0.25703703703703706,0.09546058879392212,0.2058309591642925,0.26376068376068373,0.21407407407407408,0.03449192782526116,0.05489078822412156,0.20797720797720798,0.15874643874643873,0.2165432098765432,0.24138651471984807,0.15075023741690408,0.19538461538461538,0.12708452041785376,0.182355175688509,0.284653371320038,0.15295346628679962,0.14765432098765433,0.2145679012345679
JUNB(+),0.13860782768584187,0.18276333070659312,0.0678775939059627,0.15047543997898608,0.15734436564223797,0.15449172576832151,0.08160493827160493,0.1170475439978986,0.11716574730759127,0.1684896243761492,0.14444707118465983,0.17587339112161807,0.15356711321250327,0.10234567901234567,0.12058050958760179,0.052886787496716575,0.08857105332282637,0.13112424481218807,0.1536669293406882,0.0730890464933018,0.09459942211715261,0.12108221696874179,0.1409403729971106,0.13214604675597583,0.1302521670606777,0.1565537168374048,0.07720777515103756,0.14117415287628055,0.15306540583136327,0.16239558707643814,0.1810874704491726,0.1159022852639874,0.14850013133701076,0.0779143682689782,0.17812450748620962,0.09567901234567901,0.06454426057262937,0.18231153138954556,0.1002521670606777,0.1608589440504334,0.1544260572629367,0.15638823220383505,0.16749934331494615,0.10240084055686892,0.1004307853953244,0.12383241397425794,0.11796690307328606,0.08748883635408458,0.15090622537431048,0.136903073286052,0.12179406356711321,0.16324402416600997,0.07342789598108747,0.18005516154452325,0.13698187549251378,0.12534804307853953,0.15043603887575518,0.1215839243498818,0.17774363015497768,0.17245337536117678,0.15578145521407932,0.13084055686892565,0.11463094299973732,0.15873391121618072,0.11396900446545837,0.13628316259521933,0.1005069608615708,0.10793275545048595,0.11048332019963225,0.10519306540583136,0.11335434725505647,0.16454688731284475,0.0992067244549514,0.1239243498817967,0.11821118991331757,0.1428001050696086,0.16153138954557394,0.11044917257683215,0.04544785920672446,0.14725768321513003
KLF4(+),0.022068965517241378,0.034725415070242655,0.04634738186462324,0.05042145593869732,0.0035376756066411237,0.011430395913154534,0.014648786717752235,0.02561941251596424,0.02210727969348659,0.04187739463601533,0.019527458492975734,0.02504469987228608,0.015964240102171137,0.07770114942528736,0.004278416347381865,0.032924648786717754,0.05602809706257982,0.05098339719029374,0.02574712643678161,0.026845466155810984,0.03378033205619412,0.046564495530012774,0.0603448275862069,0.019016602809706257,0.030229885057471265,0.023690932311621966,0.018773946360153258,0.04989782886334611,0.03209450830140485,0.01591315453384419,0.04390804597701149,0.012337164750957854,0.03665389527458493,0.013627075351213283,0.0018646232439335888,0.00035759897828863347,0.044533844189016604,0.03610472541507024,0.025274584929757343,0.012541507024265645,0.039067688378033205,0.02802043422733078,0.02038314176245211,0.030689655172413795,0.039782886334610475,0.06011494252873563,0.039859514687100896,0.02425287356321839,0.03621966794380588,0.043371647509578545,0.029323116219667943,0.028275862068965516,0.011072796934865901,0.03007662835249042,0.010893997445721584,0.029361430395913154,0.04324393358876118,0.018237547892720307,0.03261813537675606,0.033448275862068964,0.06615581098339719,0.013192848020434227,0.018135376756066413,0.054814814814814816,0.0423882503192848,0.0,0.01637292464878672,0.03748403575989783,0.0627330779054917,0.01223499361430396,0.09136653895274585,0.05521072796934866,0.012503192848020435,0.024316730523627074,0.03893997445721584,0.07846743295019157,0.024699872286079182,0.041340996168582375,0.033409961685823754,0.037471264367816094
MAF(+),0.07926221041758891,0.11163936845211746,0.04958831341301461,0.0437302641286705,0.038497860410211006,0.04852589641434263,0.07560867640548916,0.043898480153460234,0.09882248782647189,0.060206581083075104,0.03504500516452708,0.08104766120702375,0.060486941124391326,0.04572229600118046,0.05636122177954847,0.06054891544931386,0.02911317692194186,0.0238365058285377,0.0876995720820422,0.03469971963995869,0.038553932418474254,0.055779843588608526,0.05404161133244799,0.09003393832079092,0.056892430278884465,0.07721705769514535,0.06430278884462151,0.14672568983325956,0.08776154640696474,0.06237863361369338,0.06296296296296296,0.05472037774826619,0.07403275785745905,0.05976980965028774,0.07179282868525896,0.053731739707835326,0.06691751512468644,0.045412424376567805,0.09163051497712853,0.07326840785008115,0.049974915154198024,0.0676464512321086,0.07570016231370813,0.055971668880035415,0.04486350892725395,0.05898185037627269,0.07114062269440756,0.08380699424524125,0.05243618120112144,0.20451822340268555,0.036437951896119224,0.08423786336136933,0.0725925925925926,0.052518813634351486,0.048410801239486496,0.06126014460675815,0.09848015346023314,0.07406817175741479,0.06123358418179135,0.05581525748856426,0.027035561457872215,0.045627858934631844,0.11134425261915301,0.053894053415965766,0.10984211302936403,0.06921056514682013,0.0843618120112144,0.06331415080419064,0.06449166297771876,0.045816733067729085,0.15658255865427181,0.06074664305740003,0.06494614136048399,0.07152722443559097,0.0548207171314741,0.11446952929024642,0.06764350007377896,0.055133539914416406,0.05765678028626236,0.0614962372731297
NFKB1(+),0.33929724596391264,0.3664197530864198,0.022032288698955366,0.3210636277302944,0.18142450142450142,0.3664197530864198,0.20615384615384616,0.05553656220322887,0.029705603038936372,0.22512820512820514,0.2542640075973409,0.3458309591642925,0.4753846153846154,0.09394112060778727,0.1348148148148148,0.10590693257359925,0.05610636277302944,0.11268755935422602,0.3646723646723647,0.028205128205128206,0.16218423551756886,0.08298195631528965,0.15264957264957266,0.41422602089268756,0.43753086419753084,0.22220322886989555,0.4092497625830959,0.3128964862298196,0.34678062678062677,0.31375118708452043,0.4300854700854701,0.14326685660018992,0.2038176638176638,0.3760303893637227,0.35335232668566,0.13595441595441596,0.13316239316239317,0.32509021842355174,0.21054131054131053,0.29874643874643875,0.29492877492877495,0.06607787274453941,0.3312440645773979,0.35631528964862297,0.09806267806267806,0.31922127255460586,0.34547008547008545,0.27515669515669516,0.2496486229819563,0.10077872744539411,0.1969420702754036,0.14222222222222222,0.07703703703703704,0.38603988603988604,0.271661918328585,0.43107312440645773,0.13042735042735043,0.3912440645773979,0.2974738841405508,0.1978917378917379,0.06856600189933523,0.2513960113960114,0.18841405508072176,0.3555175688509022,0.05620132953466287,0.13982905982905983,0.5255650522317189,0.3872554605887939,0.16881291547958216,0.043209876543209874,0.08577397910731244,0.42191832858499523,0.4556695156695157,0.0750997150997151,0.2669135802469136,0.6345299145299146,0.2211965811965812,0.07591642924976258,0.16349477682811017,0.1945868945868946
RUNX3(+),0.27814611314611315,0.23765771265771266,0.07100732600732601,0.09143264143264143,0.05468253968253968,0.2616056166056166,0.22207773707773706,0.06159137159137159,0.061916971916971916,0.19573056573056574,0.06544770044770044,0.24184167684167684,0.21184371184371184,0.06341880341880342,0.2227960927960928,0.11754375254375254,0.05119454619454619,0.040258445258445255,0.22057794057794058,0.04972730972730973,0.050673585673585674,0.13326007326007325,0.07055759055759056,0.27957264957264955,0.32183964183964187,0.23143671143671143,0.3114590964590965,0.18326617826617828,0.2554049654049654,0.18845950345950346,0.30453398453398456,0.1298066748066748,0.21515669515669517,0.0943121693121693,0.26681115181115184,0.06679283679283679,0.08368742368742368,0.20448107448107447,0.21897232397232397,0.19200244200244201,0.2384859584859585,0.05781644281644282,0.1941961741961742,0.311992266992267,0.08498168498168499,0.33033577533577535,0.3077065527065527,0.11173585673585673,0.08983923483923484,0.1510968660968661,0.07496133496133496,0.11313186813186814,0.11898046398046398,0.26591371591371593,0.09683557183557183,0.3531766381766382,0.09016280016280016,0.16659137159137158,0.23904151404151405,0.19515059015059016,0.05315425315425316,0.07705128205128205,0.21592796092796093,0.2452971102971103,0.05510989010989011,0.17092592592592593,0.37864468864468864,0.3592002442002442,0.10726088726088726,0.08431013431013432,0.0888115588115588,0.3228042328042328,0.2592104192104192,0.06565934065934066,0.25569393569393567,0.14941595441595443,0.1474888074888075,0.09638787138787139,0.095,0.1835999185999186
SPI1(+),0.05785039941902687,0.062133755859246055,0.038373935432758965,0.04281243810655575,0.0353264672872516,0.05765894236482472,0.051722453291080744,0.04109592658612266,0.034892057833234305,0.05855614973262032,0.04515217534825378,0.060651614181025944,0.05855614973262032,0.0416980260117515,0.054020598138245196,0.03719614445104641,0.04305142932593913,0.037256882551000195,0.0458995180563808,0.035915362778107876,0.039183996831055654,0.05389119957747409,0.050151185053145836,0.05054928368653859,0.05460487225193108,0.062461873638344226,0.040522875816993466,0.17730111573248827,0.06205585264408794,0.05347131445170661,0.05893246187363835,0.049882484980524194,0.05345679012345679,0.035261107810127416,0.05640390836469268,0.03152043308906054,0.0349343104245065,0.05416716181422064,0.05250082524592328,0.06969366871327656,0.05577077969234832,0.03460619264540833,0.057828612926652145,0.04855482933914306,0.039419026870007264,0.05121014062190533,0.04948504654387007,0.03886710239651416,0.04269360269360269,0.1532600514953456,0.03626856803327391,0.04284082656631676,0.04323694460949363,0.05233973724169803,0.04226183402653991,0.052982108668383175,0.03497128144186968,0.036300917673466694,0.04978081468277547,0.05562619660658876,0.043955898857859645,0.038369974252327195,0.05927378358750908,0.05838119759688387,0.029588697431834687,0.0644365220835809,0.04851455733808675,0.057578398362712085,0.03635835478972734,0.056068528421469595,0.04095728527101076,0.05832177989040734,0.044947514359279066,0.036244800950683304,0.05663431702647389,0.1420875420875421,0.05806298276886512,0.04799036112761603,0.03090446953192051,0.06444510464118307
SPIB(+),0.050905349794238684,0.0828395061728395,0.07625514403292181,0.0,0.021213991769547327,0.07218106995884774,0.10004115226337448,0.015102880658436214,0.03263374485596708,0.11878600823045267,0.010946502057613168,0.10755144032921811,0.06962962962962962,0.03333333333333333,0.10002057613168724,0.03965020576131687,0.008127572016460905,0.020390946502057614,0.0747119341563786,0.02648148148148148,0.0,0.07674897119341564,0.038930041152263374,0.10224279835390947,0.08413580246913581,0.0742798353909465,0.05436213991769547,0.13067901234567902,0.1460082304526749,0.08654320987654321,0.0812962962962963,0.07561728395061729,0.09267489711934157,0.05837448559670782,0.06582304526748971,0.0002469135802469136,0.06160493827160494,0.09106995884773662,0.04868312757201646,0.05816872427983539,0.026872427983539095,0.043127572016460905,0.0544238683127572,0.008641975308641974,0.04257201646090535,0.026995884773662552,0.11131687242798353,0.024053497942386832,0.010349794238683128,0.12775720164609053,0.024465020576131688,0.00018518518518518518,0.027448559670781893,0.05598765432098765,0.02382716049382716,0.060576131687242796,0.01154320987654321,0.05444444444444444,0.06444444444444444,0.08218106995884773,0.011954732510288066,0.0,0.11724279835390947,0.04664609053497942,0.020329218106995884,0.03751028806584362,0.11944444444444445,0.09022633744855967,0.07444444444444444,0.09216049382716049,0.04728395061728395,0.06409465020576131,0.05633744855967078,0.042839506172839506,0.08170781893004116,0.18092592592592593,0.0720164609053498,0.02030864197530864,0.03244855967078189,0.13246913580246913
STAT1(+),0.08066586442037706,0.0766051611177965,0.031115122342559167,0.037364620938628156,0.03987164059366225,0.08091857200160449,0.07829388955742746,0.04710923920310202,0.05705843027142666,0.07674956544992646,0.04002406738868833,0.08031688728439632,0.07669741944110176,0.0555956678700361,0.06721620537505014,0.03584169006551678,0.051319695146409945,0.04941168605428533,0.05265142398716406,0.03429068057226902,0.04618531889290012,0.07358737799171013,0.06536836475464634,0.08811605829656372,0.07233186254846904,0.07191870570931942,0.06883005749431742,0.08366359138922316,0.08198422248963765,0.0687618665597005,0.09040513437625351,0.0655461960155101,0.07245487364620938,0.03150688594731916,0.07421714132905469,0.03918037170744752,0.037289744618264474,0.08049204439096136,0.06528279181708785,0.06504880331595134,0.06861345099612248,0.0751129830191202,0.07197753710389089,0.07383874849578821,0.058427597272362616,0.06891295627757722,0.07266212060435887,0.033945714667736326,0.0383674288006418,0.09279048001069662,0.03366893969782057,0.07066319026607835,0.06535365690600348,0.06345233319962562,0.047856665329589515,0.08266345768150822,0.04857066452734323,0.04859473191603156,0.06769086776306993,0.07248830057494317,0.05803583366760262,0.03562107233587378,0.08102152694210456,0.07973926995587645,0.06257654766680038,0.0605709319427731,0.07410883807995722,0.08109907741676695,0.048181575076881936,0.04457280385078219,0.06842893434951197,0.07068458350046798,0.062089851584436424,0.048347372643401526,0.08135847038374114,0.07274501938761867,0.06662521727503677,0.047819227169407674,0.03966573071266212,0.07143468378125419
STAT2(+),0.10313390313390314,0.0,0.0,0.0,0.0,0.06905982905982906,0.0,0.03339031339031339,0.013219373219373219,0.010826210826210826,0.0,0.02301994301994302,0.011111111111111112,0.0,0.03766381766381766,0.0,0.0,0.047635327635327636,0.060341880341880344,0.059145299145299146,0.0,0.008034188034188034,0.04267806267806268,0.06672364672364672,0.020056980056980058,0.03698005698005698,0.01886039886039886,0.0,0.06125356125356125,0.07908831908831909,0.08603988603988603,0.0,0.04831908831908832,0.0,0.020398860398860397,0.053105413105413106,0.0,0.1174928774928775,0.0392022792022792,0.0584045584045584,0.08319088319088319,0.013504273504273504,0.08586894586894588,0.07213675213675214,0.041595441595441596,0.12381766381766382,0.039031339031339034,0.0,0.002393162393162393,0.0,0.0,0.10871794871794872,0.0,0.12034188034188034,0.0,0.12552706552706552,0.0,0.01037037037037037,0.08336182336182336,0.07173789173789173,0.0,0.0,0.040740740740740744,0.0,0.0,0.0,0.06011396011396011,0.025128205128205128,0.0,0.0603988603988604,0.04034188034188034,0.1147008547008547,0.04245014245014245,0.0,0.07082621082621082,0.028319088319088317,0.04803418803418803,0.039601139601139604,0.0,0.051737891737891735
TCF4(+),0.05527777777777778,0.07861111111111112,0.2688888888888889,0.3463888888888889,0.13916666666666666,0.10398148148148148,0.14564814814814814,0.4027777777777778,0.2259722222222222,0.10481481481481482,0.11990740740740741,0.1387962962962963,0.05453703703703704,0.31560185185185186,0.12893518518518518,0.7180092592592593,0.1099537037037037,0.10185185185185185,0.31796296296296295,0.09731481481481481,0.04990740740740741,0.09902777777777778,0.509537037037037,0.1565740740740741,0.07921296296296296,0.10152777777777777,0.11462962962962962,0.1626388888888889,0.10615740740740741,0.17060185185185187,0.1789814814814815,0.18578703703703703,0.11569444444444445,0.11546296296296296,0.2525,0.19796296296296295,0.28699074074074077,0.08467592592592593,0.12032407407407407,0.09273148148148148,0.05597222222222222,0.18587962962962962,0.10416666666666667,0.04875,0.394537037037037,0.21560185185185185,0.18013888888888888,0.12712962962962962,0.19648148148148148,0.11833333333333333,0.17296296296296296,0.3899074074074074,0.0,0.15342592592592594,0.21046296296296296,0.15412037037037038,0.3150925925925926,0.2707407407407407,0.1837037037037037,0.14175925925925925,0.36018518518518516,0.20208333333333334,0.09745370370370371,0.05333333333333334,0.2614814814814815,0.20296296296296296,0.15013888888888888,0.10050925925925926,0.6520370370370371,0.07023148148148148,0.31037037037037035,0.05800925925925926,0.11,0.20805555555555555,0.041435185185185186,0.10444444444444445,0.17504629629629628,0.5882407407407407,0.23944444444444443,0.07476851851851851
XBP1(+),0.06445040014889261,0.06586487995533222,0.0394535641168807,0.10043848873999628,0.11093616229294621,0.07053861902103108,0.03500911967243626,0.08394490973385446,0.07925404801786712,0.07603350083752093,0.10803275637446491,0.08323469197841057,0.07368025311743905,0.0617963893541783,0.065607295737949,0.02625572305974316,0.08261529871580123,0.08078540852410199,0.06953136050623487,0.05435920342453006,0.06834543085799367,0.0923283082077052,0.06217010980830076,0.05127638190954774,0.05584812953657175,0.07662981574539364,0.048192071468453376,0.0724213660897078,0.06947478131397729,0.06778261678764191,0.049471803461753214,0.06419058254234133,0.06428736273962404,0.06441243253303555,0.07160990135864508,0.08014740368509213,0.0353500837520938,0.07483640424343942,0.04428512935045598,0.08402084496556858,0.0702177554438861,0.07412841987716359,0.07616750418760469,0.04019504932067746,0.07206030150753769,0.04458440349897636,0.04720640238228178,0.05812023078354737,0.09624343941931882,0.06105490415038154,0.09234840871021775,0.07029741299088033,0.03878950307091011,0.07267895030709101,0.10251032942490229,0.05367429741299088,0.08219542155220547,0.06626391215335939,0.07136646193932626,0.06462162665177741,0.09206997952726596,0.10144872510701657,0.06158496184626838,0.08396277684719895,0.09114088963335194,0.08422780569514238,0.036195793783733485,0.03626577331099944,0.04893876791364229,0.08458663688814443,0.04700390843104411,0.06127526521496371,0.030142564675227992,0.07701321421924437,0.05981165084682673,0.044109436069235064,0.0732573981016192,0.06735901730876605,0.05261864879955332,0.07657323655313605
