cell_id,group,order
AAACCCAGTAGACTGG-1_1,Unannotated,1
AAACGAAGTTCCAGGC-1_1,Unannotated,2
AAACGCTAGTCATCGT-1_1,Unannotated,3
AAACGCTTCCATAGAC-1_1,Unannotated,4
AAAGGATAGAGCAGCT-1_1,Unannotated,5
AAAGGATGTACAGAGC-1_1,Unannotated,6
AAAGGGCGTTGATCGT-1_1,Unannotated,7
AAAGGGCTCGCGAAGA-1_1,Unannotated,8
AAAGGTAGTTGCAAGG-1_1,Unannotated,9
AAAGTCCAGACTCAAA-1_1,Unannotated,10
AAAGTCCAGATCGCTT-1_1,Unannotated,11
AAAGTCCAGCGATGGT-1_1,Unannotated,12
AAAGTCCAGGATTTAG-1_1,Unannotated,13
AAAGTCCCAGGGAATC-1_1,Unannotated,14
AAAGTGACAACTTCTT-1_1,Unannotated,15
AAAGTGATCATTGCCC-1_1,Unannotated,16
AAATGGACATGGGAAC-1_1,Unannotated,17
AAATGGATCTCGCAGG-1_1,Unannotated,18
AACAAAGAGAATAGTC-1_1,Unannotated,19
AACAAAGAGTCCGCCA-1_1,Unannotated,20
AACAAAGGTAGACAAT-1_1,Unannotated,21
AACAAAGTCATAGCAC-1_1,Unannotated,22
AACAAGAAGCTGCCAC-1_1,Unannotated,23
AACAAGACAATTTCGG-1_1,Unannotated,24
AACAAGATCGACGATT-1_1,Unannotated,25
AACACACGTTCATCGA-1_1,Unannotated,26
AACACACTCCGTAATG-1_1,Unannotated,27
AACAGGGTCCCAGGAC-1_1,Unannotated,28
AACCAACCATATGGCT-1_1,Unannotated,29
AACCAACCATCCGAGC-1_1,Unannotated,30
AACCAACTCATCGTAG-1_1,Unannotated,31
AACCAACTCCTCAGAA-1_1,Unannotated,32
AACCACACAGAGACTG-1_1,Unannotated,33
AACCACATCTGGACTA-1_1,Unannotated,34
AACCATGCACCCAAGC-1_1,Unannotated,35
AACCATGCACTACCGG-1_1,Unannotated,36
AACCATGGTCGAGTGA-1_1,Unannotated,37
AACCATGGTCGTCGGT-1_1,Unannotated,38
AACCATGTCCAAGCCG-1_1,Unannotated,39
AACCCAACATCCGGTG-1_1,Unannotated,40
AACCCAAGTCGAGCTC-1_1,Unannotated,41
AACCCAATCGGCCAAC-1_1,Unannotated,42
AACCTGAAGTTCCATG-1_1,Unannotated,43
AACCTGAGTTTCCCAC-1_1,Unannotated,44
AACCTTTAGAGCCCAA-1_1,Unannotated,45
AACCTTTGTCATGCAT-1_1,Unannotated,46
AACGAAACATGGGCAA-1_1,Unannotated,47
AACGAAAGTAAGACCG-1_1,Unannotated,48
AACGAAAGTGACAACG-1_1,Unannotated,49
AACGGGAAGCATAGGC-1_1,Unannotated,50
AACTTCTAGAAGCGAA-1_1,Unannotated,51
AACTTCTAGCCTATCA-1_1,Unannotated,52
AACTTCTAGGTACTGG-1_1,Unannotated,53
AACTTCTGTGCTCGTG-1_1,Unannotated,54
AAGACAACATTCACCC-1_1,Unannotated,55
AAGACAACATTGACCA-1_1,Unannotated,56
AAGATAGAGAGCAGTC-1_1,Unannotated,57
AAGATAGAGCTCGACC-1_1,Unannotated,58
AAGCATCCAGAATGTA-1_1,Unannotated,59
AAGCATCCAGTTTGGT-1_1,Unannotated,60
AAGCCATTCGATGGAG-1_1,Unannotated,61
AAGCGAGAGGTGATAT-1_1,Unannotated,62
AAGCGAGCAAGACTGG-1_1,Unannotated,63
AAGCGAGCAGAAGTGC-1_1,Unannotated,64
AAGCGAGGTAACAAGT-1_1,Unannotated,65
AAGCGAGTCCGCGATG-1_1,Unannotated,66
AAGCGAGTCGGTAGGA-1_1,Unannotated,67
AAGCGTTAGAGGCCAT-1_1,Unannotated,68
AAGCGTTTCGCAGTTA-1_1,Unannotated,69
AAGGAATCATACAGGG-1_1,Unannotated,70
AAGGTAAAGCTCTGTA-1_1,Unannotated,71
AAGGTAACAGAGGTAC-1_1,Unannotated,72
AAGGTAATCACGGAGA-1_1,Unannotated,73
AAGTACCGTCTAACGT-1_1,Unannotated,74
AAGTACCTCGATACTG-1_1,Unannotated,75
AAGTCGTGTCGGCCTA-1_1,Unannotated,76
AAGTCGTTCCTCACTG-1_1,Unannotated,77
AAGTGAAAGGATGGCT-1_1,Unannotated,78
AAGTGAAAGTGCACCC-1_1,Unannotated,79
AAGTTCGAGCGATTCT-1_1,Unannotated,80
