"pathway_id","description","set_size","enrichment_score","nes","p_adjust"
"hsa05168","Herpes simplex virus 1 infection",454,-0.384502336072904,-1.96982469063819,1.62396152484947e-12
"hsa03010","Ribosome",130,0.600897791421302,2.17324684026065,1.32710029405217e-07
"hsa04080","Neuroactive ligand-receptor interaction",167,0.527818851698012,1.94781056044767,2.63121869967572e-05
"hsa04020","Calcium signaling pathway",191,0.496899420699799,1.85400953052189,0.000155202357303749
"hsa05171","Coronavirus disease - COVID-19",183,0.477786704272275,1.77692548291676,0.000844729345053595
"hsa04929","GnRH secretion",52,0.631288920525119,2.02239576253958,0.00192487502690165
"hsa04260","Cardiac muscle contraction",62,0.5813618908562,1.91906724687062,0.00466748244037105
"hsa04066","HIF-1 signaling pathway",88,0.545492670453544,1.88094084826973,0.00466748244037105
"hsa04550","Signaling pathways regulating pluripotency of stem cells",119,0.501788266753338,1.7858984403889,0.00690359611312628
"hsa04014","Ras signaling pathway",199,0.440840794058116,1.64935900009256,0.00690359611312628
