group,source,target,ligand,receptor,value,pvalue,interaction_id
GO,Endothelial,Endothelial,GJA1,GJA1,0.454,0.0,CPI-SS04829AC68
GO,Endothelial,Macrophages,GJA1,GJA1,0.269,0.03,CPI-SS04829AC68
GO,Endothelial,Tenocytes,GJA1,GJA1,0.478,0.0,CPI-SS04829AC68
GO,Macrophages,Endothelial,GJA1,GJA1,0.269,0.03,CPI-SS04829AC68
GO,Macrophages,Macrophages,GJA1,GJA1,0.084,1.0,CPI-SS04829AC68
GO,Macrophages,Tenocytes,GJA1,GJA1,0.293,0.0,CPI-SS04829AC68
GO,Tenocytes,Endothelial,GJA1,GJA1,0.478,0.0,CPI-SS04829AC68
GO,Tenocytes,Macrophages,GJA1,GJA1,0.293,0.0,CPI-SS04829AC68
GO,Tenocytes,Tenocytes,GJA1,GJA1,0.502,0.0,CPI-SS04829AC68
GO,Endothelial,Endothelial,APP,PLXNA4,1.468,0.0,CPI-SS0CB6F5575
GO,Endothelial,Macrophages,APP,PLXNA4,1.193,0.0,CPI-SS0CB6F5575
GO,Endothelial,Tenocytes,APP,PLXNA4,1.197,0.0,CPI-SS0CB6F5575
GO,Macrophages,Endothelial,APP,PLXNA4,1.273,0.0,CPI-SS0CB6F5575
GO,Macrophages,Macrophages,APP,PLXNA4,0.998,0.0,CPI-SS0CB6F5575
GO,Macrophages,Tenocytes,APP,PLXNA4,1.002,0.0,CPI-SS0CB6F5575
GO,Tenocytes,Endothelial,APP,PLXNA4,1.233,0.0,CPI-SS0CB6F5575
GO,Tenocytes,Macrophages,APP,PLXNA4,0.957,0.0,CPI-SS0CB6F5575
GO,Tenocytes,Tenocytes,APP,PLXNA4,0.961,0.0,CPI-SS0CB6F5575
GO,Endothelial,Endothelial,APLP2,PLXNA4,1.116,0.0,CPI-SS0DF830287
GO,Endothelial,Macrophages,APLP2,PLXNA4,0.841,0.0,CPI-SS0DF830287
GO,Endothelial,Tenocytes,APLP2,PLXNA4,0.845,0.0,CPI-SS0DF830287
GO,Macrophages,Endothelial,APLP2,PLXNA4,0.802,0.0,CPI-SS0DF830287
GO,Macrophages,Macrophages,APLP2,PLXNA4,0.527,0.0,CPI-SS0DF830287
GO,Macrophages,Tenocytes,APLP2,PLXNA4,0.531,0.0,CPI-SS0DF830287
GO,Tenocytes,Endothelial,APLP2,PLXNA4,0.688,0.0,CPI-SS0DF830287
GO,Tenocytes,Macrophages,APLP2,PLXNA4,0.412,0.0,CPI-SS0DF830287
GO,Tenocytes,Tenocytes,APLP2,PLXNA4,0.416,0.0,CPI-SS0DF830287
GO,Endothelial,Endothelial,GAS6,MERTK,0.254,1.0,CPI-SS0F7FF099C
GO,Endothelial,Macrophages,GAS6,MERTK,0.994,0.0,CPI-SS0F7FF099C
GO,Endothelial,Tenocytes,GAS6,MERTK,0.505,0.005,CPI-SS0F7FF099C
GO,Macrophages,Endothelial,GAS6,MERTK,0.657,0.0,CPI-SS0F7FF099C
GO,Macrophages,Macrophages,GAS6,MERTK,1.396,0.0,CPI-SS0F7FF099C
GO,Macrophages,Tenocytes,GAS6,MERTK,0.907,0.0,CPI-SS0F7FF099C
GO,Tenocytes,Endothelial,GAS6,MERTK,0.378,0.687,CPI-SS0F7FF099C
GO,Tenocytes,Macrophages,GAS6,MERTK,1.117,0.0,CPI-SS0F7FF099C
GO,Tenocytes,Tenocytes,GAS6,MERTK,0.628,0.0,CPI-SS0F7FF099C
GO,Endothelial,Endothelial,SEMA3A,NRP1,1.09,0.005,CPI-SS034083FFA
GO,Endothelial,Macrophages,SEMA3A,NRP1,1.039,0.03,CPI-SS034083FFA
GO,Endothelial,Tenocytes,SEMA3A,NRP1,0.605,1.0,CPI-SS034083FFA
GO,Macrophages,Endothelial,SEMA3A,NRP1,1.114,0.005,CPI-SS034083FFA
GO,Macrophages,Macrophages,SEMA3A,NRP1,1.063,0.01,CPI-SS034083FFA
GO,Macrophages,Tenocytes,SEMA3A,NRP1,0.629,1.0,CPI-SS034083FFA
GO,Tenocytes,Endothelial,SEMA3A,NRP1,1.624,0.0,CPI-SS034083FFA
GO,Tenocytes,Macrophages,SEMA3A,NRP1,1.573,0.0,CPI-SS034083FFA
GO,Tenocytes,Tenocytes,SEMA3A,NRP1,1.139,0.0,CPI-SS034083FFA
GO,Endothelial,Endothelial,CD47,SIRPA,0.393,0.0,CPI-SS0E80C8B3C
GO,Endothelial,Macrophages,CD47,SIRPA,1.153,0.0,CPI-SS0E80C8B3C
GO,Endothelial,Tenocytes,CD47,SIRPA,0.427,0.0,CPI-SS0E80C8B3C
GO,Macrophages,Endothelial,CD47,SIRPA,0.498,0.0,CPI-SS0E80C8B3C
GO,Macrophages,Macrophages,CD47,SIRPA,1.258,0.0,CPI-SS0E80C8B3C
GO,Macrophages,Tenocytes,CD47,SIRPA,0.532,0.0,CPI-SS0E80C8B3C
GO,Tenocytes,Endothelial,CD47,SIRPA,0.32,0.136,CPI-SS0E80C8B3C
GO,Tenocytes,Macrophages,CD47,SIRPA,1.08,0.0,CPI-SS0E80C8B3C
GO,Tenocytes,Tenocytes,CD47,SIRPA,0.354,0.015,CPI-SS0E80C8B3C
WT,Endothelial,Endothelial,GJA1,GJA1,0.586,0.0,CPI-SS04829AC68
WT,Endothelial,Macrophages,GJA1,GJA1,0.347,0.0,CPI-SS04829AC68
WT,Endothelial,Tenocytes,GJA1,GJA1,0.458,0.0,CPI-SS04829AC68
WT,Macrophages,Endothelial,GJA1,GJA1,0.347,0.0,CPI-SS04829AC68
WT,Macrophages,Macrophages,GJA1,GJA1,0.108,0.99,CPI-SS04829AC68
WT,Macrophages,Tenocytes,GJA1,GJA1,0.219,0.755,CPI-SS04829AC68
WT,Tenocytes,Endothelial,GJA1,GJA1,0.458,0.0,CPI-SS04829AC68
WT,Tenocytes,Macrophages,GJA1,GJA1,0.219,0.755,CPI-SS04829AC68
WT,Tenocytes,Tenocytes,GJA1,GJA1,0.33,0.0,CPI-SS04829AC68
WT,Endothelial,Endothelial,APP,PLXNA4,1.398,0.0,CPI-SS0CB6F5575
WT,Endothelial,Macrophages,APP,PLXNA4,1.165,0.0,CPI-SS0CB6F5575
WT,Endothelial,Tenocytes,APP,PLXNA4,1.018,0.0,CPI-SS0CB6F5575
WT,Macrophages,Endothelial,APP,PLXNA4,1.052,0.0,CPI-SS0CB6F5575
WT,Macrophages,Macrophages,APP,PLXNA4,0.819,0.005,CPI-SS0CB6F5575
WT,Macrophages,Tenocytes,APP,PLXNA4,0.672,0.455,CPI-SS0CB6F5575
WT,Tenocytes,Endothelial,APP,PLXNA4,1.189,0.0,CPI-SS0CB6F5575
WT,Tenocytes,Macrophages,APP,PLXNA4,0.957,0.0,CPI-SS0CB6F5575
WT,Tenocytes,Tenocytes,APP,PLXNA4,0.809,0.0,CPI-SS0CB6F5575
WT,Endothelial,Endothelial,APLP2,PLXNA4,1.122,0.0,CPI-SS0DF830287
WT,Endothelial,Macrophages,APLP2,PLXNA4,0.889,0.0,CPI-SS0DF830287
WT,Endothelial,Tenocytes,APLP2,PLXNA4,0.742,0.0,CPI-SS0DF830287
WT,Macrophages,Endothelial,APLP2,PLXNA4,0.705,0.0,CPI-SS0DF830287
WT,Macrophages,Macrophages,APLP2,PLXNA4,0.473,0.0,CPI-SS0DF830287
WT,Macrophages,Tenocytes,APLP2,PLXNA4,0.325,0.0,CPI-SS0DF830287
WT,Tenocytes,Endothelial,APLP2,PLXNA4,0.634,0.0,CPI-SS0DF830287
WT,Tenocytes,Macrophages,APLP2,PLXNA4,0.401,0.0,CPI-SS0DF830287
WT,Tenocytes,Tenocytes,APLP2,PLXNA4,0.254,0.305,CPI-SS0DF830287
WT,Endothelial,Endothelial,GAS6,MERTK,0.271,0.865,CPI-SS0F7FF099C
WT,Endothelial,Macrophages,GAS6,MERTK,0.707,0.0,CPI-SS0F7FF099C
WT,Endothelial,Tenocytes,GAS6,MERTK,0.558,0.0,CPI-SS0F7FF099C
WT,Macrophages,Endothelial,GAS6,MERTK,0.631,0.0,CPI-SS0F7FF099C
WT,Macrophages,Macrophages,GAS6,MERTK,1.067,0.0,CPI-SS0F7FF099C
WT,Macrophages,Tenocytes,GAS6,MERTK,0.918,0.0,CPI-SS0F7FF099C
WT,Tenocytes,Endothelial,GAS6,MERTK,0.288,0.81,CPI-SS0F7FF099C
WT,Tenocytes,Macrophages,GAS6,MERTK,0.724,0.0,CPI-SS0F7FF099C
WT,Tenocytes,Tenocytes,GAS6,MERTK,0.575,0.0,CPI-SS0F7FF099C
WT,Endothelial,Endothelial,SEMA3A,NRP1,1.211,0.0,CPI-SS034083FFA
WT,Endothelial,Macrophages,SEMA3A,NRP1,1.388,0.0,CPI-SS034083FFA
WT,Endothelial,Tenocytes,SEMA3A,NRP1,0.666,1.0,CPI-SS034083FFA
WT,Macrophages,Endothelial,SEMA3A,NRP1,1.189,0.0,CPI-SS034083FFA
WT,Macrophages,Macrophages,SEMA3A,NRP1,1.366,0.0,CPI-SS034083FFA
WT,Macrophages,Tenocytes,SEMA3A,NRP1,0.644,1.0,CPI-SS034083FFA
WT,Tenocytes,Endothelial,SEMA3A,NRP1,1.704,0.0,CPI-SS034083FFA
WT,Tenocytes,Macrophages,SEMA3A,NRP1,1.881,0.0,CPI-SS034083FFA
WT,Tenocytes,Tenocytes,SEMA3A,NRP1,1.16,0.0,CPI-SS034083FFA
WT,Endothelial,Endothelial,CD47,SIRPA,0.355,0.045,CPI-SS0E80C8B3C
WT,Endothelial,Macrophages,CD47,SIRPA,0.995,0.0,CPI-SS0E80C8B3C
WT,Endothelial,Tenocytes,CD47,SIRPA,0.354,0.02,CPI-SS0E80C8B3C
WT,Macrophages,Endothelial,CD47,SIRPA,0.441,0.0,CPI-SS0E80C8B3C
WT,Macrophages,Macrophages,CD47,SIRPA,1.081,0.0,CPI-SS0E80C8B3C
WT,Macrophages,Tenocytes,CD47,SIRPA,0.441,0.0,CPI-SS0E80C8B3C
WT,Tenocytes,Endothelial,CD47,SIRPA,0.388,0.005,CPI-SS0E80C8B3C
WT,Tenocytes,Macrophages,CD47,SIRPA,1.028,0.0,CPI-SS0E80C8B3C
WT,Tenocytes,Tenocytes,CD47,SIRPA,0.388,0.0,CPI-SS0E80C8B3C
