gene,cluster_id,average_expression,percent_expressed
LYZ,C1,1.9415,69.25
LYZ,C2,3.0725,76.11
LYZ,C3,0.3562,22.94
LYZ,C4,0.3324,13.46
LYZ,C5,0.1506,16.0
LYZ,C6,0.4347,22.64
LYZ,C7,0.3863,2.31
LYZ,C8,0.4413,12.35
LYZ,C9,0.1199,10.7
LYZ,C10,0.06,16.59
LYZ,C11,0.0277,6.93
LYZ,C12,0.0725,22.51
LYZ,C13,0.0816,3.73
LYZ,C14,0.3539,23.19
C1QA,C1,1.915,78.62
C1QA,C2,2.0907,74.78
C1QA,C3,0.3044,7.5
C1QA,C4,0.4117,11.01
C1QA,C5,0.1099,22.04
C1QA,C6,0.1137,20.57
C1QA,C7,0.4857,7.22
C1QA,C8,0.1873,2.19
C1QA,C9,0.1421,22.49
C1QA,C10,0.3618,3.08
C1QA,C11,0.2953,14.47
C1QA,C12,0.4781,7.44
C1QA,C13,0.1822,16.7
C1QA,C14,0.1607,11.43
CD3D,C1,0.4189,6.25
CD3D,C2,0.4609,11.75
CD3D,C3,1.7949,84.06
CD3D,C4,1.8247,93.82
CD3D,C5,0.4918,14.36
CD3D,C6,0.0493,7.75
CD3D,C7,0.265,24.77
CD3D,C8,0.3782,13.45
CD3D,C9,0.215,23.14
CD3D,C10,0.2102,22.24
CD3D,C11,0.0379,12.1
CD3D,C12,0.3183,14.69
CD3D,C13,0.4034,11.03
CD3D,C14,0.2027,11.87
NKG7,C1,0.2518,13.55
NKG7,C2,0.4167,10.93
NKG7,C3,3.0109,80.93
NKG7,C4,1.9538,80.09
NKG7,C5,0.241,23.69
NKG7,C6,0.4597,7.14
NKG7,C7,0.2915,17.06
NKG7,C8,0.0731,5.24
NKG7,C9,0.2936,17.14
NKG7,C10,0.4271,2.03
NKG7,C11,0.2246,23.8
NKG7,C12,0.2885,18.05
NKG7,C13,0.3954,12.46
NKG7,C14,0.0728,19.41
EPCAM,C1,0.2084,24.1
EPCAM,C2,0.4221,20.64
EPCAM,C3,0.4231,11.55
EPCAM,C4,0.1746,18.9
EPCAM,C5,2.6539,92.19
EPCAM,C6,2.6391,75.97
EPCAM,C7,0.4669,10.71
EPCAM,C8,0.3395,23.18
EPCAM,C9,0.0575,5.83
EPCAM,C10,0.1878,20.71
EPCAM,C11,0.0839,10.17
EPCAM,C12,0.1513,13.19
EPCAM,C13,0.1074,5.0
EPCAM,C14,0.3243,17.9
KRT19,C1,0.3265,8.95
KRT19,C2,0.2081,5.36
KRT19,C3,0.4769,15.72
KRT19,C4,0.0609,8.86
KRT19,C5,1.78,67.85
KRT19,C6,1.9728,93.22
KRT19,C7,0.241,18.07
KRT19,C8,0.4596,16.37
KRT19,C9,0.2648,13.53
KRT19,C10,0.2245,9.43
KRT19,C11,0.1448,8.26
KRT19,C12,0.2734,13.39
KRT19,C13,0.4522,13.09
KRT19,C14,0.277,19.97
MUC1,C1,0.3075,10.02
MUC1,C2,0.4427,22.98
MUC1,C3,0.4011,21.54
MUC1,C4,0.2021,19.06
MUC1,C5,0.3624,13.28
MUC1,C6,0.1906,10.59
MUC1,C7,2.7642,82.94
MUC1,C8,1.7161,91.42
MUC1,C9,0.3849,21.85
MUC1,C10,0.4843,9.8
MUC1,C11,0.2212,17.06
MUC1,C12,0.201,17.01
MUC1,C13,0.4194,10.01
MUC1,C14,0.0707,15.06
KRT8,C1,0.2693,17.67
KRT8,C2,0.2784,12.15
KRT8,C3,0.4288,2.01
KRT8,C4,0.3499,16.06
KRT8,C5,0.4015,13.41
KRT8,C6,0.3719,9.56
KRT8,C7,2.2455,74.95
KRT8,C8,2.9266,94.76
KRT8,C9,0.289,22.02
KRT8,C10,0.193,12.86
KRT8,C11,0.0913,12.78
KRT8,C12,0.4048,8.87
KRT8,C13,0.1218,21.19
KRT8,C14,0.0548,21.55
PECAM1,C1,0.0287,11.82
PECAM1,C2,0.3064,15.07
PECAM1,C3,0.465,12.36
PECAM1,C4,0.359,2.64
PECAM1,C5,0.3666,12.54
PECAM1,C6,0.2808,10.15
PECAM1,C7,0.4355,2.64
PECAM1,C8,0.1367,21.12
PECAM1,C9,2.0018,68.37
PECAM1,C10,2.5633,79.48
PECAM1,C11,0.2589,10.82
PECAM1,C12,0.02,18.39
PECAM1,C13,0.4354,3.54
PECAM1,C14,0.2079,21.73
VWF,C1,0.2744,12.8
VWF,C2,0.1958,22.78
VWF,C3,0.3575,13.03
VWF,C4,0.3886,2.81
VWF,C5,0.4539,19.63
VWF,C6,0.0575,23.36
VWF,C7,0.2665,9.7
VWF,C8,0.4499,18.95
VWF,C9,1.8196,77.68
VWF,C10,2.2899,90.6
VWF,C11,0.0352,7.23
VWF,C12,0.2694,2.39
VWF,C13,0.4772,23.13
VWF,C14,0.1238,10.41
ACTA2,C1,0.2798,20.3
ACTA2,C2,0.1453,4.29
ACTA2,C3,0.2675,22.17
ACTA2,C4,0.4231,19.21
ACTA2,C5,0.0549,16.94
ACTA2,C6,0.2092,11.52
ACTA2,C7,0.1079,15.95
ACTA2,C8,0.4132,23.8
ACTA2,C9,0.4983,3.6
ACTA2,C10,0.0959,20.64
ACTA2,C11,2.5487,91.29
ACTA2,C12,2.1442,82.98
ACTA2,C13,0.0723,2.79
ACTA2,C14,0.4637,4.14
TAGLN,C1,0.0744,12.38
TAGLN,C2,0.3,3.16
TAGLN,C3,0.2329,7.81
TAGLN,C4,0.2517,20.09
TAGLN,C5,0.166,18.08
TAGLN,C6,0.3478,16.39
TAGLN,C7,0.093,5.83
TAGLN,C8,0.189,3.97
TAGLN,C9,0.2986,16.08
TAGLN,C10,0.3063,12.79
TAGLN,C11,2.7383,87.37
TAGLN,C12,1.7646,80.18
TAGLN,C13,0.2815,6.67
TAGLN,C14,0.2741,19.73
COL1A1,C1,0.1041,23.58
COL1A1,C2,0.394,15.85
COL1A1,C3,0.0956,21.14
COL1A1,C4,0.1701,16.49
COL1A1,C5,0.4595,3.5
COL1A1,C6,0.4578,12.25
COL1A1,C7,0.1381,8.88
COL1A1,C8,0.3369,16.59
COL1A1,C9,0.3377,24.71
COL1A1,C10,0.4344,18.49
COL1A1,C11,0.0798,16.32
COL1A1,C12,0.2108,17.46
COL1A1,C13,3.1514,70.77
COL1A1,C14,2.2602,84.7
DCN,C1,0.4986,8.52
DCN,C2,0.2101,4.07
DCN,C3,0.0401,14.27
DCN,C4,0.4996,16.65
DCN,C5,0.2199,10.36
DCN,C6,0.2725,24.46
DCN,C7,0.3813,22.34
DCN,C8,0.3093,24.48
DCN,C9,0.0733,15.4
DCN,C10,0.3188,22.37
DCN,C11,0.4002,20.46
DCN,C12,0.4255,15.19
DCN,C13,2.4926,86.67
DCN,C14,2.7908,88.18
