sample,spot_id,feature,x,y,value
Example slice A,spot-00-06,ExampleGeneA,270.0,0,0.47035
Example slice A,spot-00-06,ExampleGeneB,270.0,0,0.0
Example slice A,spot-00-07,ExampleGeneA,315.0,0,0.370832
Example slice A,spot-00-07,ExampleGeneB,315.0,0,0.063009
Example slice A,spot-00-08,ExampleGeneA,360.0,0,0.290254
Example slice A,spot-00-08,ExampleGeneB,360.0,0,0.048305
Example slice A,spot-00-09,ExampleGeneA,405.0,0,0.229968
Example slice A,spot-00-09,ExampleGeneB,405.0,0,0.067786
Example slice A,spot-00-10,ExampleGeneA,450.0,0,0.202281
Example slice A,spot-00-10,ExampleGeneB,450.0,0,0.0361
Example slice A,spot-00-11,ExampleGeneA,495.0,0,0.072956
Example slice A,spot-00-11,ExampleGeneB,495.0,0,0.050042
Example slice A,spot-01-03,ExampleGeneA,157.5,39,0.736106
Example slice A,spot-01-03,ExampleGeneB,157.5,39,0.073034
Example slice A,spot-01-04,ExampleGeneA,202.5,39,0.84109
Example slice A,spot-01-04,ExampleGeneB,202.5,39,0.05914
Example slice A,spot-01-05,ExampleGeneA,247.5,39,0.841636
Example slice A,spot-01-05,ExampleGeneB,247.5,39,0.0
Example slice A,spot-01-06,ExampleGeneA,292.5,39,0.707245
Example slice A,spot-01-06,ExampleGeneB,292.5,39,0.018999
Example slice A,spot-01-07,ExampleGeneA,337.5,39,0.612172
Example slice A,spot-01-07,ExampleGeneB,337.5,39,0.048845
Example slice A,spot-01-08,ExampleGeneA,382.5,39,0.425055
Example slice A,spot-01-08,ExampleGeneB,382.5,39,0.10242
Example slice A,spot-01-09,ExampleGeneA,427.5,39,0.294529
Example slice A,spot-01-09,ExampleGeneB,427.5,39,0.122638
Example slice A,spot-01-10,ExampleGeneA,472.5,39,0.165201
Example slice A,spot-01-10,ExampleGeneB,472.5,39,0.17171
Example slice A,spot-01-11,ExampleGeneA,517.5,39,0.071961
Example slice A,spot-01-11,ExampleGeneB,517.5,39,0.159367
Example slice A,spot-01-12,ExampleGeneA,562.5,39,0.0
Example slice A,spot-01-12,ExampleGeneB,562.5,39,0.156483
Example slice A,spot-01-13,ExampleGeneA,607.5,39,0.040178
Example slice A,spot-01-13,ExampleGeneB,607.5,39,0.180933
Example slice A,spot-02-03,ExampleGeneA,135.0,78,0.956023
Example slice A,spot-02-03,ExampleGeneB,135.0,78,0.05161
Example slice A,spot-02-04,ExampleGeneA,180.0,78,1.223773
Example slice A,spot-02-04,ExampleGeneB,180.0,78,0.091596
Example slice A,spot-02-05,ExampleGeneA,225.0,78,1.253156
Example slice A,spot-02-05,ExampleGeneB,225.0,78,0.057803
Example slice A,spot-02-06,ExampleGeneA,270.0,78,1.236332
Example slice A,spot-02-06,ExampleGeneB,270.0,78,0.02687
Example slice A,spot-02-07,ExampleGeneA,315.0,78,1.095057
Example slice A,spot-02-07,ExampleGeneB,315.0,78,0.125512
Example slice A,spot-02-08,ExampleGeneA,360.0,78,0.869891
Example slice A,spot-02-08,ExampleGeneB,360.0,78,0.100272
Example slice A,spot-02-09,ExampleGeneA,405.0,78,0.547554
Example slice A,spot-02-09,ExampleGeneB,405.0,78,0.194394
Example slice A,spot-02-10,ExampleGeneA,450.0,78,0.351233
Example slice A,spot-02-10,ExampleGeneB,450.0,78,0.269076
Example slice A,spot-02-11,ExampleGeneA,495.0,78,0.221993
Example slice A,spot-02-11,ExampleGeneB,495.0,78,0.246079
Example slice A,spot-02-12,ExampleGeneA,540.0,78,0.102837
Example slice A,spot-02-12,ExampleGeneB,540.0,78,0.290244
Example slice A,spot-02-13,ExampleGeneA,585.0,78,0.0
Example slice A,spot-02-13,ExampleGeneB,585.0,78,0.317734
Example slice A,spot-02-14,ExampleGeneA,630.0,78,0.015162
Example slice A,spot-02-14,ExampleGeneB,630.0,78,0.290694
Example slice A,spot-03-01,ExampleGeneA,67.5,117,0.72178
Example slice A,spot-03-01,ExampleGeneB,67.5,117,0.0
Example slice A,spot-03-02,ExampleGeneA,112.5,117,1.061534
Example slice A,spot-03-02,ExampleGeneB,112.5,117,0.0
Example slice A,spot-03-03,ExampleGeneA,157.5,117,1.424329
Example slice A,spot-03-03,ExampleGeneB,157.5,117,0.0
Example slice A,spot-03-04,ExampleGeneA,202.5,117,1.68299
Example slice A,spot-03-04,ExampleGeneB,202.5,117,0.036749
Example slice A,spot-03-05,ExampleGeneA,247.5,117,1.677798
Example slice A,spot-03-05,ExampleGeneB,247.5,117,0.098372
Example slice A,spot-03-06,ExampleGeneA,292.5,117,1.553933
Example slice A,spot-03-06,ExampleGeneB,292.5,117,0.077418
Example slice A,spot-03-07,ExampleGeneA,337.5,117,1.341297
Example slice A,spot-03-07,ExampleGeneB,337.5,117,0.182118
Example slice A,spot-03-08,ExampleGeneA,382.5,117,0.97445
Example slice A,spot-03-08,ExampleGeneB,382.5,117,0.331925
Example slice A,spot-03-09,ExampleGeneA,427.5,117,0.538544
Example slice A,spot-03-09,ExampleGeneB,427.5,117,0.405015
Example slice A,spot-03-10,ExampleGeneA,472.5,117,0.366507
Example slice A,spot-03-10,ExampleGeneB,472.5,117,0.44914
Example slice A,spot-03-11,ExampleGeneA,517.5,117,0.135955
Example slice A,spot-03-11,ExampleGeneB,517.5,117,0.542796
Example slice A,spot-03-12,ExampleGeneA,562.5,117,0.140028
Example slice A,spot-03-12,ExampleGeneB,562.5,117,0.604467
Example slice A,spot-03-13,ExampleGeneA,607.5,117,0.0
Example slice A,spot-03-13,ExampleGeneB,607.5,117,0.45855
Example slice A,spot-03-14,ExampleGeneA,652.5,117,0.038575
Example slice A,spot-03-14,ExampleGeneB,652.5,117,0.388218
Example slice A,spot-03-15,ExampleGeneA,697.5,117,0.0
Example slice A,spot-03-15,ExampleGeneB,697.5,117,0.256687
Example slice A,spot-04-01,ExampleGeneA,45.0,156,0.754285
Example slice A,spot-04-01,ExampleGeneB,45.0,156,0.009213
Example slice A,spot-04-02,ExampleGeneA,90.0,156,1.081492
Example slice A,spot-04-02,ExampleGeneB,90.0,156,0.051667
Example slice A,spot-04-03,ExampleGeneA,135.0,156,1.611322
Example slice A,spot-04-03,ExampleGeneB,135.0,156,0.040915
Example slice A,spot-04-04,ExampleGeneA,180.0,156,1.829881
Example slice A,spot-04-04,ExampleGeneB,180.0,156,0.000709
Example slice A,spot-04-05,ExampleGeneA,225.0,156,2.079386
Example slice A,spot-04-05,ExampleGeneB,225.0,156,0.05385
Example slice A,spot-04-06,ExampleGeneA,270.0,156,2.05182
Example slice A,spot-04-06,ExampleGeneB,270.0,156,0.121836
Example slice A,spot-04-07,ExampleGeneA,315.0,156,1.752005
Example slice A,spot-04-07,ExampleGeneB,315.0,156,0.256682
Example slice A,spot-04-08,ExampleGeneA,360.0,156,1.485504
Example slice A,spot-04-08,ExampleGeneB,360.0,156,0.439643
Example slice A,spot-04-09,ExampleGeneA,405.0,156,0.948942
Example slice A,spot-04-09,ExampleGeneB,405.0,156,0.564936
Example slice A,spot-04-10,ExampleGeneA,450.0,156,0.638651
Example slice A,spot-04-10,ExampleGeneB,450.0,156,0.7252
Example slice A,spot-04-11,ExampleGeneA,495.0,156,0.361764
Example slice A,spot-04-11,ExampleGeneB,495.0,156,0.857975
Example slice A,spot-04-12,ExampleGeneA,540.0,156,0.107659
Example slice A,spot-04-12,ExampleGeneB,540.0,156,0.900439
Example slice A,spot-04-13,ExampleGeneA,585.0,156,0.04791
Example slice A,spot-04-13,ExampleGeneB,585.0,156,0.865203
Example slice A,spot-04-14,ExampleGeneA,630.0,156,0.0
Example slice A,spot-04-14,ExampleGeneB,630.0,156,0.721149
Example slice A,spot-04-15,ExampleGeneA,675.0,156,0.0
Example slice A,spot-04-15,ExampleGeneB,675.0,156,0.486441
Example slice A,spot-04-16,ExampleGeneA,720.0,156,0.030744
Example slice A,spot-04-16,ExampleGeneB,720.0,156,0.356591
Example slice A,spot-05-00,ExampleGeneA,22.5,195,0.612777
Example slice A,spot-05-00,ExampleGeneB,22.5,195,0.005394
Example slice A,spot-05-01,ExampleGeneA,67.5,195,0.998356
Example slice A,spot-05-01,ExampleGeneB,67.5,195,0.0
Example slice A,spot-05-02,ExampleGeneA,112.5,195,1.446621
Example slice A,spot-05-02,ExampleGeneB,112.5,195,0.0
Example slice A,spot-05-03,ExampleGeneA,157.5,195,1.922651
Example slice A,spot-05-03,ExampleGeneB,157.5,195,0.0
Example slice A,spot-05-04,ExampleGeneA,202.5,195,2.272882
Example slice A,spot-05-04,ExampleGeneB,202.5,195,0.06147
Example slice A,spot-05-05,ExampleGeneA,247.5,195,2.375948
Example slice A,spot-05-05,ExampleGeneB,247.5,195,0.096728
Example slice A,spot-05-06,ExampleGeneA,292.5,195,2.19559
Example slice A,spot-05-06,ExampleGeneB,292.5,195,0.241752
Example slice A,spot-05-07,ExampleGeneA,337.5,195,1.797838
Example slice A,spot-05-07,ExampleGeneB,337.5,195,0.487813
Example slice A,spot-05-08,ExampleGeneA,382.5,195,1.341917
Example slice A,spot-05-08,ExampleGeneB,382.5,195,0.660591
Example slice A,spot-05-09,ExampleGeneA,427.5,195,0.872117
Example slice A,spot-05-09,ExampleGeneB,427.5,195,0.924771
Example slice A,spot-05-10,ExampleGeneA,472.5,195,0.505823
Example slice A,spot-05-10,ExampleGeneB,472.5,195,1.216118
Example slice A,spot-05-11,ExampleGeneA,517.5,195,0.25061
Example slice A,spot-05-11,ExampleGeneB,517.5,195,1.332137
Example slice A,spot-05-12,ExampleGeneA,562.5,195,0.123571
Example slice A,spot-05-12,ExampleGeneB,562.5,195,1.30697
Example slice A,spot-05-13,ExampleGeneA,607.5,195,0.013399
Example slice A,spot-05-13,ExampleGeneB,607.5,195,1.230886
Example slice A,spot-05-14,ExampleGeneA,652.5,195,0.0
Example slice A,spot-05-14,ExampleGeneB,652.5,195,0.895264
Example slice A,spot-05-15,ExampleGeneA,697.5,195,0.0
Example slice A,spot-05-15,ExampleGeneB,697.5,195,0.584485
Example slice A,spot-05-16,ExampleGeneA,742.5,195,0.030943
Example slice A,spot-05-16,ExampleGeneB,742.5,195,0.456222
Example slice A,spot-06-00,ExampleGeneA,0.0,234,0.425763
Example slice A,spot-06-00,ExampleGeneB,0.0,234,0.00871
Example slice A,spot-06-01,ExampleGeneA,45.0,234,0.789811
Example slice A,spot-06-01,ExampleGeneB,45.0,234,0.07206
Example slice A,spot-06-02,ExampleGeneA,90.0,234,1.33838
Example slice A,spot-06-02,ExampleGeneB,90.0,234,0.013137
Example slice A,spot-06-03,ExampleGeneA,135.0,234,1.807345
Example slice A,spot-06-03,ExampleGeneB,135.0,234,0.008487
Example slice A,spot-06-04,ExampleGeneA,180.0,234,2.233794
Example slice A,spot-06-04,ExampleGeneB,180.0,234,0.029762
Example slice A,spot-06-05,ExampleGeneA,225.0,234,2.44289
Example slice A,spot-06-05,ExampleGeneB,225.0,234,0.165877
Example slice A,spot-06-06,ExampleGeneA,270.0,234,2.425278
Example slice A,spot-06-06,ExampleGeneB,270.0,234,0.272347
Example slice A,spot-06-07,ExampleGeneA,315.0,234,2.111659
Example slice A,spot-06-07,ExampleGeneB,315.0,234,0.405966
Example slice A,spot-06-08,ExampleGeneA,360.0,234,1.665446
Example slice A,spot-06-08,ExampleGeneB,360.0,234,0.690548
Example slice A,spot-06-09,ExampleGeneA,405.0,234,1.175775
Example slice A,spot-06-09,ExampleGeneB,405.0,234,1.041215
Example slice A,spot-06-10,ExampleGeneA,450.0,234,0.757332
Example slice A,spot-06-10,ExampleGeneB,450.0,234,1.385153
Example slice A,spot-06-11,ExampleGeneA,495.0,234,0.395571
Example slice A,spot-06-11,ExampleGeneB,495.0,234,1.772648
Example slice A,spot-06-12,ExampleGeneA,540.0,234,0.179247
Example slice A,spot-06-12,ExampleGeneB,540.0,234,1.810674
Example slice A,spot-06-13,ExampleGeneA,585.0,234,0.072598
Example slice A,spot-06-13,ExampleGeneB,585.0,234,1.730444
Example slice A,spot-06-14,ExampleGeneA,630.0,234,0.0
Example slice A,spot-06-14,ExampleGeneB,630.0,234,1.449483
Example slice A,spot-06-15,ExampleGeneA,675.0,234,0.0
Example slice A,spot-06-15,ExampleGeneB,675.0,234,1.069613
Example slice A,spot-06-16,ExampleGeneA,720.0,234,0.0
Example slice A,spot-06-16,ExampleGeneB,720.0,234,0.692365
Example slice A,spot-07-00,ExampleGeneA,22.5,273,0.610771
Example slice A,spot-07-00,ExampleGeneB,22.5,273,0.0
Example slice A,spot-07-01,ExampleGeneA,67.5,273,0.907892
Example slice A,spot-07-01,ExampleGeneB,67.5,273,0.042646
Example slice A,spot-07-02,ExampleGeneA,112.5,273,1.49049
Example slice A,spot-07-02,ExampleGeneB,112.5,273,0.016233
Example slice A,spot-07-03,ExampleGeneA,157.5,273,1.960078
Example slice A,spot-07-03,ExampleGeneB,157.5,273,0.094163
Example slice A,spot-07-04,ExampleGeneA,202.5,273,2.292693
Example slice A,spot-07-04,ExampleGeneB,202.5,273,0.115773
Example slice A,spot-07-05,ExampleGeneA,247.5,273,2.316383
Example slice A,spot-07-05,ExampleGeneB,247.5,273,0.182343
Example slice A,spot-07-06,ExampleGeneA,292.5,273,2.20496
Example slice A,spot-07-06,ExampleGeneB,292.5,273,0.342482
Example slice A,spot-07-07,ExampleGeneA,337.5,273,1.78531
Example slice A,spot-07-07,ExampleGeneB,337.5,273,0.625849
Example slice A,spot-07-08,ExampleGeneA,382.5,273,1.318041
Example slice A,spot-07-08,ExampleGeneB,382.5,273,0.986205
Example slice A,spot-07-09,ExampleGeneA,427.5,273,0.84914
Example slice A,spot-07-09,ExampleGeneB,427.5,273,1.498535
Example slice A,spot-07-10,ExampleGeneA,472.5,273,0.48417
Example slice A,spot-07-10,ExampleGeneB,472.5,273,1.913024
Example slice A,spot-07-11,ExampleGeneA,517.5,273,0.345878
Example slice A,spot-07-11,ExampleGeneB,517.5,273,2.109046
Example slice A,spot-07-12,ExampleGeneA,562.5,273,0.107788
Example slice A,spot-07-12,ExampleGeneB,562.5,273,2.157566
Example slice A,spot-07-13,ExampleGeneA,607.5,273,0.015656
Example slice A,spot-07-13,ExampleGeneB,607.5,273,1.869889
Example slice A,spot-07-14,ExampleGeneA,652.5,273,0.020657
Example slice A,spot-07-14,ExampleGeneB,652.5,273,1.553752
Example slice A,spot-07-15,ExampleGeneA,697.5,273,0.037458
Example slice A,spot-07-15,ExampleGeneB,697.5,273,1.1046
Example slice A,spot-07-16,ExampleGeneA,742.5,273,0.058037
Example slice A,spot-07-16,ExampleGeneB,742.5,273,0.708382
Example slice A,spot-08-00,ExampleGeneA,0.0,312,0.436503
Example slice A,spot-08-00,ExampleGeneB,0.0,312,0.0
Example slice A,spot-08-01,ExampleGeneA,45.0,312,0.652194
Example slice A,spot-08-01,ExampleGeneB,45.0,312,0.001675
Example slice A,spot-08-02,ExampleGeneA,90.0,312,1.013339
Example slice A,spot-08-02,ExampleGeneB,90.0,312,0.055323
Example slice A,spot-08-03,ExampleGeneA,135.0,312,1.419876
Example slice A,spot-08-03,ExampleGeneB,135.0,312,0.077154
Example slice A,spot-08-04,ExampleGeneA,180.0,312,1.886632
Example slice A,spot-08-04,ExampleGeneB,180.0,312,0.011563
Example slice A,spot-08-05,ExampleGeneA,225.0,312,2.049535
Example slice A,spot-08-05,ExampleGeneB,225.0,312,0.183645
Example slice A,spot-08-06,ExampleGeneA,270.0,312,2.010182
Example slice A,spot-08-06,ExampleGeneB,270.0,312,0.308214
Example slice A,spot-08-07,ExampleGeneA,315.0,312,1.734055
Example slice A,spot-08-07,ExampleGeneB,315.0,312,0.528225
Example slice A,spot-08-08,ExampleGeneA,360.0,312,1.389303
Example slice A,spot-08-08,ExampleGeneB,360.0,312,0.954201
Example slice A,spot-08-09,ExampleGeneA,405.0,312,0.855275
Example slice A,spot-08-09,ExampleGeneB,405.0,312,1.434706
Example slice A,spot-08-10,ExampleGeneA,450.0,312,0.600759
Example slice A,spot-08-10,ExampleGeneB,450.0,312,1.958106
Example slice A,spot-08-11,ExampleGeneA,495.0,312,0.297568
Example slice A,spot-08-11,ExampleGeneB,495.0,312,2.31405
Example slice A,spot-08-12,ExampleGeneA,540.0,312,0.145772
Example slice A,spot-08-12,ExampleGeneB,540.0,312,2.39695
Example slice A,spot-08-13,ExampleGeneA,585.0,312,0.065663
Example slice A,spot-08-13,ExampleGeneB,585.0,312,2.291562
Example slice A,spot-08-14,ExampleGeneA,630.0,312,0.02956
Example slice A,spot-08-14,ExampleGeneB,630.0,312,1.884036
Example slice A,spot-08-15,ExampleGeneA,675.0,312,0.0
Example slice A,spot-08-15,ExampleGeneB,675.0,312,1.385029
Example slice A,spot-08-16,ExampleGeneA,720.0,312,0.080565
Example slice A,spot-08-16,ExampleGeneB,720.0,312,0.908679
Example slice A,spot-09-00,ExampleGeneA,22.5,351,0.481949
Example slice A,spot-09-00,ExampleGeneB,22.5,351,0.0
Example slice A,spot-09-01,ExampleGeneA,67.5,351,0.732615
Example slice A,spot-09-01,ExampleGeneB,67.5,351,0.01304
Example slice A,spot-09-02,ExampleGeneA,112.5,351,0.998905
Example slice A,spot-09-02,ExampleGeneB,112.5,351,0.043036
Example slice A,spot-09-03,ExampleGeneA,157.5,351,1.324584
Example slice A,spot-09-03,ExampleGeneB,157.5,351,0.039388
Example slice A,spot-09-04,ExampleGeneA,202.5,351,1.52887
Example slice A,spot-09-04,ExampleGeneB,202.5,351,0.131909
Example slice A,spot-09-05,ExampleGeneA,247.5,351,1.594833
Example slice A,spot-09-05,ExampleGeneB,247.5,351,0.145465
Example slice A,spot-09-06,ExampleGeneA,292.5,351,1.504343
Example slice A,spot-09-06,ExampleGeneB,292.5,351,0.447931
Example slice A,spot-09-07,ExampleGeneA,337.5,351,1.268533
Example slice A,spot-09-07,ExampleGeneB,337.5,351,0.736243
Example slice A,spot-09-08,ExampleGeneA,382.5,351,0.909467
Example slice A,spot-09-08,ExampleGeneB,382.5,351,1.161417
Example slice A,spot-09-09,ExampleGeneA,427.5,351,0.542841
Example slice A,spot-09-09,ExampleGeneB,427.5,351,1.734297
Example slice A,spot-09-10,ExampleGeneA,472.5,351,0.347696
Example slice A,spot-09-10,ExampleGeneB,472.5,351,2.174733
Example slice A,spot-09-11,ExampleGeneA,517.5,351,0.231641
Example slice A,spot-09-11,ExampleGeneB,517.5,351,2.466504
Example slice A,spot-09-12,ExampleGeneA,562.5,351,0.013737
Example slice A,spot-09-12,ExampleGeneB,562.5,351,2.470914
Example slice A,spot-09-13,ExampleGeneA,607.5,351,0.036189
Example slice A,spot-09-13,ExampleGeneB,607.5,351,2.228121
Example slice A,spot-09-14,ExampleGeneA,652.5,351,0.0
Example slice A,spot-09-14,ExampleGeneB,652.5,351,1.776879
Example slice A,spot-09-15,ExampleGeneA,697.5,351,0.0
Example slice A,spot-09-15,ExampleGeneB,697.5,351,1.204141
Example slice A,spot-09-16,ExampleGeneA,742.5,351,0.039028
Example slice A,spot-09-16,ExampleGeneB,742.5,351,0.760444
Example slice A,spot-10-01,ExampleGeneA,45.0,390,0.355963
Example slice A,spot-10-01,ExampleGeneB,45.0,390,0.0
Example slice A,spot-10-02,ExampleGeneA,90.0,390,0.579793
Example slice A,spot-10-02,ExampleGeneB,90.0,390,0.0
Example slice A,spot-10-03,ExampleGeneA,135.0,390,0.792291
Example slice A,spot-10-03,ExampleGeneB,135.0,390,0.05059
Example slice A,spot-10-04,ExampleGeneA,180.0,390,1.052251
Example slice A,spot-10-04,ExampleGeneB,180.0,390,0.08433
Example slice A,spot-10-05,ExampleGeneA,225.0,390,1.164464
Example slice A,spot-10-05,ExampleGeneB,225.0,390,0.033527
Example slice A,spot-10-06,ExampleGeneA,270.0,390,1.170595
Example slice A,spot-10-06,ExampleGeneB,270.0,390,0.300553
Example slice A,spot-10-07,ExampleGeneA,315.0,390,0.988831
Example slice A,spot-10-07,ExampleGeneB,315.0,390,0.541174
Example slice A,spot-10-08,ExampleGeneA,360.0,390,0.749354
Example slice A,spot-10-08,ExampleGeneB,360.0,390,0.833097
Example slice A,spot-10-09,ExampleGeneA,405.0,390,0.542571
Example slice A,spot-10-09,ExampleGeneB,405.0,390,1.298654
Example slice A,spot-10-10,ExampleGeneA,450.0,390,0.19366
Example slice A,spot-10-10,ExampleGeneB,450.0,390,1.852813
Example slice A,spot-10-11,ExampleGeneA,495.0,390,0.184413
Example slice A,spot-10-11,ExampleGeneB,495.0,390,2.209914
Example slice A,spot-10-12,ExampleGeneA,540.0,390,0.100123
Example slice A,spot-10-12,ExampleGeneB,540.0,390,2.356417
Example slice A,spot-10-13,ExampleGeneA,585.0,390,0.105144
Example slice A,spot-10-13,ExampleGeneB,585.0,390,2.160491
Example slice A,spot-10-14,ExampleGeneA,630.0,390,0.045457
Example slice A,spot-10-14,ExampleGeneB,630.0,390,1.835137
Example slice A,spot-10-15,ExampleGeneA,675.0,390,0.04321
Example slice A,spot-10-15,ExampleGeneB,675.0,390,1.402874
Example slice A,spot-10-16,ExampleGeneA,720.0,390,0.010498
Example slice A,spot-10-16,ExampleGeneB,720.0,390,0.971634
Example slice A,spot-11-01,ExampleGeneA,67.5,429,0.283182
Example slice A,spot-11-01,ExampleGeneB,67.5,429,0.0
Example slice A,spot-11-02,ExampleGeneA,112.5,429,0.451813
Example slice A,spot-11-02,ExampleGeneB,112.5,429,0.0
Example slice A,spot-11-03,ExampleGeneA,157.5,429,0.636425
Example slice A,spot-11-03,ExampleGeneB,157.5,429,0.050753
Example slice A,spot-11-04,ExampleGeneA,202.5,429,0.787273
Example slice A,spot-11-04,ExampleGeneB,202.5,429,0.073906
Example slice A,spot-11-05,ExampleGeneA,247.5,429,0.719588
Example slice A,spot-11-05,ExampleGeneB,247.5,429,0.237994
Example slice A,spot-11-06,ExampleGeneA,292.5,429,0.759285
Example slice A,spot-11-06,ExampleGeneB,292.5,429,0.28812
Example slice A,spot-11-07,ExampleGeneA,337.5,429,0.551569
Example slice A,spot-11-07,ExampleGeneB,337.5,429,0.594344
Example slice A,spot-11-08,ExampleGeneA,382.5,429,0.444684
Example slice A,spot-11-08,ExampleGeneB,382.5,429,0.89324
Example slice A,spot-11-09,ExampleGeneA,427.5,429,0.251406
Example slice A,spot-11-09,ExampleGeneB,427.5,429,1.358672
Example slice A,spot-11-10,ExampleGeneA,472.5,429,0.194595
Example slice A,spot-11-10,ExampleGeneB,472.5,429,1.767497
Example slice A,spot-11-11,ExampleGeneA,517.5,429,0.101037
Example slice A,spot-11-11,ExampleGeneB,517.5,429,1.980363
Example slice A,spot-11-12,ExampleGeneA,562.5,429,0.009943
Example slice A,spot-11-12,ExampleGeneB,562.5,429,1.897724
Example slice A,spot-11-13,ExampleGeneA,607.5,429,0.085648
Example slice A,spot-11-13,ExampleGeneB,607.5,429,1.76678
Example slice A,spot-11-14,ExampleGeneA,652.5,429,0.0
Example slice A,spot-11-14,ExampleGeneB,652.5,429,1.341425
Example slice A,spot-11-15,ExampleGeneA,697.5,429,0.0
Example slice A,spot-11-15,ExampleGeneB,697.5,429,1.004915
Example slice A,spot-12-03,ExampleGeneA,135.0,468,0.364306
Example slice A,spot-12-03,ExampleGeneB,135.0,468,0.052594
Example slice A,spot-12-04,ExampleGeneA,180.0,468,0.419252
Example slice A,spot-12-04,ExampleGeneB,180.0,468,0.064452
Example slice A,spot-12-05,ExampleGeneA,225.0,468,0.518999
Example slice A,spot-12-05,ExampleGeneB,225.0,468,0.083162
Example slice A,spot-12-06,ExampleGeneA,270.0,468,0.465182
Example slice A,spot-12-06,ExampleGeneB,270.0,468,0.16845
Example slice A,spot-12-07,ExampleGeneA,315.0,468,0.425586
Example slice A,spot-12-07,ExampleGeneB,315.0,468,0.312919
Example slice A,spot-12-08,ExampleGeneA,360.0,468,0.345209
Example slice A,spot-12-08,ExampleGeneB,360.0,468,0.557297
Example slice A,spot-12-09,ExampleGeneA,405.0,468,0.219994
Example slice A,spot-12-09,ExampleGeneB,405.0,468,0.879109
Example slice A,spot-12-10,ExampleGeneA,450.0,468,0.130028
Example slice A,spot-12-10,ExampleGeneB,450.0,468,1.295783
Example slice A,spot-12-11,ExampleGeneA,495.0,468,0.150503
Example slice A,spot-12-11,ExampleGeneB,495.0,468,1.426336
Example slice A,spot-12-12,ExampleGeneA,540.0,468,0.066776
Example slice A,spot-12-12,ExampleGeneB,540.0,468,1.551286
Example slice A,spot-12-13,ExampleGeneA,585.0,468,0.0
Example slice A,spot-12-13,ExampleGeneB,585.0,468,1.385333
Example slice A,spot-12-14,ExampleGeneA,630.0,468,0.0
Example slice A,spot-12-14,ExampleGeneB,630.0,468,1.225756
Example slice A,spot-13-04,ExampleGeneA,202.5,507,0.234361
Example slice A,spot-13-04,ExampleGeneB,202.5,507,0.0
Example slice A,spot-13-05,ExampleGeneA,247.5,507,0.284568
Example slice A,spot-13-05,ExampleGeneB,247.5,507,0.0
Example slice A,spot-13-06,ExampleGeneA,292.5,507,0.211336
Example slice A,spot-13-06,ExampleGeneB,292.5,507,0.154497
Example slice A,spot-13-07,ExampleGeneA,337.5,507,0.249845
Example slice A,spot-13-07,ExampleGeneB,337.5,507,0.39566
Example slice A,spot-13-08,ExampleGeneA,382.5,507,0.168194
Example slice A,spot-13-08,ExampleGeneB,382.5,507,0.557445
Example slice A,spot-13-09,ExampleGeneA,427.5,507,0.034541
Example slice A,spot-13-09,ExampleGeneB,427.5,507,0.854912
Example slice A,spot-13-10,ExampleGeneA,472.5,507,0.10864
Example slice A,spot-13-10,ExampleGeneB,472.5,507,0.949554
Example slice A,spot-13-11,ExampleGeneA,517.5,507,0.014276
Example slice A,spot-13-11,ExampleGeneB,517.5,507,1.082013
Example slice A,spot-13-12,ExampleGeneA,562.5,507,0.004769
Example slice A,spot-13-12,ExampleGeneB,562.5,507,1.09095
Example slice A,spot-14-07,ExampleGeneA,315.0,546,0.125215
Example slice A,spot-14-07,ExampleGeneB,315.0,546,0.211991
Example slice A,spot-14-08,ExampleGeneA,360.0,546,0.17883
Example slice A,spot-14-08,ExampleGeneB,360.0,546,0.298756
Example slice A,spot-14-09,ExampleGeneA,405.0,546,0.056118
Example slice A,spot-14-09,ExampleGeneB,405.0,546,0.411439
Example slice A,spot-14-10,ExampleGeneA,450.0,546,0.044384
Example slice A,spot-14-10,ExampleGeneB,450.0,546,0.563858
Example slice B,spot-00-06,ExampleGeneA,270.0,0,0.52921
Example slice B,spot-00-06,ExampleGeneB,270.0,0,0.0
Example slice B,spot-00-07,ExampleGeneA,315.0,0,0.544129
Example slice B,spot-00-07,ExampleGeneB,315.0,0,0.0
Example slice B,spot-00-08,ExampleGeneA,360.0,0,0.546126
Example slice B,spot-00-08,ExampleGeneB,360.0,0,0.0
Example slice B,spot-00-09,ExampleGeneA,405.0,0,0.45203
Example slice B,spot-00-09,ExampleGeneB,405.0,0,0.0
Example slice B,spot-00-10,ExampleGeneA,450.0,0,0.32779
Example slice B,spot-00-10,ExampleGeneB,450.0,0,0.101529
Example slice B,spot-00-11,ExampleGeneA,495.0,0,0.170319
Example slice B,spot-00-11,ExampleGeneB,495.0,0,0.056179
Example slice B,spot-01-03,ExampleGeneA,157.5,39,0.463688
Example slice B,spot-01-03,ExampleGeneB,157.5,39,0.054304
Example slice B,spot-01-04,ExampleGeneA,202.5,39,0.569447
Example slice B,spot-01-04,ExampleGeneB,202.5,39,0.0
Example slice B,spot-01-05,ExampleGeneA,247.5,39,0.762164
Example slice B,spot-01-05,ExampleGeneB,247.5,39,0.041043
Example slice B,spot-01-06,ExampleGeneA,292.5,39,0.815709
Example slice B,spot-01-06,ExampleGeneB,292.5,39,0.024295
Example slice B,spot-01-07,ExampleGeneA,337.5,39,0.850916
Example slice B,spot-01-07,ExampleGeneB,337.5,39,0.062179
Example slice B,spot-01-08,ExampleGeneA,382.5,39,0.682662
Example slice B,spot-01-08,ExampleGeneB,382.5,39,0.02359
Example slice B,spot-01-09,ExampleGeneA,427.5,39,0.593386
Example slice B,spot-01-09,ExampleGeneB,427.5,39,0.072655
Example slice B,spot-01-10,ExampleGeneA,472.5,39,0.408325
Example slice B,spot-01-10,ExampleGeneB,472.5,39,0.088589
Example slice B,spot-01-11,ExampleGeneA,517.5,39,0.168575
Example slice B,spot-01-11,ExampleGeneB,517.5,39,0.145864
Example slice B,spot-01-12,ExampleGeneA,562.5,39,0.119384
Example slice B,spot-01-12,ExampleGeneB,562.5,39,0.178051
Example slice B,spot-01-13,ExampleGeneA,607.5,39,0.031048
Example slice B,spot-01-13,ExampleGeneB,607.5,39,0.199303
Example slice B,spot-02-03,ExampleGeneA,135.0,78,0.543002
Example slice B,spot-02-03,ExampleGeneB,135.0,78,0.0
Example slice B,spot-02-04,ExampleGeneA,180.0,78,0.73888
Example slice B,spot-02-04,ExampleGeneB,180.0,78,0.060487
Example slice B,spot-02-05,ExampleGeneA,225.0,78,1.036226
Example slice B,spot-02-05,ExampleGeneB,225.0,78,0.0
Example slice B,spot-02-06,ExampleGeneA,270.0,78,1.224763
Example slice B,spot-02-06,ExampleGeneB,270.0,78,0.0
Example slice B,spot-02-07,ExampleGeneA,315.0,78,1.221426
Example slice B,spot-02-07,ExampleGeneB,315.0,78,0.038542
Example slice B,spot-02-08,ExampleGeneA,360.0,78,1.180846
Example slice B,spot-02-08,ExampleGeneB,360.0,78,0.008795
Example slice B,spot-02-09,ExampleGeneA,405.0,78,0.84855
Example slice B,spot-02-09,ExampleGeneB,405.0,78,0.068438
Example slice B,spot-02-10,ExampleGeneA,450.0,78,0.702637
Example slice B,spot-02-10,ExampleGeneB,450.0,78,0.124788
Example slice B,spot-02-11,ExampleGeneA,495.0,78,0.46064
Example slice B,spot-02-11,ExampleGeneB,495.0,78,0.139555
Example slice B,spot-02-12,ExampleGeneA,540.0,78,0.25813
Example slice B,spot-02-12,ExampleGeneB,540.0,78,0.250701
Example slice B,spot-02-13,ExampleGeneA,585.0,78,0.158535
Example slice B,spot-02-13,ExampleGeneB,585.0,78,0.319261
Example slice B,spot-02-14,ExampleGeneA,630.0,78,0.050499
Example slice B,spot-02-14,ExampleGeneB,630.0,78,0.262763
Example slice B,spot-03-01,ExampleGeneA,67.5,117,0.337903
Example slice B,spot-03-01,ExampleGeneB,67.5,117,0.0
Example slice B,spot-03-02,ExampleGeneA,112.5,117,0.57575
Example slice B,spot-03-02,ExampleGeneB,112.5,117,0.0
Example slice B,spot-03-03,ExampleGeneA,157.5,117,0.86979
Example slice B,spot-03-03,ExampleGeneB,157.5,117,0.002542
Example slice B,spot-03-04,ExampleGeneA,202.5,117,1.290096
Example slice B,spot-03-04,ExampleGeneB,202.5,117,0.009586
Example slice B,spot-03-05,ExampleGeneA,247.5,117,1.658203
Example slice B,spot-03-05,ExampleGeneB,247.5,117,0.050354
Example slice B,spot-03-06,ExampleGeneA,292.5,117,1.678535
Example slice B,spot-03-06,ExampleGeneB,292.5,117,0.060826
Example slice B,spot-03-07,ExampleGeneA,337.5,117,1.753111
Example slice B,spot-03-07,ExampleGeneB,337.5,117,0.152527
Example slice B,spot-03-08,ExampleGeneA,382.5,117,1.416114
Example slice B,spot-03-08,ExampleGeneB,382.5,117,0.168489
Example slice B,spot-03-09,ExampleGeneA,427.5,117,1.090924
Example slice B,spot-03-09,ExampleGeneB,427.5,117,0.122824
Example slice B,spot-03-10,ExampleGeneA,472.5,117,0.710167
Example slice B,spot-03-10,ExampleGeneB,472.5,117,0.402208
Example slice B,spot-03-11,ExampleGeneA,517.5,117,0.482593
Example slice B,spot-03-11,ExampleGeneB,517.5,117,0.463569
Example slice B,spot-03-12,ExampleGeneA,562.5,117,0.259179
Example slice B,spot-03-12,ExampleGeneB,562.5,117,0.514678
Example slice B,spot-03-13,ExampleGeneA,607.5,117,0.134917
Example slice B,spot-03-13,ExampleGeneB,607.5,117,0.555697
Example slice B,spot-03-14,ExampleGeneA,652.5,117,0.048184
Example slice B,spot-03-14,ExampleGeneB,652.5,117,0.574631
Example slice B,spot-03-15,ExampleGeneA,697.5,117,0.06122
Example slice B,spot-03-15,ExampleGeneB,697.5,117,0.43909
Example slice B,spot-04-01,ExampleGeneA,45.0,156,0.337577
Example slice B,spot-04-01,ExampleGeneB,45.0,156,0.0
Example slice B,spot-04-02,ExampleGeneA,90.0,156,0.508267
Example slice B,spot-04-02,ExampleGeneB,90.0,156,0.033354
Example slice B,spot-04-03,ExampleGeneA,135.0,156,0.962119
Example slice B,spot-04-03,ExampleGeneB,135.0,156,0.040284
Example slice B,spot-04-04,ExampleGeneA,180.0,156,1.281953
Example slice B,spot-04-04,ExampleGeneB,180.0,156,0.0
Example slice B,spot-04-05,ExampleGeneA,225.0,156,1.798691
Example slice B,spot-04-05,ExampleGeneB,225.0,156,0.005331
Example slice B,spot-04-06,ExampleGeneA,270.0,156,2.052087
Example slice B,spot-04-06,ExampleGeneB,270.0,156,0.10441
Example slice B,spot-04-07,ExampleGeneA,315.0,156,2.126335
Example slice B,spot-04-07,ExampleGeneB,315.0,156,0.073085
Example slice B,spot-04-08,ExampleGeneA,360.0,156,2.001463
Example slice B,spot-04-08,ExampleGeneB,360.0,156,0.200164
Example slice B,spot-04-09,ExampleGeneA,405.0,156,1.557912
Example slice B,spot-04-09,ExampleGeneB,405.0,156,0.280595
Example slice B,spot-04-10,ExampleGeneA,450.0,156,1.12708
Example slice B,spot-04-10,ExampleGeneB,450.0,156,0.477795
Example slice B,spot-04-11,ExampleGeneA,495.0,156,0.678158
Example slice B,spot-04-11,ExampleGeneB,495.0,156,0.655625
Example slice B,spot-04-12,ExampleGeneA,540.0,156,0.429682
Example slice B,spot-04-12,ExampleGeneB,540.0,156,0.860628
Example slice B,spot-04-13,ExampleGeneA,585.0,156,0.202691
Example slice B,spot-04-13,ExampleGeneB,585.0,156,0.93006
Example slice B,spot-04-14,ExampleGeneA,630.0,156,0.106492
Example slice B,spot-04-14,ExampleGeneB,630.0,156,0.875109
Example slice B,spot-04-15,ExampleGeneA,675.0,156,0.008698
Example slice B,spot-04-15,ExampleGeneB,675.0,156,0.739976
Example slice B,spot-04-16,ExampleGeneA,720.0,156,0.012877
Example slice B,spot-04-16,ExampleGeneB,720.0,156,0.560874
Example slice B,spot-05-00,ExampleGeneA,22.5,195,0.250102
Example slice B,spot-05-00,ExampleGeneB,22.5,195,0.032085
Example slice B,spot-05-01,ExampleGeneA,67.5,195,0.474397
Example slice B,spot-05-01,ExampleGeneB,67.5,195,0.0
Example slice B,spot-05-02,ExampleGeneA,112.5,195,0.754222
Example slice B,spot-05-02,ExampleGeneB,112.5,195,0.0
Example slice B,spot-05-03,ExampleGeneA,157.5,195,1.303252
Example slice B,spot-05-03,ExampleGeneB,157.5,195,0.0
Example slice B,spot-05-04,ExampleGeneA,202.5,195,1.72334
Example slice B,spot-05-04,ExampleGeneB,202.5,195,0.029636
Example slice B,spot-05-05,ExampleGeneA,247.5,195,2.191438
Example slice B,spot-05-05,ExampleGeneB,247.5,195,0.063215
Example slice B,spot-05-06,ExampleGeneA,292.5,195,2.358329
Example slice B,spot-05-06,ExampleGeneB,292.5,195,0.028782
Example slice B,spot-05-07,ExampleGeneA,337.5,195,2.288951
Example slice B,spot-05-07,ExampleGeneB,337.5,195,0.116055
Example slice B,spot-05-08,ExampleGeneA,382.5,195,1.992873
Example slice B,spot-05-08,ExampleGeneB,382.5,195,0.295987
Example slice B,spot-05-09,ExampleGeneA,427.5,195,1.566726
Example slice B,spot-05-09,ExampleGeneB,427.5,195,0.486546
Example slice B,spot-05-10,ExampleGeneA,472.5,195,1.041286
Example slice B,spot-05-10,ExampleGeneB,472.5,195,0.703444
Example slice B,spot-05-11,ExampleGeneA,517.5,195,0.657889
Example slice B,spot-05-11,ExampleGeneB,517.5,195,1.067459
Example slice B,spot-05-12,ExampleGeneA,562.5,195,0.356933
Example slice B,spot-05-12,ExampleGeneB,562.5,195,1.270877
Example slice B,spot-05-13,ExampleGeneA,607.5,195,0.137134
Example slice B,spot-05-13,ExampleGeneB,607.5,195,1.335046
Example slice B,spot-05-14,ExampleGeneA,652.5,195,0.051683
Example slice B,spot-05-14,ExampleGeneB,652.5,195,1.3082
Example slice B,spot-05-15,ExampleGeneA,697.5,195,0.009304
Example slice B,spot-05-15,ExampleGeneB,697.5,195,1.036245
Example slice B,spot-05-16,ExampleGeneA,742.5,195,0.063897
Example slice B,spot-05-16,ExampleGeneB,742.5,195,0.734785
Example slice B,spot-06-00,ExampleGeneA,0.0,234,0.080971
Example slice B,spot-06-00,ExampleGeneB,0.0,234,0.0
Example slice B,spot-06-01,ExampleGeneA,45.0,234,0.303446
Example slice B,spot-06-01,ExampleGeneB,45.0,234,0.016058
Example slice B,spot-06-02,ExampleGeneA,90.0,234,0.632056
Example slice B,spot-06-02,ExampleGeneB,90.0,234,0.0
Example slice B,spot-06-03,ExampleGeneA,135.0,234,1.084585
Example slice B,spot-06-03,ExampleGeneB,135.0,234,0.0
Example slice B,spot-06-04,ExampleGeneA,180.0,234,1.537862
Example slice B,spot-06-04,ExampleGeneB,180.0,234,0.023328
Example slice B,spot-06-05,ExampleGeneA,225.0,234,2.117732
Example slice B,spot-06-05,ExampleGeneB,225.0,234,0.0
Example slice B,spot-06-06,ExampleGeneA,270.0,234,2.40784
Example slice B,spot-06-06,ExampleGeneB,270.0,234,0.010119
Example slice B,spot-06-07,ExampleGeneA,315.0,234,2.436407
Example slice B,spot-06-07,ExampleGeneB,315.0,234,0.112975
Example slice B,spot-06-08,ExampleGeneA,360.0,234,2.294189
Example slice B,spot-06-08,ExampleGeneB,360.0,234,0.25885
Example slice B,spot-06-09,ExampleGeneA,405.0,234,1.838453
Example slice B,spot-06-09,ExampleGeneB,405.0,234,0.606439
Example slice B,spot-06-10,ExampleGeneA,450.0,234,1.283773
Example slice B,spot-06-10,ExampleGeneB,450.0,234,0.906214
Example slice B,spot-06-11,ExampleGeneA,495.0,234,0.877775
Example slice B,spot-06-11,ExampleGeneB,495.0,234,1.286499
Example slice B,spot-06-12,ExampleGeneA,540.0,234,0.435904
Example slice B,spot-06-12,ExampleGeneB,540.0,234,1.576009
Example slice B,spot-06-13,ExampleGeneA,585.0,234,0.20278
Example slice B,spot-06-13,ExampleGeneB,585.0,234,1.800864
Example slice B,spot-06-14,ExampleGeneA,630.0,234,0.094553
Example slice B,spot-06-14,ExampleGeneB,630.0,234,1.681962
Example slice B,spot-06-15,ExampleGeneA,675.0,234,0.098091
Example slice B,spot-06-15,ExampleGeneB,675.0,234,1.568125
Example slice B,spot-06-16,ExampleGeneA,720.0,234,0.02679
Example slice B,spot-06-16,ExampleGeneB,720.0,234,1.184605
Example slice B,spot-07-00,ExampleGeneA,22.5,273,0.134181
Example slice B,spot-07-00,ExampleGeneB,22.5,273,0.0
Example slice B,spot-07-01,ExampleGeneA,67.5,273,0.480684
Example slice B,spot-07-01,ExampleGeneB,67.5,273,0.0
Example slice B,spot-07-02,ExampleGeneA,112.5,273,0.793847
Example slice B,spot-07-02,ExampleGeneB,112.5,273,0.0
Example slice B,spot-07-03,ExampleGeneA,157.5,273,1.200877
Example slice B,spot-07-03,ExampleGeneB,157.5,273,0.041398
Example slice B,spot-07-04,ExampleGeneA,202.5,273,1.713437
Example slice B,spot-07-04,ExampleGeneB,202.5,273,0.04146
Example slice B,spot-07-05,ExampleGeneA,247.5,273,2.111749
Example slice B,spot-07-05,ExampleGeneB,247.5,273,0.116723
Example slice B,spot-07-06,ExampleGeneA,292.5,273,2.312046
Example slice B,spot-07-06,ExampleGeneB,292.5,273,0.088708
Example slice B,spot-07-07,ExampleGeneA,337.5,273,2.300853
Example slice B,spot-07-07,ExampleGeneB,337.5,273,0.299936
Example slice B,spot-07-08,ExampleGeneA,382.5,273,2.014114
Example slice B,spot-07-08,ExampleGeneB,382.5,273,0.481473
Example slice B,spot-07-09,ExampleGeneA,427.5,273,1.56526
Example slice B,spot-07-09,ExampleGeneB,427.5,273,0.836454
Example slice B,spot-07-10,ExampleGeneA,472.5,273,1.072725
Example slice B,spot-07-10,ExampleGeneB,472.5,273,1.263731
Example slice B,spot-07-11,ExampleGeneA,517.5,273,0.57829
Example slice B,spot-07-11,ExampleGeneB,517.5,273,1.771175
Example slice B,spot-07-12,ExampleGeneA,562.5,273,0.308316
Example slice B,spot-07-12,ExampleGeneB,562.5,273,2.044956
Example slice B,spot-07-13,ExampleGeneA,607.5,273,0.174509
Example slice B,spot-07-13,ExampleGeneB,607.5,273,2.161534
Example slice B,spot-07-14,ExampleGeneA,652.5,273,0.10499
Example slice B,spot-07-14,ExampleGeneB,652.5,273,2.042711
Example slice B,spot-07-15,ExampleGeneA,697.5,273,0.046756
Example slice B,spot-07-15,ExampleGeneB,697.5,273,1.712542
Example slice B,spot-07-16,ExampleGeneA,742.5,273,0.00015
Example slice B,spot-07-16,ExampleGeneB,742.5,273,1.266976
Example slice B,spot-08-00,ExampleGeneA,0.0,312,0.110653
Example slice B,spot-08-00,ExampleGeneB,0.0,312,0.052413
Example slice B,spot-08-01,ExampleGeneA,45.0,312,0.268135
Example slice B,spot-08-01,ExampleGeneB,45.0,312,0.11369
Example slice B,spot-08-02,ExampleGeneA,90.0,312,0.435516
Example slice B,spot-08-02,ExampleGeneB,90.0,312,0.0
Example slice B,spot-08-03,ExampleGeneA,135.0,312,0.875297
Example slice B,spot-08-03,ExampleGeneB,135.0,312,0.0
Example slice B,spot-08-04,ExampleGeneA,180.0,312,1.300399
Example slice B,spot-08-04,ExampleGeneB,180.0,312,0.0
Example slice B,spot-08-05,ExampleGeneA,225.0,312,1.656339
Example slice B,spot-08-05,ExampleGeneB,225.0,312,0.052883
Example slice B,spot-08-06,ExampleGeneA,270.0,312,1.979598
Example slice B,spot-08-06,ExampleGeneB,270.0,312,0.018313
Example slice B,spot-08-07,ExampleGeneA,315.0,312,2.049967
Example slice B,spot-08-07,ExampleGeneB,315.0,312,0.165033
Example slice B,spot-08-08,ExampleGeneA,360.0,312,1.863528
Example slice B,spot-08-08,ExampleGeneB,360.0,312,0.373553
Example slice B,spot-08-09,ExampleGeneA,405.0,312,1.536603
Example slice B,spot-08-09,ExampleGeneB,405.0,312,0.678466
Example slice B,spot-08-10,ExampleGeneA,450.0,312,1.105091
Example slice B,spot-08-10,ExampleGeneB,450.0,312,1.186461
Example slice B,spot-08-11,ExampleGeneA,495.0,312,0.681717
Example slice B,spot-08-11,ExampleGeneB,495.0,312,1.723549
Example slice B,spot-08-12,ExampleGeneA,540.0,312,0.390265
Example slice B,spot-08-12,ExampleGeneB,540.0,312,2.203778
Example slice B,spot-08-13,ExampleGeneA,585.0,312,0.160791
Example slice B,spot-08-13,ExampleGeneB,585.0,312,2.358834
Example slice B,spot-08-14,ExampleGeneA,630.0,312,0.091302
Example slice B,spot-08-14,ExampleGeneB,630.0,312,2.42412
Example slice B,spot-08-15,ExampleGeneA,675.0,312,0.102756
Example slice B,spot-08-15,ExampleGeneB,675.0,312,2.145413
Example slice B,spot-08-16,ExampleGeneA,720.0,312,0.032613
Example slice B,spot-08-16,ExampleGeneB,720.0,312,1.641276
Example slice B,spot-09-00,ExampleGeneA,22.5,351,0.178662
Example slice B,spot-09-00,ExampleGeneB,22.5,351,0.0
Example slice B,spot-09-01,ExampleGeneA,67.5,351,0.319756
Example slice B,spot-09-01,ExampleGeneB,67.5,351,0.0
Example slice B,spot-09-02,ExampleGeneA,112.5,351,0.621524
Example slice B,spot-09-02,ExampleGeneB,112.5,351,0.018508
Example slice B,spot-09-03,ExampleGeneA,157.5,351,0.869094
Example slice B,spot-09-03,ExampleGeneB,157.5,351,0.0
Example slice B,spot-09-04,ExampleGeneA,202.5,351,1.23325
Example slice B,spot-09-04,ExampleGeneB,202.5,351,0.031279
Example slice B,spot-09-05,ExampleGeneA,247.5,351,1.503733
Example slice B,spot-09-05,ExampleGeneB,247.5,351,0.005968
Example slice B,spot-09-06,ExampleGeneA,292.5,351,1.662474
Example slice B,spot-09-06,ExampleGeneB,292.5,351,0.160593
Example slice B,spot-09-07,ExampleGeneA,337.5,351,1.561233
Example slice B,spot-09-07,ExampleGeneB,337.5,351,0.34997
Example slice B,spot-09-08,ExampleGeneA,382.5,351,1.399404
Example slice B,spot-09-08,ExampleGeneB,382.5,351,0.567235
Example slice B,spot-09-09,ExampleGeneA,427.5,351,1.068177
Example slice B,spot-09-09,ExampleGeneB,427.5,351,0.938259
Example slice B,spot-09-10,ExampleGeneA,472.5,351,0.659199
Example slice B,spot-09-10,ExampleGeneB,472.5,351,1.425852
Example slice B,spot-09-11,ExampleGeneA,517.5,351,0.467224
Example slice B,spot-09-11,ExampleGeneB,517.5,351,2.086742
Example slice B,spot-09-12,ExampleGeneA,562.5,351,0.213875
Example slice B,spot-09-12,ExampleGeneB,562.5,351,2.354467
Example slice B,spot-09-13,ExampleGeneA,607.5,351,0.060732
Example slice B,spot-09-13,ExampleGeneB,607.5,351,2.428262
Example slice B,spot-09-14,ExampleGeneA,652.5,351,0.050145
Example slice B,spot-09-14,ExampleGeneB,652.5,351,2.331826
Example slice B,spot-09-15,ExampleGeneA,697.5,351,0.0
Example slice B,spot-09-15,ExampleGeneB,697.5,351,1.988258
Example slice B,spot-09-16,ExampleGeneA,742.5,351,0.0
Example slice B,spot-09-16,ExampleGeneB,742.5,351,1.468922
Example slice B,spot-10-01,ExampleGeneA,45.0,390,0.13516
Example slice B,spot-10-01,ExampleGeneB,45.0,390,0.0
Example slice B,spot-10-02,ExampleGeneA,90.0,390,0.316501
Example slice B,spot-10-02,ExampleGeneB,90.0,390,0.020559
Example slice B,spot-10-03,ExampleGeneA,135.0,390,0.55601
Example slice B,spot-10-03,ExampleGeneB,135.0,390,0.040984
Example slice B,spot-10-04,ExampleGeneA,180.0,390,0.691805
Example slice B,spot-10-04,ExampleGeneB,180.0,390,0.0
Example slice B,spot-10-05,ExampleGeneA,225.0,390,1.001351
Example slice B,spot-10-05,ExampleGeneB,225.0,390,0.040534
Example slice B,spot-10-06,ExampleGeneA,270.0,390,1.140531
Example slice B,spot-10-06,ExampleGeneB,270.0,390,0.028983
Example slice B,spot-10-07,ExampleGeneA,315.0,390,1.218457
Example slice B,spot-10-07,ExampleGeneB,315.0,390,0.189853
Example slice B,spot-10-08,ExampleGeneA,360.0,390,1.123076
Example slice B,spot-10-08,ExampleGeneB,360.0,390,0.423713
Example slice B,spot-10-09,ExampleGeneA,405.0,390,0.895148
Example slice B,spot-10-09,ExampleGeneB,405.0,390,0.679932
Example slice B,spot-10-10,ExampleGeneA,450.0,390,0.662793
Example slice B,spot-10-10,ExampleGeneB,450.0,390,1.159715
Example slice B,spot-10-11,ExampleGeneA,495.0,390,0.401939
Example slice B,spot-10-11,ExampleGeneB,495.0,390,1.594365
Example slice B,spot-10-12,ExampleGeneA,540.0,390,0.301228
Example slice B,spot-10-12,ExampleGeneB,540.0,390,2.086048
Example slice B,spot-10-13,ExampleGeneA,585.0,390,0.138861
Example slice B,spot-10-13,ExampleGeneB,585.0,390,2.29683
Example slice B,spot-10-14,ExampleGeneA,630.0,390,0.024471
Example slice B,spot-10-14,ExampleGeneB,630.0,390,2.239108
Example slice B,spot-10-15,ExampleGeneA,675.0,390,0.038813
Example slice B,spot-10-15,ExampleGeneB,675.0,390,1.951048
Example slice B,spot-10-16,ExampleGeneA,720.0,390,0.050444
Example slice B,spot-10-16,ExampleGeneB,720.0,390,1.648057
Example slice B,spot-11-01,ExampleGeneA,67.5,429,0.161479
Example slice B,spot-11-01,ExampleGeneB,67.5,429,0.03401
Example slice B,spot-11-02,ExampleGeneA,112.5,429,0.17323
Example slice B,spot-11-02,ExampleGeneB,112.5,429,0.0
Example slice B,spot-11-03,ExampleGeneA,157.5,429,0.399523
Example slice B,spot-11-03,ExampleGeneB,157.5,429,0.0
Example slice B,spot-11-04,ExampleGeneA,202.5,429,0.575652
Example slice B,spot-11-04,ExampleGeneB,202.5,429,0.0
Example slice B,spot-11-05,ExampleGeneA,247.5,429,0.650962
Example slice B,spot-11-05,ExampleGeneB,247.5,429,0.062143
Example slice B,spot-11-06,ExampleGeneA,292.5,429,0.764437
Example slice B,spot-11-06,ExampleGeneB,292.5,429,0.139218
Example slice B,spot-11-07,ExampleGeneA,337.5,429,0.708719
Example slice B,spot-11-07,ExampleGeneB,337.5,429,0.319774
Example slice B,spot-11-08,ExampleGeneA,382.5,429,0.611256
Example slice B,spot-11-08,ExampleGeneB,382.5,429,0.423957
Example slice B,spot-11-09,ExampleGeneA,427.5,429,0.432024
Example slice B,spot-11-09,ExampleGeneB,427.5,429,0.764716
Example slice B,spot-11-10,ExampleGeneA,472.5,429,0.377956
Example slice B,spot-11-10,ExampleGeneB,472.5,429,1.187623
Example slice B,spot-11-11,ExampleGeneA,517.5,429,0.189211
Example slice B,spot-11-11,ExampleGeneB,517.5,429,1.591991
Example slice B,spot-11-12,ExampleGeneA,562.5,429,0.055964
Example slice B,spot-11-12,ExampleGeneB,562.5,429,1.842388
Example slice B,spot-11-13,ExampleGeneA,607.5,429,0.040224
Example slice B,spot-11-13,ExampleGeneB,607.5,429,1.933464
Example slice B,spot-11-14,ExampleGeneA,652.5,429,0.008119
Example slice B,spot-11-14,ExampleGeneB,652.5,429,1.819789
Example slice B,spot-11-15,ExampleGeneA,697.5,429,0.0
Example slice B,spot-11-15,ExampleGeneB,697.5,429,1.570361
Example slice B,spot-12-03,ExampleGeneA,135.0,468,0.183143
Example slice B,spot-12-03,ExampleGeneB,135.0,468,0.016624
Example slice B,spot-12-04,ExampleGeneA,180.0,468,0.299427
Example slice B,spot-12-04,ExampleGeneB,180.0,468,0.058955
Example slice B,spot-12-05,ExampleGeneA,225.0,468,0.40024
Example slice B,spot-12-05,ExampleGeneB,225.0,468,0.045909
Example slice B,spot-12-06,ExampleGeneA,270.0,468,0.462344
Example slice B,spot-12-06,ExampleGeneB,270.0,468,0.054898
Example slice B,spot-12-07,ExampleGeneA,315.0,468,0.482499
Example slice B,spot-12-07,ExampleGeneB,315.0,468,0.094639
Example slice B,spot-12-08,ExampleGeneA,360.0,468,0.437792
Example slice B,spot-12-08,ExampleGeneB,360.0,468,0.319553
Example slice B,spot-12-09,ExampleGeneA,405.0,468,0.272232
Example slice B,spot-12-09,ExampleGeneB,405.0,468,0.492018
Example slice B,spot-12-10,ExampleGeneA,450.0,468,0.255719
Example slice B,spot-12-10,ExampleGeneB,450.0,468,0.784349
Example slice B,spot-12-11,ExampleGeneA,495.0,468,0.119265
Example slice B,spot-12-11,ExampleGeneB,495.0,468,1.076953
Example slice B,spot-12-12,ExampleGeneA,540.0,468,0.041784
Example slice B,spot-12-12,ExampleGeneB,540.0,468,1.303909
Example slice B,spot-12-13,ExampleGeneA,585.0,468,0.027384
Example slice B,spot-12-13,ExampleGeneB,585.0,468,1.508964
Example slice B,spot-12-14,ExampleGeneA,630.0,468,0.0
Example slice B,spot-12-14,ExampleGeneB,630.0,468,1.517098
Example slice B,spot-13-04,ExampleGeneA,202.5,507,0.249473
Example slice B,spot-13-04,ExampleGeneB,202.5,507,0.0
Example slice B,spot-13-05,ExampleGeneA,247.5,507,0.254036
Example slice B,spot-13-05,ExampleGeneB,247.5,507,0.050216
Example slice B,spot-13-06,ExampleGeneA,292.5,507,0.306966
Example slice B,spot-13-06,ExampleGeneB,292.5,507,0.070502
Example slice B,spot-13-07,ExampleGeneA,337.5,507,0.224421
Example slice B,spot-13-07,ExampleGeneB,337.5,507,0.122381
Example slice B,spot-13-08,ExampleGeneA,382.5,507,0.199204
Example slice B,spot-13-08,ExampleGeneB,382.5,507,0.291518
Example slice B,spot-13-09,ExampleGeneA,427.5,507,0.118251
Example slice B,spot-13-09,ExampleGeneB,427.5,507,0.45036
Example slice B,spot-13-10,ExampleGeneA,472.5,507,0.101665
Example slice B,spot-13-10,ExampleGeneB,472.5,507,0.601359
Example slice B,spot-13-11,ExampleGeneA,517.5,507,0.006062
Example slice B,spot-13-11,ExampleGeneB,517.5,507,0.885822
Example slice B,spot-13-12,ExampleGeneA,562.5,507,0.0
Example slice B,spot-13-12,ExampleGeneB,562.5,507,1.015782
Example slice B,spot-14-07,ExampleGeneA,315.0,546,0.143113
Example slice B,spot-14-07,ExampleGeneB,315.0,546,0.10467
Example slice B,spot-14-08,ExampleGeneA,360.0,546,0.09242
Example slice B,spot-14-08,ExampleGeneB,360.0,546,0.120433
Example slice B,spot-14-09,ExampleGeneA,405.0,546,0.102104
Example slice B,spot-14-09,ExampleGeneB,405.0,546,0.208531
Example slice B,spot-14-10,ExampleGeneA,450.0,546,0.095317
Example slice B,spot-14-10,ExampleGeneB,450.0,546,0.293809
