TF,target,importance
SOX15,TIMP4,43.287556782137294
SOX7,CDH13,43.19611097087262
TAL1,KLHL4,31.29223441328361
TAL1,KANK3,30.452515539045383
TAL1,P3H3,23.602191141986463
TAL1,NAAA,23.03078899060196
SOX7,BCR,21.352041874898894
SOX15,CYP4B1,20.768718243458167
TAL1,TBX1,20.579679151270533
TAL1,RAMP3,20.574092050372503
SOX15,RGCC,20.219432469904106
SOX15,PLTP,19.881435139396075
TAL1,LBP,18.391980655919454
SOX7,COL4A1,18.02712514375574
TAL1,EFEMP2,17.964113358766006
SOX7,ARRDC4,17.365319113498323
SOX7,P3H4,16.913735231744866
SOX7,PLK2,16.862308284177292
TAL1,SNCG,16.59459885761771
TAL1,LTBP4,16.516922439109962
TAL1,GPM6A,16.374732170409658
TAL1,MMRN1,16.138236119017428
SOX15,CYYR1,15.245849502691833
SOX15,NRP1,15.045947089514222
SOX15,TCF15,14.986604275260097
SOX15,FAM89A,14.567956386412186
SOX7,TRIM47,14.516788229410228
TAL1,CTNNAL1,14.250694487626815
SOX7,PTGFRN,14.04072443328391
SOX7,PDGFB,13.698645569633642
SOX15,FABP4,13.491439545933918
SOX7,CDH5,13.405496010472516
TAL1,CLU,13.368589946267711
TAL1,ABI3BP,13.183496421523973
TAL1,SEMA3D,12.820181316008892
SOX7,INSIG1,12.727120908326716
TAL1,FNDC1,12.720498077178373
SOX15,BCAM,12.67925274649608
SOX7,LAMA5,12.669361002825985
SOX7,PRDM1,12.64362119955536
TAL1,PLTP,12.618154026988568
SOX15,AQP1,12.549024001215354
SOX15,C1QTNF9,12.524380216037105
SOX7,CXCL16,12.49784369108358
SOX7,SLC35E4,12.05451898552915
SOX7,KDELR3,11.977468023572124
SOX7,COL4A2,11.883976016818186
TAL1,TGFBI,11.765016457502727
SOX15,CLTB,11.695515729664592
TAL1,FXYD6,11.604491807239366
TAL1,COL8A2,11.483038716666497
SOX7,FKBP10,11.346968350404193
TAL1,DSP,11.34282527608924
TAL1,SPNS2,11.125697771071513
SOX15,FLT1,10.97902113674275
SOX7,SPARC,10.742444534737048
SOX7,ADGRL4,10.674231750940688
TAL1,CAV1,10.48591472395962
TAL1,NR2F2,10.47602629227755
SOX7,ADGRG1,10.359189982968363
SOX7,MRPS26,10.144774983702954
TAL1,PERP,10.120032450231404
SOX7,PRSS23,10.030807241661764
SOX15,TMEM176A,10.018702148521408
