id,role,colour,order
SOX15,TF,#FF7F00,1
TAL1,TF,#377EB8,2
SOX7,TF,#4DAF4A,3
ABI3BP,Target,#BEBEBE,4
ADGRG1,Target,#BEBEBE,5
ADGRL4,Target,#BEBEBE,6
AQP1,Target,#BEBEBE,7
ARRDC4,Target,#BEBEBE,8
BCAM,Target,#BEBEBE,9
BCR,Target,#BEBEBE,10
C1QTNF9,Target,#BEBEBE,11
CAV1,Target,#BEBEBE,12
CDH13,Target,#BEBEBE,13
CDH5,Target,#BEBEBE,14
CLTB,Target,#BEBEBE,15
CLU,Target,#BEBEBE,16
COL4A1,Target,#BEBEBE,17
COL4A2,Target,#BEBEBE,18
COL8A2,Target,#BEBEBE,19
CTNNAL1,Target,#BEBEBE,20
CXCL16,Target,#BEBEBE,21
CYP4B1,Target,#BEBEBE,22
CYYR1,Target,#BEBEBE,23
DSP,Target,#BEBEBE,24
EFEMP2,Target,#BEBEBE,25
FABP4,Target,#BEBEBE,26
FAM89A,Target,#BEBEBE,27
FKBP10,Target,#BEBEBE,28
FLT1,Target,#BEBEBE,29
FNDC1,Target,#BEBEBE,30
FXYD6,Target,#BEBEBE,31
GPM6A,Target,#BEBEBE,32
INSIG1,Target,#BEBEBE,33
KANK3,Target,#BEBEBE,34
KDELR3,Target,#BEBEBE,35
KLHL4,Target,#BEBEBE,36
LAMA5,Target,#BEBEBE,37
LBP,Target,#BEBEBE,38
LTBP4,Target,#BEBEBE,39
MMRN1,Target,#BEBEBE,40
MRPS26,Target,#BEBEBE,41
NAAA,Target,#BEBEBE,42
NR2F2,Target,#BEBEBE,43
NRP1,Target,#BEBEBE,44
P3H3,Target,#BEBEBE,45
P3H4,Target,#BEBEBE,46
PDGFB,Target,#BEBEBE,47
PERP,Target,#BEBEBE,48
PLK2,Target,#BEBEBE,49
PLTP,Target,#BEBEBE,50
PRDM1,Target,#BEBEBE,51
PRSS23,Target,#BEBEBE,52
PTGFRN,Target,#BEBEBE,53
RAMP3,Target,#BEBEBE,54
RGCC,Target,#BEBEBE,55
SEMA3D,Target,#BEBEBE,56
SLC35E4,Target,#BEBEBE,57
SNCG,Target,#BEBEBE,58
SPARC,Target,#BEBEBE,59
SPNS2,Target,#BEBEBE,60
TBX1,Target,#BEBEBE,61
TCF15,Target,#BEBEBE,62
TGFBI,Target,#BEBEBE,63
TIMP4,Target,#BEBEBE,64
TMEM176A,Target,#BEBEBE,65
TRIM47,Target,#BEBEBE,66
