cell_id,x,y,celltype,pseudotime
Lineage_A_cell_1,1.414001,0.531851,Branch_A_demo,6.35913
Lineage_A_cell_2,-0.82635,-0.068912,Branch_A_demo,3.657232
Lineage_A_cell_3,1.423651,0.751965,Branch_A_demo,6.655506
Lineage_A_cell_4,-2.969849,0.341882,Early_demo,1.663128
Lineage_A_cell_5,-3.072519,0.144963,Early_demo,1.331418
Lineage_A_cell_6,-0.046297,0.414613,Branch_A_demo,4.865627
Lineage_A_cell_7,0.927066,0.399107,Branch_A_demo,6.339096
Lineage_A_cell_8,-1.704263,0.081204,Early_demo,3.022874
Lineage_A_cell_9,3.517994,1.617876,Branch_A_demo,9.518904
Lineage_A_cell_10,-1.495607,0.033829,Early_demo,2.982759
Lineage_A_cell_11,-2.255529,-0.09315,Early_demo,1.818603
Lineage_A_cell_12,1.928338,0.730966,Branch_A_demo,6.987281
Lineage_A_cell_13,-0.215141,0.362731,Branch_A_demo,5.099854
Lineage_A_cell_14,-1.429086,0.183018,Early_demo,3.231327
Lineage_A_cell_15,-0.377185,0.426465,Branch_A_demo,5.280056
Lineage_A_cell_16,-0.617652,0.20479,Branch_A_demo,4.823348
Lineage_A_cell_17,0.456227,0.992277,Branch_A_demo,5.989179
Lineage_A_cell_18,3.445087,1.115952,Branch_A_demo,9.120383
Lineage_A_cell_19,-0.988767,-0.311329,Branch_A_demo,3.793041
Lineage_A_cell_20,-0.243552,0.489097,Branch_A_demo,4.903873
Lineage_A_cell_21,1.642013,0.905373,Branch_A_demo,7.094428
Lineage_A_cell_22,3.080564,0.989818,Branch_A_demo,8.806117
Lineage_A_cell_23,3.583099,1.925665,Branch_A_demo,9.67294
Lineage_A_cell_24,0.946301,0.998413,Branch_A_demo,6.547451
Lineage_A_cell_25,2.579573,1.38475,Branch_A_demo,8.320377
Lineage_A_cell_26,0.120689,0.477361,Branch_A_demo,5.676267
Lineage_A_cell_27,-0.202501,0.602512,Branch_A_demo,5.384367
Lineage_A_cell_28,-4.143005,-0.292053,Early_demo,0.005864
Lineage_A_cell_29,1.903378,1.191154,Branch_A_demo,7.947934
Lineage_A_cell_30,-1.534264,0.156029,Early_demo,3.288016
Lineage_A_cell_31,2.900192,1.237252,Branch_A_demo,8.177055
Lineage_A_cell_32,2.761844,1.61584,Branch_A_demo,8.705292
Lineage_A_cell_33,-3.305423,0.081044,Early_demo,1.485571
Lineage_A_cell_34,-1.486354,0.423922,Early_demo,2.985257
Lineage_A_cell_35,-3.387665,-0.03571,Early_demo,0.726004
Lineage_A_cell_36,-0.882337,-0.013107,Branch_A_demo,4.269469
Lineage_A_cell_37,2.999366,1.704359,Branch_A_demo,9.270681
Lineage_A_cell_38,-3.833377,-0.250671,Early_demo,0.27609
Lineage_A_cell_39,0.004184,0.81859,Branch_A_demo,5.43232
Lineage_A_cell_40,-3.753372,0.433641,Early_demo,0.280194
Lineage_A_cell_41,-2.111405,0.19547,Early_demo,2.012204
Lineage_A_cell_42,-0.412796,0.29747,Branch_A_demo,4.828081
Lineage_A_cell_43,-4.130504,-0.447802,Early_demo,0.000866
Lineage_A_cell_44,-3.892057,0.286567,Early_demo,0.671413
Lineage_A_cell_45,-0.022949,0.459182,Branch_A_demo,5.299488
Lineage_A_cell_46,3.134285,1.267678,Branch_A_demo,9.033923
Lineage_A_cell_47,2.735059,1.209633,Branch_A_demo,7.679637
Lineage_A_cell_48,2.700451,1.345453,Branch_A_demo,7.666557
Lineage_A_cell_49,-0.194227,0.795025,Branch_A_demo,5.135682
Lineage_A_cell_50,2.151354,1.121913,Branch_A_demo,7.367483
Lineage_A_cell_51,-0.811249,0.034545,Branch_A_demo,3.932407
Lineage_A_cell_52,-2.231075,-0.00522,Early_demo,2.27554
Lineage_A_cell_53,3.790001,1.596659,Branch_A_demo,9.52422
Lineage_A_cell_54,-1.558539,-0.080477,Branch_A_demo,3.654826
Lineage_A_cell_55,-1.638297,0.162413,Early_demo,2.610735
Lineage_A_cell_56,3.263775,1.113069,Branch_A_demo,8.769216
Lineage_A_cell_57,-3.584423,-0.185816,Early_demo,0.726427
Lineage_A_cell_58,-0.533166,0.413591,Branch_A_demo,4.138567
Lineage_A_cell_59,3.442866,1.008958,Branch_A_demo,8.19201
Lineage_A_cell_60,-3.165544,0.351402,Early_demo,0.694696
Lineage_A_cell_61,0.693322,0.379034,Branch_A_demo,5.657673
Lineage_A_cell_62,0.851396,0.645575,Branch_A_demo,5.992531
Lineage_A_cell_63,3.509996,1.648155,Branch_A_demo,9.244388
Lineage_A_cell_64,-0.467195,0.178695,Branch_A_demo,4.513532
Lineage_A_cell_65,-0.455852,0.460946,Branch_A_demo,4.43634
Lineage_A_cell_66,2.146259,1.492014,Branch_A_demo,7.864051
Lineage_A_cell_67,1.350747,0.753258,Branch_A_demo,6.829949
Lineage_A_cell_68,-2.738293,0.077874,Early_demo,1.665745
Lineage_A_cell_69,0.356514,0.354162,Branch_A_demo,5.804932
Lineage_A_cell_70,-0.410894,-0.095766,Branch_A_demo,4.692092
Lineage_A_cell_71,-4.006482,-0.011062,Early_demo,0.430667
Lineage_A_cell_72,-2.846956,-0.072501,Early_demo,2.031862
Lineage_A_cell_73,-2.147806,-0.151333,Early_demo,1.752246
Lineage_A_cell_74,1.109479,0.97894,Branch_A_demo,6.023774
Lineage_A_cell_75,-1.923838,-0.373253,Early_demo,3.12759
Lineage_A_cell_76,-3.2196,-0.131197,Early_demo,0.651935
Lineage_A_cell_77,-2.155786,0.322021,Early_demo,2.461161
Lineage_A_cell_78,0.637132,0.126457,Branch_A_demo,6.341603
Lineage_A_cell_79,2.876543,1.277117,Branch_A_demo,8.632712
Lineage_A_cell_80,0.645197,0.878804,Branch_A_demo,6.224589
Lineage_A_cell_81,3.837104,1.931525,Branch_A_demo,9.676132
Lineage_A_cell_82,1.482514,0.767245,Branch_A_demo,6.567365
Lineage_A_cell_83,-0.761883,0.123185,Branch_A_demo,3.96119
Lineage_A_cell_84,0.667899,0.42548,Branch_A_demo,5.336772
Lineage_A_cell_85,-0.892619,0.345135,Branch_A_demo,4.164234
Lineage_A_cell_86,3.822902,1.274985,Branch_A_demo,9.766561
Lineage_A_cell_87,0.955459,0.600779,Branch_A_demo,6.02613
Lineage_A_cell_88,0.24299,0.227392,Branch_A_demo,5.827119
Lineage_A_cell_89,2.510672,0.753092,Branch_A_demo,7.919866
Lineage_A_cell_90,0.145308,0.469609,Branch_A_demo,5.733045
Lineage_A_cell_91,1.862074,0.720528,Branch_A_demo,7.271758
Lineage_A_cell_92,3.334398,1.691182,Branch_A_demo,9.09006
Lineage_A_cell_93,-3.267539,0.201869,Early_demo,0.896557
Lineage_A_cell_94,-2.058818,0.308619,Early_demo,2.583825
Lineage_A_cell_95,-1.85801,-0.258132,Early_demo,2.965617
Lineage_A_cell_96,3.052915,1.698559,Branch_A_demo,9.621743
Lineage_A_cell_97,-2.261701,0.473677,Early_demo,2.552443
Lineage_A_cell_98,3.462319,1.113566,Branch_A_demo,8.979683
Lineage_A_cell_99,2.034403,1.000462,Branch_A_demo,7.414896
Lineage_A_cell_100,-2.980397,0.167684,Early_demo,1.263497
Lineage_A_cell_101,-0.560126,0.214841,Branch_A_demo,4.389596
Lineage_A_cell_102,-3.751217,-0.130488,Early_demo,0.462881
Lineage_A_cell_103,-2.152512,0.104309,Early_demo,1.590313
Lineage_A_cell_104,4.461547,1.951171,Branch_A_demo,9.727605
Lineage_A_cell_105,-2.049876,0.015792,Early_demo,2.564245
Lineage_A_cell_106,-3.15047,-0.15404,Early_demo,1.259395
Lineage_A_cell_107,-3.28373,-0.176573,Early_demo,0.87811
Lineage_A_cell_108,0.983032,0.845804,Branch_A_demo,6.531797
Lineage_A_cell_109,0.042105,0.348247,Branch_A_demo,4.593448
Lineage_A_cell_110,-1.995346,0.178881,Early_demo,2.34665
Lineage_A_cell_111,-1.915985,0.091168,Early_demo,3.085762
Lineage_A_cell_112,-3.497286,-0.232052,Early_demo,0.260684
Lineage_A_cell_113,-0.475479,0.266111,Branch_A_demo,5.300945
Lineage_A_cell_114,-1.996013,0.101876,Early_demo,2.565308
Lineage_A_cell_115,3.244894,1.284504,Branch_A_demo,9.046041
Lineage_A_cell_116,0.686838,0.757138,Branch_A_demo,6.340021
Lineage_A_cell_117,-2.27674,0.184572,Early_demo,2.39652
Lineage_A_cell_118,-4.183966,-0.069612,Early_demo,0.354409
Lineage_A_cell_119,-2.885555,0.009521,Early_demo,1.126573
Lineage_A_cell_120,-1.446811,0.344418,Branch_A_demo,3.956819
Lineage_A_cell_121,-4.365041,-0.00518,Early_demo,0.226455
Lineage_A_cell_122,1.340157,0.835106,Branch_A_demo,6.476827
Lineage_A_cell_123,-3.148087,0.115814,Early_demo,1.03762
Lineage_A_cell_124,-0.933186,-0.098944,Branch_A_demo,3.565092
Lineage_A_cell_125,1.821597,0.937384,Branch_A_demo,7.036837
Lineage_A_cell_126,-1.973405,-0.074353,Early_demo,2.397906
Lineage_A_cell_127,0.928445,0.847952,Branch_A_demo,6.438379
Lineage_A_cell_128,3.93538,1.600879,Branch_A_demo,9.766427
Lineage_A_cell_129,-2.26022,0.180589,Early_demo,2.194681
Lineage_A_cell_130,2.799888,1.680306,Branch_A_demo,8.549747
Lineage_A_cell_131,-1.735446,0.154319,Early_demo,2.69418
Lineage_A_cell_132,2.273951,1.781063,Branch_A_demo,7.705653
Lineage_A_cell_133,2.261187,1.039885,Branch_A_demo,7.666032
Lineage_A_cell_134,3.740441,1.485656,Branch_A_demo,9.523314
Lineage_A_cell_135,-3.797634,-0.102086,Early_demo,0.12674
Lineage_A_cell_136,-2.203311,0.659641,Early_demo,2.269661
Lineage_A_cell_137,-3.739915,0.156465,Early_demo,0.375096
Lineage_A_cell_138,-2.641321,0.052987,Early_demo,1.980897
Lineage_A_cell_139,1.288755,0.71965,Branch_A_demo,6.273463
Lineage_A_cell_140,-3.637516,-0.160911,Early_demo,0.662769
Lineage_A_cell_141,1.64732,0.901257,Branch_A_demo,7.508325
Lineage_A_cell_142,-1.710486,-0.037859,Early_demo,2.60577
Lineage_A_cell_143,-2.730777,0.061516,Early_demo,1.246117
Lineage_A_cell_144,3.84588,1.425166,Branch_A_demo,9.180001
Lineage_A_cell_145,1.35303,0.506443,Branch_A_demo,6.435816
Lineage_A_cell_146,-0.888659,0.006716,Early_demo,3.109478
Lineage_A_cell_147,-0.992195,-0.325171,Branch_A_demo,4.011088
Lineage_A_cell_148,1.327622,0.871613,Branch_A_demo,6.120713
Lineage_A_cell_149,-0.843317,0.195242,Branch_A_demo,3.819812
Lineage_A_cell_150,-4.013556,0.426758,Early_demo,0.007145
Lineage_A_cell_151,2.303485,1.173727,Branch_A_demo,7.261148
Lineage_A_cell_152,2.589046,1.286685,Branch_A_demo,8.276339
Lineage_A_cell_153,1.47388,0.764347,Branch_A_demo,6.844637
Lineage_A_cell_154,4.09799,2.012884,Branch_A_demo,9.764333
Lineage_A_cell_155,1.213187,0.953972,Branch_A_demo,6.202268
Lineage_A_cell_156,-0.156161,0.339682,Branch_A_demo,4.971603
Lineage_A_cell_157,3.057538,1.499658,Branch_A_demo,9.006713
Lineage_A_cell_158,2.672537,1.400991,Branch_A_demo,8.902213
Lineage_A_cell_159,0.146684,0.64868,Branch_A_demo,5.531796
Lineage_A_cell_160,0.846396,0.651928,Branch_A_demo,6.385289
Lineage_A_cell_161,0.762946,0.661045,Branch_A_demo,5.980633
Lineage_A_cell_162,-3.029068,0.242769,Early_demo,1.248385
Lineage_A_cell_163,1.862704,0.88777,Branch_A_demo,7.194716
Lineage_A_cell_164,3.866556,1.819619,Branch_A_demo,9.801832
Lineage_A_cell_165,-2.550381,-0.237391,Early_demo,2.058262
Lineage_A_cell_166,2.709313,1.488093,Branch_A_demo,8.363945
Lineage_A_cell_167,-2.986109,0.203288,Early_demo,1.244644
Lineage_A_cell_168,3.31595,1.488466,Branch_A_demo,9.011592
Lineage_A_cell_169,-0.853561,0.110972,Branch_A_demo,4.141343
Lineage_A_cell_170,2.580383,1.476522,Branch_A_demo,8.5781
Lineage_A_cell_171,0.241236,0.581315,Branch_A_demo,5.869837
Lineage_A_cell_172,-2.45097,0.065685,Early_demo,1.636189
Lineage_A_cell_173,-3.255201,-0.293361,Early_demo,1.153235
Lineage_A_cell_174,-3.319657,-0.086419,Early_demo,0.943971
Lineage_A_cell_175,1.280604,0.933296,Branch_A_demo,6.675326
Lineage_A_cell_176,0.310609,0.034186,Branch_A_demo,4.953815
Lineage_A_cell_177,-2.984699,0.32996,Early_demo,1.040293
Lineage_A_cell_178,1.339454,0.692541,Branch_A_demo,6.298178
Lineage_A_cell_179,-0.239869,0.336807,Branch_A_demo,5.060712
Lineage_A_cell_180,3.664219,1.324638,Branch_A_demo,9.521723
Lineage_A_cell_181,3.17817,1.113789,Branch_A_demo,9.212583
Lineage_A_cell_182,-0.576858,0.141128,Branch_A_demo,4.164931
Lineage_A_cell_183,0.344557,0.450995,Branch_A_demo,5.508775
Lineage_A_cell_184,-2.131438,-0.041503,Early_demo,2.206638
Lineage_A_cell_185,-1.892306,-0.266556,Early_demo,2.647808
Lineage_A_cell_186,0.282538,0.856121,Branch_A_demo,5.123592
Lineage_A_cell_187,1.428041,0.473117,Branch_A_demo,6.872219
Lineage_A_cell_188,-2.351549,0.03731,Early_demo,2.536207
Lineage_A_cell_189,3.425931,1.431882,Branch_A_demo,9.019565
Lineage_A_cell_190,2.65114,1.167451,Branch_A_demo,8.366749
Lineage_A_cell_191,-1.200761,-0.119293,Branch_A_demo,3.619082
Lineage_A_cell_192,-2.529264,0.212947,Early_demo,1.658811
Lineage_A_cell_193,1.802359,0.818862,Branch_A_demo,7.10522
Lineage_A_cell_194,-3.350131,-0.191188,Early_demo,1.446741
Lineage_A_cell_195,3.41559,1.980383,Branch_A_demo,9.11789
Lineage_A_cell_196,-1.945317,0.286947,Early_demo,2.836813
Lineage_A_cell_197,2.35601,1.781766,Branch_A_demo,8.65396
Lineage_A_cell_198,-1.356595,-0.237739,Early_demo,3.016074
Lineage_A_cell_199,-0.466209,0.22583,Branch_A_demo,4.939109
Lineage_A_cell_200,1.140726,0.960556,Branch_A_demo,6.573275
Lineage_A_cell_201,1.741436,1.024437,Branch_A_demo,7.492239
Lineage_A_cell_202,1.73002,0.911709,Branch_A_demo,6.469764
Lineage_A_cell_203,2.060155,1.148205,Branch_A_demo,7.912691
Lineage_A_cell_204,2.019674,1.006228,Branch_A_demo,7.006825
Lineage_A_cell_205,-2.210177,-0.057505,Early_demo,1.909535
Lineage_A_cell_206,-4.03886,-0.000621,Early_demo,0.332465
Lineage_A_cell_207,0.256908,0.010844,Branch_A_demo,5.149647
Lineage_A_cell_208,3.542913,1.494614,Branch_A_demo,9.140311
Lineage_A_cell_209,-2.612644,0.068115,Early_demo,1.913524
Lineage_A_cell_210,-3.52426,0.186876,Early_demo,0.094519
Lineage_A_cell_211,-2.102572,0.35811,Early_demo,2.554416
Lineage_A_cell_212,0.347694,0.442344,Branch_A_demo,4.845022
Lineage_A_cell_213,0.668403,0.536075,Branch_A_demo,5.707202
Lineage_A_cell_214,2.132379,0.949296,Branch_A_demo,7.756572
Lineage_A_cell_215,1.588975,1.131895,Branch_A_demo,6.459093
Lineage_A_cell_216,-1.331354,-0.085898,Early_demo,2.773336
Lineage_A_cell_217,-0.577986,0.480142,Branch_A_demo,4.427977
Lineage_A_cell_218,-2.581279,-0.098857,Early_demo,1.641816
Lineage_A_cell_219,-1.792119,-0.100213,Early_demo,2.519543
Lineage_A_cell_220,-3.506552,-0.05618,Early_demo,0.253286
Lineage_A_cell_221,4.111747,1.791992,Branch_A_demo,9.959889
Lineage_A_cell_222,-2.634746,-0.113404,Early_demo,1.945337
Lineage_A_cell_223,-2.366216,0.089008,Early_demo,2.381782
Lineage_A_cell_224,-2.198763,-0.248651,Early_demo,1.748297
Lineage_A_cell_225,3.902915,1.148547,Branch_A_demo,9.250977
Lineage_A_cell_226,1.298157,0.997866,Branch_A_demo,6.318697
Lineage_A_cell_227,2.672382,1.291922,Branch_A_demo,7.986523
Lineage_A_cell_228,-3.690976,0.471361,Early_demo,1.263537
Lineage_A_cell_229,-1.456074,0.027215,Branch_A_demo,3.801321
Lineage_A_cell_230,-1.166463,-0.401852,Early_demo,2.77159
Lineage_A_cell_231,-1.494326,-0.187704,Early_demo,2.682853
Lineage_A_cell_232,-0.170283,-0.102606,Branch_A_demo,4.578705
Lineage_A_cell_233,2.207138,1.003904,Branch_A_demo,8.342112
Lineage_A_cell_234,2.787296,1.275514,Branch_A_demo,8.495486
Lineage_A_cell_235,3.730331,1.739973,Branch_A_demo,9.565833
Lineage_A_cell_236,-3.510844,0.280367,Early_demo,0.469331
Lineage_A_cell_237,1.308068,0.613892,Branch_A_demo,6.556344
Lineage_A_cell_238,-2.779381,-0.290477,Early_demo,1.287998
Lineage_A_cell_239,0.951425,0.628968,Branch_A_demo,6.428002
Lineage_A_cell_240,-0.641308,0.088821,Branch_A_demo,4.51667
Lineage_A_cell_241,2.41801,1.20319,Branch_A_demo,7.922683
Lineage_A_cell_242,-3.94117,0.042857,Early_demo,0.116319
Lineage_A_cell_243,-3.862915,-0.182604,Early_demo,0.204257
Lineage_A_cell_244,1.659816,0.244359,Branch_A_demo,6.850263
Lineage_A_cell_245,-2.054703,-0.374187,Early_demo,2.433314
Lineage_A_cell_246,0.0653,0.320396,Branch_A_demo,5.121078
Lineage_A_cell_247,-0.351063,0.125646,Branch_A_demo,4.114083
Lineage_A_cell_248,-2.187803,-0.199007,Early_demo,2.470754
Lineage_A_cell_249,3.558046,1.658986,Branch_A_demo,9.14551
Lineage_A_cell_250,-2.431505,0.154202,Early_demo,2.742571
Lineage_A_cell_251,3.909411,1.61751,Branch_A_demo,9.621219
Lineage_A_cell_252,-0.560017,0.275978,Branch_A_demo,4.235936
Lineage_A_cell_253,2.579281,1.305204,Branch_A_demo,8.128847
Lineage_A_cell_254,1.181648,0.727422,Branch_A_demo,6.739148
Lineage_A_cell_255,-0.385588,0.061703,Branch_A_demo,4.414775
Lineage_A_cell_256,1.256555,0.721409,Branch_A_demo,7.065236
Lineage_A_cell_257,-1.212741,0.039796,Early_demo,3.422367
Lineage_A_cell_258,3.152809,1.592859,Branch_A_demo,9.036115
Lineage_A_cell_259,2.765886,1.191334,Branch_A_demo,8.531404
Lineage_A_cell_260,-1.295443,0.193698,Branch_A_demo,3.700815
Lineage_A_cell_261,-1.276912,0.010657,Early_demo,2.883803
Lineage_A_cell_262,1.522524,1.136244,Branch_A_demo,7.207445
Lineage_A_cell_263,1.191196,1.320234,Branch_A_demo,6.938211
Lineage_A_cell_264,1.643956,1.26604,Branch_A_demo,7.074512
Lineage_A_cell_265,-3.716147,-0.304267,Early_demo,0.678717
Lineage_A_cell_266,3.463276,1.791261,Branch_A_demo,9.588692
Lineage_A_cell_267,2.865105,1.845394,Branch_A_demo,9.119827
Lineage_A_cell_268,-3.606738,-0.323925,Early_demo,0.613986
Lineage_A_cell_269,1.574375,0.778524,Branch_A_demo,6.76936
Lineage_A_cell_270,3.419402,1.530076,Branch_A_demo,8.838627
Lineage_A_cell_271,-0.579311,0.195154,Branch_A_demo,4.616972
Lineage_A_cell_272,-3.418434,-0.406946,Early_demo,0.622089
Lineage_A_cell_273,-1.792412,0.403602,Early_demo,2.658091
Lineage_A_cell_274,2.044129,0.86426,Branch_A_demo,7.127015
Lineage_A_cell_275,2.932145,1.624832,Branch_A_demo,9.137146
Lineage_A_cell_276,-3.320274,-0.10023,Early_demo,1.187183
Lineage_A_cell_277,0.717001,-0.074023,Branch_A_demo,5.38618
Lineage_A_cell_278,1.922995,1.179398,Branch_A_demo,7.611692
Lineage_A_cell_279,-3.46265,0.16697,Early_demo,1.05906
Lineage_A_cell_280,-1.488789,0.001026,Early_demo,3.16736
Lineage_A_cell_281,2.947389,1.590665,Branch_A_demo,9.4013
Lineage_A_cell_282,3.570426,1.590148,Branch_A_demo,9.507723
Lineage_A_cell_283,-3.093849,-0.256499,Early_demo,0.720167
Lineage_A_cell_284,0.822319,0.286366,Branch_A_demo,5.729062
Lineage_A_cell_285,1.199903,0.439382,Branch_A_demo,6.677177
Lineage_A_cell_286,-2.638571,0.19789,Early_demo,1.391681
Lineage_A_cell_287,1.962461,1.045126,Branch_A_demo,7.39689
Lineage_A_cell_288,2.018269,0.992679,Branch_A_demo,7.295828
Lineage_A_cell_289,3.35463,1.663838,Branch_A_demo,9.754411
Lineage_A_cell_290,-1.86567,-0.171507,Early_demo,2.911755
Lineage_A_cell_291,3.402245,1.515775,Branch_A_demo,9.213573
Lineage_A_cell_292,-1.333089,0.145733,Branch_A_demo,3.537928
Lineage_A_cell_293,0.942842,0.741839,Branch_A_demo,6.049293
Lineage_A_cell_294,-2.120895,-0.15433,Early_demo,1.956726
Lineage_A_cell_295,2.62903,1.382342,Branch_A_demo,8.16671
Lineage_A_cell_296,-2.545129,-0.082894,Early_demo,1.512145
Lineage_A_cell_297,-0.582076,0.217134,Branch_A_demo,4.422386
Lineage_A_cell_298,2.122232,0.913242,Branch_A_demo,7.570378
Lineage_A_cell_299,-1.673044,0.234634,Early_demo,2.4943
Lineage_A_cell_300,-1.254171,-0.138814,Early_demo,2.913482
Lineage_A_cell_301,-1.546486,-0.421447,Early_demo,2.970723
Lineage_A_cell_302,-0.04624,0.436784,Branch_A_demo,4.972423
Lineage_A_cell_303,-0.441749,-0.063372,Branch_A_demo,4.384399
Lineage_A_cell_304,-3.080314,0.032678,Early_demo,1.57393
Lineage_A_cell_305,4.437126,1.73786,Branch_A_demo,9.564859
Lineage_A_cell_306,-0.552517,0.228617,Branch_A_demo,4.363641
Lineage_A_cell_307,3.168189,1.623963,Branch_A_demo,9.019054
Lineage_A_cell_308,1.133769,0.974618,Branch_A_demo,6.206297
Lineage_A_cell_309,1.499934,0.785681,Branch_A_demo,7.453554
Lineage_A_cell_310,-3.433521,-0.134185,Early_demo,1.061777
Lineage_A_cell_311,-2.572207,0.032813,Early_demo,2.135251
Lineage_A_cell_312,-1.02301,-0.04104,Branch_A_demo,4.184213
Lineage_A_cell_313,-1.003018,0.266757,Branch_A_demo,3.84738
Lineage_A_cell_314,-2.430733,-0.257592,Early_demo,1.648868
Lineage_A_cell_315,2.703094,1.906282,Branch_A_demo,8.434601
Lineage_A_cell_316,-1.75352,-0.143186,Early_demo,3.074071
Lineage_A_cell_317,2.738357,1.417016,Branch_A_demo,8.447284
Lineage_A_cell_318,-2.479418,-0.063684,Early_demo,2.059946
Lineage_A_cell_319,0.884796,0.564165,Branch_A_demo,6.592225
Lineage_A_cell_320,-2.983935,0.291737,Early_demo,1.60202
Lineage_A_cell_321,-1.765069,-0.024632,Early_demo,2.950535
Lineage_A_cell_322,-1.789748,0.481924,Early_demo,2.790656
Lineage_A_cell_323,-3.092544,0.543491,Early_demo,0.813817
Lineage_A_cell_324,-2.63699,-0.009936,Early_demo,2.653755
Lineage_A_cell_325,-3.096534,0.134731,Early_demo,1.593123
Lineage_A_cell_326,-0.722912,0.346107,Branch_A_demo,4.351764
Lineage_A_cell_327,-2.234203,-0.210863,Early_demo,1.800424
Lineage_A_cell_328,3.308143,1.335064,Branch_A_demo,8.871015
Lineage_A_cell_329,1.32838,0.619291,Branch_A_demo,7.021361
Lineage_A_cell_330,2.258089,1.150255,Branch_A_demo,7.670236
Lineage_A_cell_331,2.005317,1.253887,Branch_A_demo,8.089819
Lineage_A_cell_332,2.43134,1.37958,Branch_A_demo,8.361993
Lineage_A_cell_333,2.66357,1.467005,Branch_A_demo,7.707038
Lineage_A_cell_334,2.680339,1.076574,Branch_A_demo,7.984906
Lineage_A_cell_335,1.297354,0.640404,Branch_A_demo,6.627647
Lineage_A_cell_336,-1.268776,0.343411,Branch_A_demo,3.522401
Lineage_A_cell_337,4.266262,1.737315,Branch_A_demo,9.91678
Lineage_A_cell_338,1.937555,0.826726,Branch_A_demo,7.114272
Lineage_A_cell_339,1.431856,0.813815,Branch_A_demo,6.664193
Lineage_A_cell_340,-3.913948,0.307424,Early_demo,0.086137
Lineage_A_cell_341,-3.38236,0.134241,Early_demo,0.281594
Lineage_A_cell_342,-3.7009,-0.360571,Early_demo,0.824835
Lineage_A_cell_343,-3.037273,0.506946,Early_demo,1.250584
Lineage_A_cell_344,-3.665318,-0.290895,Early_demo,0.722366
Lineage_A_cell_345,-2.519594,0.079143,Early_demo,1.878795
Lineage_A_cell_346,-3.005859,0.187511,Early_demo,1.226616
Lineage_A_cell_347,2.689506,1.455923,Branch_A_demo,8.575964
Lineage_A_cell_348,0.899871,0.465793,Branch_A_demo,6.421162
Lineage_A_cell_349,-2.603288,0.156721,Early_demo,1.717392
Lineage_A_cell_350,1.117337,0.673183,Branch_A_demo,6.488795
Lineage_A_cell_351,-1.785341,-0.216055,Early_demo,3.137637
Lineage_A_cell_352,1.485671,1.107753,Branch_A_demo,6.841718
Lineage_A_cell_353,-2.239351,-0.269169,Early_demo,2.101766
Lineage_A_cell_354,-1.427251,0.069317,Early_demo,3.199037
Lineage_A_cell_355,0.477266,0.446809,Branch_A_demo,6.017307
Lineage_A_cell_356,-2.008636,-0.142187,Early_demo,2.033704
Lineage_A_cell_357,-3.020495,-0.228555,Early_demo,1.567795
Lineage_A_cell_358,-2.922209,0.102427,Early_demo,1.81331
Lineage_A_cell_359,2.621401,1.293293,Branch_A_demo,8.233894
Lineage_A_cell_360,-0.229883,0.213606,Branch_A_demo,3.83159
Lineage_A_cell_361,3.118767,1.102227,Branch_A_demo,8.503511
Lineage_A_cell_362,-0.502121,0.062519,Branch_A_demo,4.610717
Lineage_A_cell_363,3.722634,1.594936,Branch_A_demo,9.4542
Lineage_A_cell_364,1.20994,0.924962,Branch_A_demo,6.574009
Lineage_A_cell_365,1.761749,0.930814,Branch_A_demo,7.153464
Lineage_A_cell_366,3.579046,1.365826,Branch_A_demo,8.735222
Lineage_A_cell_367,2.779167,0.80043,Branch_A_demo,8.228623
Lineage_A_cell_368,-2.007244,-0.009337,Early_demo,2.329586
Lineage_A_cell_369,-2.523162,0.075546,Early_demo,1.734838
Lineage_A_cell_370,-3.00703,-0.081259,Early_demo,0.903293
Lineage_A_cell_371,-1.955913,-0.018291,Early_demo,2.049394
Lineage_A_cell_372,3.706558,2.286946,Branch_A_demo,9.700784
Lineage_A_cell_373,-3.324197,0.115703,Early_demo,1.098704
Lineage_A_cell_374,-3.437915,0.285901,Early_demo,0.202626
Lineage_A_cell_375,1.210775,0.658725,Branch_A_demo,6.705802
Lineage_A_cell_376,-1.770996,0.209293,Early_demo,2.668142
Lineage_A_cell_377,1.336872,0.778887,Branch_A_demo,6.58824
Lineage_A_cell_378,1.317394,0.828509,Branch_A_demo,6.474827
Lineage_A_cell_379,1.234679,1.234059,Branch_A_demo,7.006732
Lineage_A_cell_380,2.904135,1.449116,Branch_A_demo,8.804916
Lineage_A_cell_381,2.550226,1.266911,Branch_A_demo,7.872743
Lineage_A_cell_382,-1.245092,0.054557,Branch_A_demo,3.768391
Lineage_A_cell_383,-2.581138,-0.205386,Early_demo,1.548585
Lineage_A_cell_384,2.151775,1.418666,Branch_A_demo,7.385338
Lineage_A_cell_385,-2.033618,-0.079438,Early_demo,2.35872
Lineage_A_cell_386,-2.181358,0.134123,Early_demo,2.201973
Lineage_A_cell_387,3.35571,1.66113,Branch_A_demo,8.796001
Lineage_A_cell_388,2.754207,1.499762,Branch_A_demo,8.164017
Lineage_A_cell_389,-0.826831,0.268705,Branch_A_demo,4.777509
Lineage_A_cell_390,3.764888,1.850713,Branch_A_demo,9.858839
Lineage_A_cell_391,3.574049,1.792946,Branch_A_demo,9.399221
Lineage_A_cell_392,-3.865561,-0.127407,Early_demo,0.697718
Lineage_A_cell_393,2.543471,1.376355,Branch_A_demo,8.594253
Lineage_A_cell_394,-3.881072,0.222289,Early_demo,0.117159
Lineage_A_cell_395,0.019908,0.199106,Branch_A_demo,4.368305
Lineage_A_cell_396,0.140867,0.526782,Branch_A_demo,5.14757
Lineage_A_cell_397,3.12774,1.808361,Branch_A_demo,8.877016
Lineage_A_cell_398,-0.320454,0.015223,Branch_A_demo,5.222305
Lineage_A_cell_399,-2.582667,0.187216,Early_demo,1.821645
Lineage_A_cell_400,-1.068462,-0.16712,Branch_A_demo,3.62535
Lineage_A_cell_401,1.784206,0.835887,Branch_A_demo,8.222003
Lineage_A_cell_402,-3.049511,-0.008455,Early_demo,1.487159
Lineage_A_cell_403,0.722365,0.469791,Branch_A_demo,5.815377
Lineage_A_cell_404,-1.233924,0.314774,Branch_A_demo,4.286271
Lineage_A_cell_405,-0.609072,0.473191,Branch_A_demo,4.326917
Lineage_A_cell_406,2.327387,1.243131,Branch_A_demo,8.039316
Lineage_A_cell_407,-3.440314,-0.425822,Early_demo,0.584428
Lineage_A_cell_408,-0.424938,0.713963,Branch_A_demo,4.182536
Lineage_A_cell_409,0.628516,0.869474,Branch_A_demo,6.019953
Lineage_A_cell_410,-0.152191,0.453013,Branch_A_demo,4.814216
Lineage_A_cell_411,-2.098129,0.157514,Early_demo,2.414131
Lineage_A_cell_412,2.750849,1.539791,Branch_A_demo,8.20114
Lineage_A_cell_413,-2.202941,0.287303,Early_demo,2.22256
Lineage_A_cell_414,2.594505,1.658578,Branch_A_demo,8.352602
Lineage_A_cell_415,-1.331092,0.249077,Early_demo,3.17279
Lineage_A_cell_416,0.177128,0.189177,Branch_A_demo,4.837364
Lineage_A_cell_417,2.613279,1.349467,Branch_A_demo,8.379539
Lineage_A_cell_418,-1.557122,0.054152,Early_demo,3.163027
Lineage_A_cell_419,0.32318,0.721641,Branch_A_demo,4.95216
Lineage_A_cell_420,2.372189,0.778179,Branch_A_demo,8.137445
Lineage_A_cell_421,-0.395522,0.375113,Branch_A_demo,4.74276
Lineage_A_cell_422,3.394057,1.611986,Branch_A_demo,8.846857
Lineage_A_cell_423,-3.774279,0.15081,Early_demo,0.362649
Lineage_A_cell_424,2.750576,1.129348,Branch_A_demo,8.166678
Lineage_A_cell_425,-1.301546,0.102267,Early_demo,2.882039
Lineage_A_cell_426,3.360184,1.567243,Branch_A_demo,9.483694
Lineage_A_cell_427,-2.73412,0.171233,Early_demo,0.950716
Lineage_A_cell_428,1.287384,0.766831,Branch_A_demo,6.535258
Lineage_A_cell_429,-2.927836,0.137629,Early_demo,0.869363
Lineage_A_cell_430,1.93409,0.828075,Branch_A_demo,6.870401
Lineage_A_cell_431,3.558026,1.979709,Branch_A_demo,9.321487
Lineage_A_cell_432,-4.000942,0.20764,Early_demo,0.113419
Lineage_A_cell_433,0.026115,0.492741,Branch_A_demo,5.050244
Lineage_A_cell_434,-3.034924,-0.215778,Early_demo,1.679308
Lineage_A_cell_435,1.642182,0.940514,Branch_A_demo,7.003475
Lineage_A_cell_436,-2.523017,-0.003841,Early_demo,1.448232
Lineage_A_cell_437,-3.932636,0.258217,Early_demo,0.451498
Lineage_A_cell_438,-0.236506,0.250081,Branch_A_demo,4.73961
Lineage_A_cell_439,0.614736,-0.160433,Branch_A_demo,5.095766
Lineage_A_cell_440,-2.877417,0.081908,Early_demo,1.619779
Lineage_A_cell_441,0.368693,0.004787,Branch_A_demo,5.174639
Lineage_A_cell_442,1.996585,0.79338,Branch_A_demo,7.874252
Lineage_A_cell_443,-0.725257,-0.226731,Early_demo,3.367494
Lineage_A_cell_444,-2.128031,-0.116673,Early_demo,1.524941
Lineage_A_cell_445,-0.346124,-0.193128,Branch_A_demo,4.590123
Lineage_A_cell_446,1.278166,0.931999,Branch_A_demo,6.948125
Lineage_A_cell_447,3.7357,1.470159,Branch_A_demo,9.35196
Lineage_A_cell_448,0.430112,0.097556,Branch_A_demo,5.564855
Lineage_A_cell_449,2.584322,0.984293,Branch_A_demo,8.080523
Lineage_A_cell_450,-3.915921,-0.345749,Early_demo,0.241875
Lineage_B_cell_1,-1.565749,0.278024,Early_demo,2.674495
Lineage_B_cell_2,-2.229441,0.040572,Early_demo,2.702187
Lineage_B_cell_3,2.815387,-1.319596,Branch_B_demo,8.51517
Lineage_B_cell_4,2.445184,-1.421779,Branch_B_demo,8.317435
Lineage_B_cell_5,3.114689,-1.191101,Branch_B_demo,9.131895
Lineage_B_cell_6,2.401777,-0.963576,Branch_B_demo,7.720624
Lineage_B_cell_7,-1.130061,-0.270762,Branch_B_demo,3.74075
Lineage_B_cell_8,2.843847,-1.645892,Branch_B_demo,8.897198
Lineage_B_cell_9,-1.303448,-0.013764,Early_demo,3.24417
Lineage_B_cell_10,-0.919976,-0.012341,Branch_B_demo,3.95997
Lineage_B_cell_11,0.670236,-0.656325,Branch_B_demo,6.305713
Lineage_B_cell_12,-1.453472,0.451929,Early_demo,2.712161
Lineage_B_cell_13,-3.603277,0.252696,Early_demo,0.373242
Lineage_B_cell_14,-3.348201,-0.163765,Early_demo,0.299405
Lineage_B_cell_15,1.153605,-0.554029,Branch_B_demo,6.346683
Lineage_B_cell_16,-1.314595,0.514326,Early_demo,3.296009
Lineage_B_cell_17,0.991855,-0.816569,Branch_B_demo,6.102341
Lineage_B_cell_18,-2.716931,-0.334956,Early_demo,2.254419
Lineage_B_cell_19,2.762384,-1.416085,Branch_B_demo,8.237113
Lineage_B_cell_20,3.482255,-1.826068,Branch_B_demo,9.167325
Lineage_B_cell_21,-0.23097,0.23903,Branch_B_demo,4.827652
Lineage_B_cell_22,-3.199411,0.015435,Early_demo,0.209125
Lineage_B_cell_23,-1.830172,-0.452532,Early_demo,2.888503
Lineage_B_cell_24,-3.596797,0.520216,Early_demo,1.099687
Lineage_B_cell_25,3.159515,-1.469537,Branch_B_demo,8.927808
Lineage_B_cell_26,-3.611515,-0.248542,Early_demo,0.820448
Lineage_B_cell_27,-0.541843,-0.191493,Branch_B_demo,4.471112
Lineage_B_cell_28,0.160323,-0.385482,Branch_B_demo,5.158346
Lineage_B_cell_29,0.696345,-0.669071,Branch_B_demo,5.847718
Lineage_B_cell_30,-3.273958,-0.013213,Early_demo,1.239061
Lineage_B_cell_31,1.707509,-0.656652,Branch_B_demo,7.3875
Lineage_B_cell_32,3.298423,-1.731171,Branch_B_demo,8.30063
Lineage_B_cell_33,2.136528,-1.212488,Branch_B_demo,7.620405
Lineage_B_cell_34,-3.57912,0.133145,Early_demo,0.62437
Lineage_B_cell_35,-1.539895,-0.01571,Early_demo,2.934126
Lineage_B_cell_36,-3.275356,0.236623,Early_demo,0.752726
Lineage_B_cell_37,-1.184957,0.303114,Early_demo,2.875283
Lineage_B_cell_38,-2.752006,-0.041525,Early_demo,1.578958
Lineage_B_cell_39,-4.392513,0.497114,Early_demo,0.130565
Lineage_B_cell_40,-1.834702,0.169053,Early_demo,2.999863
Lineage_B_cell_41,-1.122331,0.248326,Early_demo,3.452073
Lineage_B_cell_42,1.069639,-1.016412,Branch_B_demo,6.284307
Lineage_B_cell_43,-3.598914,-0.294459,Early_demo,0.646155
Lineage_B_cell_44,4.067413,-1.552063,Branch_B_demo,9.567927
Lineage_B_cell_45,-1.556084,-0.112442,Early_demo,2.981533
Lineage_B_cell_46,-1.492632,-0.15591,Early_demo,2.576822
Lineage_B_cell_47,4.624189,-1.830705,Branch_B_demo,9.982613
Lineage_B_cell_48,2.906794,-1.11706,Branch_B_demo,8.290144
Lineage_B_cell_49,-3.462933,-0.017336,Early_demo,0.510563
Lineage_B_cell_50,-3.812959,0.339226,Early_demo,0.194308
Lineage_B_cell_51,-2.201575,-0.152197,Early_demo,2.68589
Lineage_B_cell_52,1.804186,-1.031955,Branch_B_demo,6.813221
Lineage_B_cell_53,-2.659591,0.118369,Early_demo,1.982398
Lineage_B_cell_54,2.719904,-1.773376,Branch_B_demo,8.762023
Lineage_B_cell_55,-2.271895,0.160155,Early_demo,2.133139
Lineage_B_cell_56,2.761022,-1.326089,Branch_B_demo,8.468113
Lineage_B_cell_57,0.128447,-0.197892,Branch_B_demo,4.67305
Lineage_B_cell_58,-1.752535,-0.31224,Early_demo,3.224377
Lineage_B_cell_59,3.267686,-1.430535,Branch_B_demo,9.321863
Lineage_B_cell_60,-3.816306,-0.288022,Early_demo,0.960812
Lineage_B_cell_61,-1.676491,-0.37034,Early_demo,2.84233
Lineage_B_cell_62,-3.28709,-0.06332,Early_demo,0.6467
Lineage_B_cell_63,-0.094591,-0.295432,Branch_B_demo,4.656
Lineage_B_cell_64,1.330115,-0.9106,Branch_B_demo,6.680836
Lineage_B_cell_65,-1.46884,-0.135497,Early_demo,3.172242
Lineage_B_cell_66,-2.221761,-0.149052,Early_demo,2.161425
Lineage_B_cell_67,-1.824749,0.194269,Early_demo,2.378116
Lineage_B_cell_68,-0.810784,-0.28176,Early_demo,3.13578
Lineage_B_cell_69,1.152242,-0.70424,Branch_B_demo,6.553132
Lineage_B_cell_70,-1.854305,-0.205339,Early_demo,2.826248
Lineage_B_cell_71,-0.85525,0.103731,Branch_B_demo,4.232227
Lineage_B_cell_72,-1.559054,0.125264,Early_demo,2.896526
Lineage_B_cell_73,2.166498,-0.963473,Branch_B_demo,8.281883
Lineage_B_cell_74,0.117266,-0.882647,Branch_B_demo,6.031888
Lineage_B_cell_75,1.727982,-0.688344,Branch_B_demo,7.289864
Lineage_B_cell_76,0.750562,-0.253084,Branch_B_demo,6.078004
Lineage_B_cell_77,-1.437951,0.135452,Branch_B_demo,3.732105
Lineage_B_cell_78,3.225263,-1.428169,Branch_B_demo,9.067862
Lineage_B_cell_79,1.483037,-1.293281,Branch_B_demo,7.329064
Lineage_B_cell_80,1.857554,-1.119862,Branch_B_demo,7.551737
Lineage_B_cell_81,-3.662769,-0.379308,Early_demo,0.280776
Lineage_B_cell_82,3.712715,-1.573799,Branch_B_demo,9.211474
Lineage_B_cell_83,0.065311,-0.410982,Branch_B_demo,5.27062
Lineage_B_cell_84,0.184834,-0.143965,Branch_B_demo,5.365027
Lineage_B_cell_85,-0.533525,-0.068889,Branch_B_demo,4.426717
Lineage_B_cell_86,-3.176955,-0.636444,Early_demo,0.553624
Lineage_B_cell_87,-2.5427,-0.069554,Early_demo,1.986515
Lineage_B_cell_88,0.849786,-0.268514,Branch_B_demo,5.626072
Lineage_B_cell_89,-2.158852,-0.054174,Early_demo,2.776314
Lineage_B_cell_90,1.743769,-0.697486,Branch_B_demo,6.746781
Lineage_B_cell_91,-0.598802,-0.052289,Branch_B_demo,3.947807
Lineage_B_cell_92,0.554289,-0.422185,Branch_B_demo,5.586519
Lineage_B_cell_93,2.4631,-1.138675,Branch_B_demo,7.589477
Lineage_B_cell_94,1.484136,-1.230065,Branch_B_demo,6.949161
Lineage_B_cell_95,3.247236,-1.722118,Branch_B_demo,8.875233
Lineage_B_cell_96,-2.222519,0.327627,Early_demo,2.352572
Lineage_B_cell_97,3.920813,-1.860749,Branch_B_demo,9.030436
Lineage_B_cell_98,3.947399,-2.210685,Branch_B_demo,9.914575
Lineage_B_cell_99,-1.821014,0.184346,Early_demo,2.454951
Lineage_B_cell_100,-3.933044,-0.699513,Early_demo,0.321513
Lineage_B_cell_101,2.219593,-1.074028,Branch_B_demo,7.743325
Lineage_B_cell_102,3.759025,-1.441573,Branch_B_demo,9.788737
Lineage_B_cell_103,-0.355658,0.150043,Branch_B_demo,4.145722
Lineage_B_cell_104,-2.474551,0.18223,Early_demo,1.824954
Lineage_B_cell_105,1.342701,-0.635109,Branch_B_demo,6.666331
Lineage_B_cell_106,-2.500613,-0.106914,Early_demo,1.525634
Lineage_B_cell_107,4.107958,-1.854982,Branch_B_demo,9.921386
Lineage_B_cell_108,-0.363967,-0.488226,Branch_B_demo,4.385464
Lineage_B_cell_109,-0.144993,-0.032604,Branch_B_demo,4.385133
Lineage_B_cell_110,0.790989,-0.683567,Branch_B_demo,5.85223
Lineage_B_cell_111,-3.610476,0.077874,Early_demo,0.711153
Lineage_B_cell_112,3.877941,-2.008197,Branch_B_demo,9.647807
Lineage_B_cell_113,-1.169937,-0.445999,Branch_B_demo,3.960043
Lineage_B_cell_114,-3.175305,-0.204486,Early_demo,1.550149
Lineage_B_cell_115,-1.279093,0.104439,Early_demo,2.535652
Lineage_B_cell_116,2.454729,-1.249608,Branch_B_demo,7.776952
Lineage_B_cell_117,-3.398717,-0.148582,Early_demo,0.751481
Lineage_B_cell_118,-2.430721,0.125143,Early_demo,2.200273
Lineage_B_cell_119,0.146255,-0.193825,Branch_B_demo,5.392385
Lineage_B_cell_120,-2.994585,0.046316,Early_demo,1.277718
Lineage_B_cell_121,3.167937,-2.184454,Branch_B_demo,8.866283
Lineage_B_cell_122,1.86807,-1.055665,Branch_B_demo,7.211212
Lineage_B_cell_123,-1.710187,0.194114,Early_demo,3.129063
Lineage_B_cell_124,1.841028,-0.885594,Branch_B_demo,7.154205
Lineage_B_cell_125,1.093197,-0.578339,Branch_B_demo,6.284912
Lineage_B_cell_126,2.313928,-0.972256,Branch_B_demo,7.914599
Lineage_B_cell_127,0.871312,-0.333326,Branch_B_demo,5.826654
Lineage_B_cell_128,-4.135986,-0.062999,Early_demo,0.050468
Lineage_B_cell_129,-0.003126,-0.737857,Branch_B_demo,5.066039
Lineage_B_cell_130,-0.881676,-0.273307,Branch_B_demo,3.632972
Lineage_B_cell_131,-2.27197,-0.04589,Early_demo,1.806268
Lineage_B_cell_132,-2.371123,-0.859914,Early_demo,2.049643
Lineage_B_cell_133,-1.181349,-0.249283,Early_demo,3.22797
Lineage_B_cell_134,-3.049425,0.124276,Early_demo,1.229575
Lineage_B_cell_135,-3.096662,-0.363582,Early_demo,1.485829
Lineage_B_cell_136,1.687841,-0.747914,Branch_B_demo,6.69319
Lineage_B_cell_137,0.863082,-0.79454,Branch_B_demo,6.366105
Lineage_B_cell_138,-1.728635,0.198754,Early_demo,3.244463
Lineage_B_cell_139,1.843069,-0.773977,Branch_B_demo,7.432723
Lineage_B_cell_140,-0.804623,-0.001115,Early_demo,3.492435
Lineage_B_cell_141,0.935856,-0.510552,Branch_B_demo,5.744221
Lineage_B_cell_142,3.671603,-1.795107,Branch_B_demo,9.881377
Lineage_B_cell_143,0.027582,-0.555252,Branch_B_demo,4.87573
Lineage_B_cell_144,-0.920351,0.269989,Branch_B_demo,3.772138
Lineage_B_cell_145,-2.608331,-0.050275,Early_demo,1.285758
Lineage_B_cell_146,-0.890149,0.116562,Branch_B_demo,3.93143
Lineage_B_cell_147,-3.49991,0.054266,Early_demo,0.432246
Lineage_B_cell_148,2.485883,-1.397094,Branch_B_demo,8.002808
Lineage_B_cell_149,2.716052,-1.219721,Branch_B_demo,8.259897
Lineage_B_cell_150,1.45436,-1.080672,Branch_B_demo,6.640182
Lineage_B_cell_151,-0.713173,-0.128518,Early_demo,3.283041
Lineage_B_cell_152,-2.556723,0.03412,Early_demo,1.822682
Lineage_B_cell_153,-2.197448,0.201703,Early_demo,1.862754
Lineage_B_cell_154,-3.361033,-0.10919,Early_demo,0.801145
Lineage_B_cell_155,-3.370572,-0.08438,Early_demo,0.643619
Lineage_B_cell_156,-1.902905,0.014586,Early_demo,2.748822
Lineage_B_cell_157,3.244164,-1.400997,Branch_B_demo,8.733125
Lineage_B_cell_158,1.262008,-0.91643,Branch_B_demo,6.660933
Lineage_B_cell_159,2.009096,-1.303776,Branch_B_demo,8.130591
Lineage_B_cell_160,2.248228,-1.051942,Branch_B_demo,8.16996
Lineage_B_cell_161,-3.515657,-0.245845,Early_demo,0.336306
Lineage_B_cell_162,1.555826,-0.668202,Branch_B_demo,6.864461
Lineage_B_cell_163,2.86849,-1.486925,Branch_B_demo,8.479812
Lineage_B_cell_164,2.884128,-1.538832,Branch_B_demo,8.563789
Lineage_B_cell_165,-1.90028,-0.117332,Early_demo,2.745188
Lineage_B_cell_166,2.670203,-1.371229,Branch_B_demo,8.303751
Lineage_B_cell_167,-2.760447,0.112967,Early_demo,1.246078
Lineage_B_cell_168,1.88807,-1.444849,Branch_B_demo,7.609621
Lineage_B_cell_169,-1.042128,0.101926,Early_demo,3.26408
Lineage_B_cell_170,-2.476876,-0.541286,Early_demo,1.822512
Lineage_B_cell_171,3.810275,-1.652841,Branch_B_demo,9.322412
Lineage_B_cell_172,2.136194,-1.155162,Branch_B_demo,7.583989
Lineage_B_cell_173,3.513983,-1.793564,Branch_B_demo,9.483183
Lineage_B_cell_174,-2.466029,-0.294495,Early_demo,1.769741
Lineage_B_cell_175,3.790182,-1.501157,Branch_B_demo,9.459538
Lineage_B_cell_176,3.279107,-1.921628,Branch_B_demo,9.317695
Lineage_B_cell_177,-0.044044,-0.444899,Branch_B_demo,5.441231
Lineage_B_cell_178,2.157998,-0.934175,Branch_B_demo,7.341519
Lineage_B_cell_179,0.464672,-0.424309,Branch_B_demo,5.43196
Lineage_B_cell_180,-3.465203,-0.014946,Early_demo,0.787543
Lineage_B_cell_181,-2.191611,-0.475664,Early_demo,1.989995
Lineage_B_cell_182,-0.407166,-0.198825,Branch_B_demo,5.252813
Lineage_B_cell_183,2.825745,-1.415712,Branch_B_demo,8.304227
Lineage_B_cell_184,-0.52635,-0.349684,Branch_B_demo,4.360369
Lineage_B_cell_185,-1.566652,0.270862,Early_demo,2.517616
Lineage_B_cell_186,1.320868,-0.651007,Branch_B_demo,6.596835
Lineage_B_cell_187,-3.573167,0.095454,Early_demo,0.370649
Lineage_B_cell_188,-0.621073,-0.3741,Branch_B_demo,4.030371
Lineage_B_cell_189,-3.152955,-0.019295,Early_demo,1.888549
Lineage_B_cell_190,3.712613,-1.424812,Branch_B_demo,9.770825
Lineage_B_cell_191,3.220168,-1.552716,Branch_B_demo,9.005076
Lineage_B_cell_192,3.747186,-1.799633,Branch_B_demo,9.659859
Lineage_B_cell_193,-3.23418,0.474723,Early_demo,0.67238
Lineage_B_cell_194,-0.393472,-0.528469,Branch_B_demo,4.496926
Lineage_B_cell_195,0.060878,-0.536495,Branch_B_demo,4.254026
Lineage_B_cell_196,-1.247423,-0.285889,Branch_B_demo,4.196259
Lineage_B_cell_197,-3.46092,0.258372,Early_demo,0.150503
Lineage_B_cell_198,3.958765,-1.828696,Branch_B_demo,9.843649
Lineage_B_cell_199,3.303997,-1.276098,Branch_B_demo,9.554284
Lineage_B_cell_200,-3.653844,0.061804,Early_demo,0.781481
Lineage_B_cell_201,3.317298,-1.302869,Branch_B_demo,9.12199
Lineage_B_cell_202,1.206623,-0.57775,Branch_B_demo,6.544143
Lineage_B_cell_203,-2.940987,0.022786,Early_demo,1.377236
Lineage_B_cell_204,0.052766,0.039009,Branch_B_demo,4.740348
Lineage_B_cell_205,2.144992,-1.545101,Branch_B_demo,7.916873
Lineage_B_cell_206,1.525983,-1.302587,Branch_B_demo,6.541535
Lineage_B_cell_207,-0.349565,0.070753,Branch_B_demo,4.073055
Lineage_B_cell_208,2.484298,-1.282097,Branch_B_demo,7.541706
Lineage_B_cell_209,1.2538,-0.745404,Branch_B_demo,6.666893
Lineage_B_cell_210,-0.086149,-0.71187,Branch_B_demo,5.683722
Lineage_B_cell_211,3.597148,-1.459111,Branch_B_demo,9.148553
Lineage_B_cell_212,-1.475695,0.357659,Early_demo,3.055679
Lineage_B_cell_213,2.807692,-1.176847,Branch_B_demo,8.259173
Lineage_B_cell_214,-0.62261,0.161887,Branch_B_demo,4.208728
Lineage_B_cell_215,-1.951596,-0.060925,Early_demo,3.062612
Lineage_B_cell_216,-3.719782,0.012203,Early_demo,0.933182
Lineage_B_cell_217,2.446573,-0.952482,Branch_B_demo,7.909791
Lineage_B_cell_218,-2.200984,0.183112,Early_demo,2.396015
Lineage_B_cell_219,2.245318,-1.169962,Branch_B_demo,7.756825
Lineage_B_cell_220,3.37937,-1.759557,Branch_B_demo,9.034158
Lineage_B_cell_221,3.229855,-1.548098,Branch_B_demo,9.289399
Lineage_B_cell_222,-3.470028,-0.308333,Early_demo,0.210462
Lineage_B_cell_223,0.556144,-0.611564,Branch_B_demo,5.874303
Lineage_B_cell_224,-2.141461,-0.15062,Early_demo,2.060146
Lineage_B_cell_225,-1.923888,-0.333474,Early_demo,2.093749
Lineage_B_cell_226,-3.602971,-0.169052,Early_demo,0.493187
Lineage_B_cell_227,2.638658,-1.628186,Branch_B_demo,8.266931
Lineage_B_cell_228,3.124942,-1.514039,Branch_B_demo,9.022335
Lineage_B_cell_229,3.353488,-1.549275,Branch_B_demo,9.442192
Lineage_B_cell_230,0.957279,-0.262438,Branch_B_demo,6.350696
Lineage_B_cell_231,-3.869266,0.495065,Early_demo,0.049576
Lineage_B_cell_232,-1.055059,0.154863,Branch_B_demo,3.967111
Lineage_B_cell_233,3.852192,-1.722396,Branch_B_demo,9.938515
Lineage_B_cell_234,-2.570792,-0.2334,Early_demo,1.879147
Lineage_B_cell_235,2.44572,-1.379735,Branch_B_demo,8.265536
Lineage_B_cell_236,-1.606051,-0.164153,Early_demo,2.779085
Lineage_B_cell_237,-1.220527,0.0246,Early_demo,2.733592
Lineage_B_cell_238,0.458215,-0.357008,Branch_B_demo,5.25893
Lineage_B_cell_239,3.756623,-1.738149,Branch_B_demo,9.266665
Lineage_B_cell_240,-0.728384,-0.127721,Branch_B_demo,3.728792
Lineage_B_cell_241,3.063294,-1.616575,Branch_B_demo,9.49417
Lineage_B_cell_242,-0.500516,0.131335,Branch_B_demo,4.454661
Lineage_B_cell_243,3.998356,-1.453754,Branch_B_demo,9.263357
Lineage_B_cell_244,2.585831,-1.160324,Branch_B_demo,8.259313
Lineage_B_cell_245,-3.006208,-0.086547,Early_demo,1.434118
Lineage_B_cell_246,-0.223579,-0.154827,Branch_B_demo,4.850706
Lineage_B_cell_247,-1.158228,0.115208,Early_demo,3.08103
Lineage_B_cell_248,1.394068,-0.451415,Branch_B_demo,6.43328
Lineage_B_cell_249,0.941729,-0.645354,Branch_B_demo,6.13629
Lineage_B_cell_250,-1.102165,0.081716,Branch_B_demo,3.970128
Lineage_B_cell_251,3.872108,-1.485704,Branch_B_demo,9.405962
Lineage_B_cell_252,-0.853954,0.079958,Branch_B_demo,3.973945
Lineage_B_cell_253,3.545155,-1.761538,Branch_B_demo,9.40283
Lineage_B_cell_254,2.063265,-0.870655,Branch_B_demo,7.037283
Lineage_B_cell_255,-2.181583,0.171409,Early_demo,1.902527
Lineage_B_cell_256,-2.234136,-0.044035,Early_demo,2.517101
Lineage_B_cell_257,1.544817,-0.922999,Branch_B_demo,7.006239
Lineage_B_cell_258,-0.181811,-0.398495,Branch_B_demo,5.059869
Lineage_B_cell_259,0.289168,-0.229499,Branch_B_demo,5.523392
Lineage_B_cell_260,0.710545,-0.130719,Branch_B_demo,6.108392
Lineage_B_cell_261,2.438049,-1.437773,Branch_B_demo,8.078872
Lineage_B_cell_262,-2.422383,0.143164,Early_demo,1.924433
Lineage_B_cell_263,0.240577,-0.445588,Branch_B_demo,4.61081
Lineage_B_cell_264,-3.07575,0.233764,Early_demo,1.19206
Lineage_B_cell_265,3.757392,-1.610093,Branch_B_demo,9.770958
Lineage_B_cell_266,2.804165,-1.467623,Branch_B_demo,8.406736
Lineage_B_cell_267,-1.493237,0.20543,Early_demo,2.973786
Lineage_B_cell_268,1.73313,-0.72854,Branch_B_demo,7.580765
Lineage_B_cell_269,-3.475708,-0.108654,Early_demo,1.316432
Lineage_B_cell_270,-2.254824,-0.214338,Early_demo,2.43073
Lineage_B_cell_271,1.578034,-0.592366,Branch_B_demo,6.810559
Lineage_B_cell_272,3.78529,-1.454109,Branch_B_demo,9.973878
Lineage_B_cell_273,-1.607141,0.097116,Early_demo,2.978225
Lineage_B_cell_274,-1.523269,-0.078441,Early_demo,3.259345
Lineage_B_cell_275,-4.048938,0.094384,Early_demo,0.155114
Lineage_B_cell_276,0.641288,-0.530945,Branch_B_demo,6.325966
Lineage_B_cell_277,0.665476,-0.49592,Branch_B_demo,6.05384
Lineage_B_cell_278,3.16242,-1.696331,Branch_B_demo,8.648927
Lineage_B_cell_279,3.227725,-1.500003,Branch_B_demo,8.928946
Lineage_B_cell_280,-0.941641,-0.349843,Branch_B_demo,3.867484
Lineage_B_cell_281,0.932282,-1.066857,Branch_B_demo,6.792705
Lineage_B_cell_282,2.76339,-1.400311,Branch_B_demo,8.832196
Lineage_B_cell_283,-2.56694,0.289113,Early_demo,2.006943
Lineage_B_cell_284,-3.435003,0.005633,Early_demo,0.398638
Lineage_B_cell_285,2.245047,-0.523874,Branch_B_demo,7.658057
Lineage_B_cell_286,1.892908,-1.121063,Branch_B_demo,7.299863
Lineage_B_cell_287,1.914718,-0.73325,Branch_B_demo,7.053569
Lineage_B_cell_288,2.173134,-1.342288,Branch_B_demo,7.865875
Lineage_B_cell_289,-2.457445,0.080777,Early_demo,1.838374
Lineage_B_cell_290,-3.543794,-0.108898,Early_demo,0.157543
Lineage_B_cell_291,-2.561909,0.142384,Early_demo,1.748754
Lineage_B_cell_292,2.258914,-0.822123,Branch_B_demo,7.545459
Lineage_B_cell_293,1.910207,-1.041788,Branch_B_demo,7.209792
Lineage_B_cell_294,-2.340676,-0.074404,Early_demo,2.474694
Lineage_B_cell_295,1.232364,-0.913774,Branch_B_demo,6.612994
Lineage_B_cell_296,2.519045,-1.519293,Branch_B_demo,8.36026
Lineage_B_cell_297,0.001986,-0.391569,Branch_B_demo,5.262664
Lineage_B_cell_298,3.025306,-1.544322,Branch_B_demo,8.91294
Lineage_B_cell_299,3.655985,-1.999034,Branch_B_demo,9.534795
Lineage_B_cell_300,-1.39791,-0.047588,Branch_B_demo,3.711767
Lineage_B_cell_301,0.339286,-0.427638,Branch_B_demo,5.365624
Lineage_B_cell_302,-1.343517,-0.112953,Branch_B_demo,3.874168
Lineage_B_cell_303,-3.325007,-0.121642,Early_demo,0.782717
Lineage_B_cell_304,-0.932428,-0.357896,Branch_B_demo,4.674718
Lineage_B_cell_305,-2.267144,0.286911,Early_demo,2.340925
Lineage_B_cell_306,1.715973,-1.287351,Branch_B_demo,8.209816
Lineage_B_cell_307,-0.012958,-0.2752,Branch_B_demo,4.744468
Lineage_B_cell_308,-0.594473,0.038813,Branch_B_demo,3.613214
Lineage_B_cell_309,1.316887,-0.7014,Branch_B_demo,6.62745
Lineage_B_cell_310,2.46604,-1.242121,Branch_B_demo,8.237293
Lineage_B_cell_311,0.908127,-0.540742,Branch_B_demo,6.037743
Lineage_B_cell_312,-3.054389,-0.073408,Early_demo,1.023066
Lineage_B_cell_313,0.857033,-0.945416,Branch_B_demo,6.715337
Lineage_B_cell_314,2.751872,-1.110177,Branch_B_demo,7.63176
Lineage_B_cell_315,-2.719802,-0.049825,Early_demo,0.510018
Lineage_B_cell_316,2.015684,-1.287429,Branch_B_demo,7.366794
Lineage_B_cell_317,-3.654246,0.066268,Early_demo,0.512255
Lineage_B_cell_318,-0.629852,0.112878,Branch_B_demo,4.31036
Lineage_B_cell_319,1.372459,-1.039375,Branch_B_demo,6.597904
Lineage_B_cell_320,3.839197,-1.950558,Branch_B_demo,9.401393
Lineage_B_cell_321,-0.756603,-0.107456,Branch_B_demo,4.035301
Lineage_B_cell_322,1.423179,-0.787089,Branch_B_demo,7.327795
Lineage_B_cell_323,-3.910111,-0.178626,Early_demo,0.61104
Lineage_B_cell_324,0.055223,-0.629887,Branch_B_demo,5.07503
Lineage_B_cell_325,-2.765173,-0.180033,Early_demo,1.218804
Lineage_B_cell_326,1.568782,-0.864134,Branch_B_demo,6.992242
Lineage_B_cell_327,-2.083121,0.640416,Early_demo,2.392492
Lineage_B_cell_328,-1.774735,0.280245,Early_demo,3.038931
Lineage_B_cell_329,2.566406,-1.253542,Branch_B_demo,8.944887
Lineage_B_cell_330,-0.877317,0.323855,Branch_B_demo,3.755556
Lineage_B_cell_331,2.967925,-1.686851,Branch_B_demo,9.044396
Lineage_B_cell_332,-0.966067,0.429908,Early_demo,3.398311
Lineage_B_cell_333,-3.095789,-0.31041,Early_demo,0.441666
Lineage_B_cell_334,0.674857,-0.745204,Branch_B_demo,6.129426
Lineage_B_cell_335,2.199835,-1.295107,Branch_B_demo,7.939961
Lineage_B_cell_336,-1.2158,-0.110952,Branch_B_demo,3.735703
Lineage_B_cell_337,1.806665,-1.254984,Branch_B_demo,7.18484
Lineage_B_cell_338,-1.389057,0.086312,Branch_B_demo,3.506741
Lineage_B_cell_339,-2.876869,0.359395,Early_demo,1.63935
Lineage_B_cell_340,-0.431275,-0.189639,Branch_B_demo,4.492337
Lineage_B_cell_341,-0.363634,-0.154333,Branch_B_demo,4.708327
Lineage_B_cell_342,-0.241231,-0.091028,Branch_B_demo,5.107561
Lineage_B_cell_343,-1.425864,-0.07926,Early_demo,2.192216
Lineage_B_cell_344,1.569657,-1.012872,Branch_B_demo,7.285447
Lineage_B_cell_345,0.264759,-0.389162,Branch_B_demo,5.903519
Lineage_B_cell_346,1.565312,-0.833741,Branch_B_demo,6.701234
Lineage_B_cell_347,-2.995991,0.104111,Early_demo,1.263602
Lineage_B_cell_348,2.177724,-1.322719,Branch_B_demo,8.50422
Lineage_B_cell_349,-0.011845,-0.392809,Branch_B_demo,5.031169
Lineage_B_cell_350,-1.557614,0.282016,Early_demo,2.666578
Lineage_B_cell_351,0.562667,-0.200409,Branch_B_demo,5.356245
Lineage_B_cell_352,-0.044166,-0.361221,Branch_B_demo,4.329566
Lineage_B_cell_353,1.835179,-0.663466,Branch_B_demo,7.255669
Lineage_B_cell_354,0.961567,-0.439014,Branch_B_demo,5.590066
Lineage_B_cell_355,-4.014335,-0.017893,Early_demo,0.004583
Lineage_B_cell_356,-2.632442,0.195291,Early_demo,1.607102
Lineage_B_cell_357,0.508555,-0.191029,Branch_B_demo,5.336812
Lineage_B_cell_358,-1.762632,0.569595,Early_demo,3.115542
Lineage_B_cell_359,2.27337,-0.879945,Branch_B_demo,7.534192
Lineage_B_cell_360,1.247216,-0.720504,Branch_B_demo,6.575277
Lineage_B_cell_361,2.523507,-1.25848,Branch_B_demo,8.25367
Lineage_B_cell_362,0.184282,-0.60181,Branch_B_demo,5.915577
Lineage_B_cell_363,-0.435666,-0.379543,Branch_B_demo,4.863388
Lineage_B_cell_364,-0.569708,-0.244371,Branch_B_demo,4.409942
Lineage_B_cell_365,3.492409,-1.688726,Branch_B_demo,8.868689
Lineage_B_cell_366,2.341683,-1.172965,Branch_B_demo,8.159791
Lineage_B_cell_367,0.065146,-0.492401,Branch_B_demo,4.717571
Lineage_B_cell_368,-0.884052,-0.027756,Branch_B_demo,3.501338
Lineage_B_cell_369,3.243158,-1.861689,Branch_B_demo,8.666151
Lineage_B_cell_370,0.335187,-0.322709,Branch_B_demo,5.068194
Lineage_B_cell_371,2.782323,-1.292894,Branch_B_demo,8.71038
Lineage_B_cell_372,2.853957,-1.335366,Branch_B_demo,9.061815
Lineage_B_cell_373,2.388097,-1.119089,Branch_B_demo,8.458913
Lineage_B_cell_374,-3.978717,-0.071769,Early_demo,0.062002
Lineage_B_cell_375,3.612974,-1.156654,Branch_B_demo,9.129336
Lineage_B_cell_376,-2.070616,0.097119,Early_demo,2.474836
Lineage_B_cell_377,0.421259,-0.726147,Branch_B_demo,5.689607
Lineage_B_cell_378,0.228951,-0.768367,Branch_B_demo,5.775577
Lineage_B_cell_379,3.293109,-1.779724,Branch_B_demo,8.899452
Lineage_B_cell_380,-1.521957,-0.157218,Early_demo,3.308661
Lineage_B_cell_381,3.781981,-1.803855,Branch_B_demo,9.51673
Lineage_B_cell_382,2.9592,-1.308068,Branch_B_demo,8.701761
Lineage_B_cell_383,0.434761,-0.309186,Branch_B_demo,5.25453
Lineage_B_cell_384,-1.703837,-0.028072,Early_demo,2.703853
Lineage_B_cell_385,-0.937289,-0.776193,Branch_B_demo,3.815811
Lineage_B_cell_386,-2.641977,-0.042274,Early_demo,2.075588
Lineage_B_cell_387,0.501981,-0.323867,Branch_B_demo,5.074697
Lineage_B_cell_388,3.131053,-1.63038,Branch_B_demo,9.086413
Lineage_B_cell_389,0.636987,-0.676466,Branch_B_demo,5.93028
Lineage_B_cell_390,3.623274,-1.892816,Branch_B_demo,9.728628
Lineage_B_cell_391,2.466266,-1.277746,Branch_B_demo,7.802977
Lineage_B_cell_392,-0.303955,-0.500876,Branch_B_demo,4.653202
Lineage_B_cell_393,-2.714914,0.156724,Early_demo,2.130235
Lineage_B_cell_394,-1.180406,-0.471804,Early_demo,3.081959
Lineage_B_cell_395,-2.551185,0.223532,Early_demo,2.217559
Lineage_B_cell_396,2.299459,-1.435533,Branch_B_demo,7.565714
Lineage_B_cell_397,0.428436,-0.331166,Branch_B_demo,6.111187
Lineage_B_cell_398,-3.114053,0.070232,Early_demo,0.939771
Lineage_B_cell_399,0.990253,-0.955711,Branch_B_demo,6.331884
Lineage_B_cell_400,1.995639,-0.962366,Branch_B_demo,7.906422
Lineage_B_cell_401,2.901417,-1.67315,Branch_B_demo,8.287004
Lineage_B_cell_402,-0.934162,-0.230972,Early_demo,3.48597
Lineage_B_cell_403,-2.137256,-0.209642,Early_demo,2.049742
Lineage_B_cell_404,-0.918324,-0.10352,Branch_B_demo,4.030801
Lineage_B_cell_405,-3.134672,0.098064,Early_demo,1.341501
Lineage_B_cell_406,1.072944,-0.373127,Branch_B_demo,6.038255
Lineage_B_cell_407,-0.978054,-0.080379,Branch_B_demo,4.092187
Lineage_B_cell_408,-0.927564,-0.306692,Early_demo,3.204396
Lineage_B_cell_409,2.054912,-1.195041,Branch_B_demo,7.568228
Lineage_B_cell_410,-2.253513,0.061436,Early_demo,2.006362
Lineage_B_cell_411,4.18541,-1.75148,Branch_B_demo,9.820547
Lineage_B_cell_412,-3.176743,-0.207915,Early_demo,1.373465
Lineage_B_cell_413,3.398481,-1.280692,Branch_B_demo,8.412777
Lineage_B_cell_414,3.097142,-1.480284,Branch_B_demo,8.363257
Lineage_B_cell_415,3.52351,-2.054928,Branch_B_demo,9.884132
Lineage_B_cell_416,-3.634027,-0.247063,Early_demo,0.41007
Lineage_B_cell_417,1.022392,-0.294943,Branch_B_demo,5.925052
Lineage_B_cell_418,-3.618136,-0.03534,Early_demo,0.279044
Lineage_B_cell_419,-3.673014,-0.01121,Early_demo,0.216954
Lineage_B_cell_420,0.660978,-0.535569,Branch_B_demo,6.02386
Lineage_B_cell_421,-3.255862,0.09475,Early_demo,1.159166
Lineage_B_cell_422,0.214207,-0.593764,Branch_B_demo,4.970112
Lineage_B_cell_423,1.725244,-0.988606,Branch_B_demo,7.194478
Lineage_B_cell_424,2.013021,-1.132562,Branch_B_demo,7.625063
Lineage_B_cell_425,-4.14901,-0.585345,Early_demo,0.148043
Lineage_B_cell_426,2.324646,-0.996618,Branch_B_demo,8.307677
Lineage_B_cell_427,-3.355073,0.118625,Early_demo,1.088956
Lineage_B_cell_428,-2.553403,-0.510224,Early_demo,1.320082
Lineage_B_cell_429,3.305714,-2.009342,Branch_B_demo,9.245347
Lineage_B_cell_430,-1.330075,-0.172729,Early_demo,3.161828
Lineage_B_cell_431,-2.183356,0.072863,Early_demo,2.133339
Lineage_B_cell_432,1.602781,-0.775008,Branch_B_demo,6.535418
Lineage_B_cell_433,0.151422,-0.679823,Branch_B_demo,5.251502
Lineage_B_cell_434,-2.378356,-0.193332,Early_demo,2.322785
Lineage_B_cell_435,-0.569704,-0.257717,Branch_B_demo,4.231738
Lineage_B_cell_436,3.680356,-1.474109,Branch_B_demo,9.58516
Lineage_B_cell_437,-2.769356,0.148478,Early_demo,2.166797
Lineage_B_cell_438,1.773931,-0.940973,Branch_B_demo,7.306651
Lineage_B_cell_439,1.084048,-0.783365,Branch_B_demo,6.776249
Lineage_B_cell_440,0.334942,-0.312122,Branch_B_demo,5.75875
Lineage_B_cell_441,-0.618371,-0.088657,Branch_B_demo,4.356096
Lineage_B_cell_442,2.663908,-1.008488,Branch_B_demo,8.477704
Lineage_B_cell_443,-3.608762,0.182537,Early_demo,1.500931
Lineage_B_cell_444,1.77107,-0.901243,Branch_B_demo,6.996384
Lineage_B_cell_445,1.252054,-1.325381,Branch_B_demo,6.581021
Lineage_B_cell_446,-1.927197,0.353741,Early_demo,1.796753
Lineage_B_cell_447,2.568791,-1.393834,Branch_B_demo,8.37998
Lineage_B_cell_448,-0.105357,-0.296428,Branch_B_demo,5.141051
Lineage_B_cell_449,-1.109868,-0.698404,Branch_B_demo,4.515104
Lineage_B_cell_450,2.769229,-1.484938,Branch_B_demo,8.121102
