cell_id,x,y,celltype
cell-0-000,-2.343776,-0.163186,Example state A
cell-0-001,-3.904028,-0.316205,Example state A
cell-0-002,-3.058261,-0.147337,Example state A
cell-0-003,-3.565894,-0.990598,Example state A
cell-0-004,-3.839411,0.86299,Example state A
cell-0-005,-4.457946,-0.229465,Example state A
cell-0-006,-2.515676,-0.798422,Example state A
cell-0-007,-3.916778,0.775109,Example state A
cell-0-008,-3.108238,0.44213,Example state A
cell-0-009,-5.194264,-0.527012,Example state A
cell-0-010,-4.744463,0.863201,Example state A
cell-0-011,-2.3959,0.707828,Example state A
cell-0-012,-2.993963,-0.135635,Example state A
cell-0-013,-2.817018,0.639252,Example state A
cell-0-014,-2.221247,0.010477,Example state A
cell-0-015,-3.21151,0.298397,Example state A
cell-0-016,-4.364089,0.01623,Example state A
cell-0-017,-1.949011,-0.21113,Example state A
cell-0-018,-2.790226,-0.159554,Example state A
cell-0-019,-2.450433,-0.251743,Example state A
cell-0-020,-4.592993,-0.68201,Example state A
cell-0-021,-3.28025,-0.579849,Example state A
cell-0-022,-2.836779,-0.478189,Example state A
cell-0-023,-4.7843,0.374273,Example state A
cell-0-024,-2.535715,-0.975978,Example state A
cell-0-025,-1.652964,-0.12913,Example state A
cell-0-026,-4.019569,-0.361554,Example state A
cell-0-027,-2.419324,-0.705081,Example state A
cell-0-028,-2.616251,0.415366,Example state A
cell-0-029,-3.972444,0.236157,Example state A
cell-0-030,-2.859677,-0.268831,Example state A
cell-0-031,-3.080548,0.115083,Example state A
cell-0-032,-3.963069,-0.456316,Example state A
cell-0-033,-1.082438,-0.710899,Example state A
cell-0-034,-3.01114,0.324357,Example state A
cell-0-035,-2.671356,-0.376859,Example state A
cell-0-036,-2.23673,-0.041974,Example state A
cell-0-037,-2.370554,-0.272042,Example state A
cell-0-038,-3.169093,0.679651,Example state A
cell-0-039,-4.158556,1.49111,Example state A
cell-0-040,-3.400393,0.639378,Example state A
cell-0-041,-2.654626,-1.139645,Example state A
cell-0-042,-3.474469,-1.724798,Example state A
cell-0-043,-2.599805,-0.833768,Example state A
cell-0-044,-1.278039,0.110546,Example state A
cell-0-045,-2.63044,-1.034237,Example state A
cell-0-046,-3.201075,0.434045,Example state A
cell-0-047,-2.254324,-1.139744,Example state A
cell-0-048,-2.408906,-0.076842,Example state A
cell-0-049,-1.612624,0.256135,Example state A
cell-0-050,-3.014774,0.453747,Example state A
cell-0-051,-4.13598,-1.547854,Example state A
cell-0-052,-2.546258,-1.06925,Example state A
cell-0-053,-3.733079,0.54274,Example state A
cell-0-054,-2.613383,-0.088597,Example state A
cell-0-055,-4.018295,1.191124,Example state A
cell-0-056,-3.857917,-0.139471,Example state A
cell-0-057,-2.48654,0.028034,Example state A
cell-0-058,-4.380031,0.426721,Example state A
cell-0-059,-2.69894,-0.564201,Example state A
cell-0-060,-3.292057,0.454012,Example state A
cell-0-061,-3.069599,-1.411378,Example state A
cell-0-062,-3.14119,2.019214,Example state A
cell-0-063,-1.521872,-0.301859,Example state A
cell-0-064,-4.071793,0.326382,Example state A
cell-0-065,-2.301066,-0.412188,Example state A
cell-0-066,-2.124598,-0.246698,Example state A
cell-0-067,-2.682428,0.956264,Example state A
cell-0-068,-2.189552,-0.426937,Example state A
cell-0-069,-2.480088,0.327414,Example state A
cell-0-070,-3.636959,0.289038,Example state A
cell-0-071,-4.225233,0.194036,Example state A
cell-0-072,-2.164839,0.197983,Example state A
cell-0-073,-3.492309,-0.418262,Example state A
cell-0-074,-3.800478,0.079929,Example state A
cell-0-075,-2.62237,-0.215548,Example state A
cell-0-076,-4.241581,0.170933,Example state A
cell-0-077,-2.964831,-0.754215,Example state A
cell-0-078,-4.719933,-0.30342,Example state A
cell-0-079,-1.732808,-1.051253,Example state A
cell-0-080,-3.267199,-0.354687,Example state A
cell-0-081,-3.102667,-0.368646,Example state A
cell-0-082,-3.738901,-0.757983,Example state A
cell-0-083,-1.495646,0.998601,Example state A
cell-0-084,-0.954798,-0.443094,Example state A
cell-0-085,-4.510137,-0.016605,Example state A
cell-0-086,-1.142447,0.127126,Example state A
cell-0-087,-2.22543,0.272344,Example state A
cell-0-088,-3.434618,0.542539,Example state A
cell-0-089,-2.787411,-0.7157,Example state A
cell-0-090,-2.221355,-0.740059,Example state A
cell-0-091,-3.361077,0.825766,Example state A
cell-0-092,-2.832862,-0.48044,Example state A
cell-0-093,-2.962009,0.669425,Example state A
cell-0-094,-4.288548,0.493348,Example state A
cell-0-095,-2.838008,0.93844,Example state A
cell-0-096,-2.940197,-0.777353,Example state A
cell-0-097,-2.594961,1.000682,Example state A
cell-0-098,-2.518479,0.084806,Example state A
cell-0-099,-1.478244,-0.160547,Example state A
cell-0-100,-3.433843,0.366501,Example state A
cell-0-101,-3.47153,0.472343,Example state A
cell-0-102,-3.038581,-0.528702,Example state A
cell-0-103,-3.52393,0.616876,Example state A
cell-0-104,-3.812624,0.210069,Example state A
cell-0-105,-3.540304,0.769824,Example state A
cell-0-106,-2.691431,0.667686,Example state A
cell-0-107,-2.960035,-0.499814,Example state A
cell-0-108,-1.119617,-1.500497,Example state A
cell-0-109,-4.397982,-0.095443,Example state A
cell-0-110,-4.52361,0.084183,Example state A
cell-0-111,-1.829811,-0.190081,Example state A
cell-0-112,-1.841272,0.830963,Example state A
cell-0-113,-2.987319,-0.159351,Example state A
cell-0-114,-2.391402,-1.620122,Example state A
cell-0-115,-2.869768,0.021412,Example state A
cell-0-116,-3.273978,-0.404237,Example state A
cell-0-117,-3.670898,-0.116034,Example state A
cell-0-118,-4.465804,0.357197,Example state A
cell-0-119,-3.009889,-0.214003,Example state A
cell-0-120,-1.609127,0.723383,Example state A
cell-0-121,-3.568463,0.291569,Example state A
cell-0-122,-4.438887,0.295077,Example state A
cell-0-123,-2.620088,-0.550463,Example state A
cell-0-124,-4.037063,-1.196661,Example state A
cell-0-125,-3.428282,-0.694415,Example state A
cell-0-126,-3.189321,0.367489,Example state A
cell-0-127,-1.848917,-0.096161,Example state A
cell-0-128,-3.570618,-0.34492,Example state A
cell-0-129,-2.983112,0.222223,Example state A
cell-0-130,-3.013689,-0.252619,Example state A
cell-0-131,-2.41559,-1.249324,Example state A
cell-0-132,-4.913755,0.167759,Example state A
cell-0-133,-1.583249,-0.703186,Example state A
cell-0-134,-3.397782,-1.00591,Example state A
cell-0-135,-2.127909,-0.616154,Example state A
cell-0-136,-2.472628,-0.432337,Example state A
cell-0-137,-2.820665,0.771402,Example state A
cell-0-138,-3.613372,-0.233168,Example state A
cell-0-139,-4.180848,-0.619052,Example state A
cell-0-140,-3.308988,0.360182,Example state A
cell-0-141,-3.572587,1.236849,Example state A
cell-0-142,-4.098634,-0.130859,Example state A
cell-0-143,-2.627581,-0.007486,Example state A
cell-0-144,-3.918638,-0.103158,Example state A
cell-0-145,-2.003824,-0.652024,Example state A
cell-0-146,-2.891029,-0.84812,Example state A
cell-0-147,-1.923398,-1.022858,Example state A
cell-0-148,-3.67256,-0.151403,Example state A
cell-0-149,-2.570351,-1.310553,Example state A
cell-0-150,-3.507229,0.279413,Example state A
cell-0-151,-3.688259,-1.500618,Example state A
cell-0-152,-3.148723,-0.912269,Example state A
cell-0-153,-1.684465,1.060524,Example state A
cell-0-154,-5.321657,-1.335491,Example state A
cell-0-155,-3.258805,0.85559,Example state A
cell-0-156,-2.950032,-0.103514,Example state A
cell-0-157,-2.985503,-0.80087,Example state A
cell-0-158,-2.966562,-0.565768,Example state A
cell-0-159,-1.816894,-0.120878,Example state A
cell-0-160,-5.572753,0.147368,Example state A
cell-0-161,-2.716282,-1.042353,Example state A
cell-0-162,-2.551776,-0.076635,Example state A
cell-0-163,-3.562305,0.373363,Example state A
cell-0-164,-3.966736,0.423496,Example state A
cell-0-165,-3.797145,1.013871,Example state A
cell-0-166,-3.123348,0.232963,Example state A
cell-0-167,-2.644394,0.444965,Example state A
cell-0-168,-3.21206,-0.542032,Example state A
cell-0-169,-1.439496,-0.424349,Example state A
cell-0-170,-3.924942,-0.531309,Example state A
cell-0-171,-1.935497,0.468778,Example state A
cell-0-172,-3.095561,0.340401,Example state A
cell-0-173,-2.606973,-0.205421,Example state A
cell-0-174,-4.006847,-0.002804,Example state A
cell-0-175,-2.461504,0.54989,Example state A
cell-0-176,-1.829379,1.767533,Example state A
cell-0-177,-2.247168,0.010593,Example state A
cell-0-178,-2.658903,-0.009636,Example state A
cell-0-179,-4.189301,-0.28986,Example state A
cell-1-000,-1.908767,0.81184,Example state B
cell-1-001,1.133453,1.179325,Example state B
cell-1-002,-0.717293,1.642163,Example state B
cell-1-003,-0.506585,1.933437,Example state B
cell-1-004,-0.761768,2.060645,Example state B
cell-1-005,-1.101746,1.875283,Example state B
cell-1-006,0.275459,1.704793,Example state B
cell-1-007,0.159014,2.348566,Example state B
cell-1-008,-0.549061,0.931901,Example state B
cell-1-009,0.220261,0.939445,Example state B
cell-1-010,0.557804,0.577202,Example state B
cell-1-011,-1.795963,0.942204,Example state B
cell-1-012,0.617142,1.738665,Example state B
cell-1-013,-1.042201,1.570305,Example state B
cell-1-014,-0.115633,1.706907,Example state B
cell-1-015,2.411397,1.475566,Example state B
cell-1-016,-0.368531,1.519678,Example state B
cell-1-017,1.461744,1.925665,Example state B
cell-1-018,0.861649,1.762441,Example state B
cell-1-019,1.255949,0.919647,Example state B
cell-1-020,-0.518364,1.00446,Example state B
cell-1-021,0.18891,1.98616,Example state B
cell-1-022,0.065603,2.755361,Example state B
cell-1-023,1.463228,2.026447,Example state B
cell-1-024,-0.066412,1.645772,Example state B
cell-1-025,0.317465,-0.116223,Example state B
cell-1-026,0.607697,1.80565,Example state B
cell-1-027,-0.077105,2.693332,Example state B
cell-1-028,0.236079,2.112807,Example state B
cell-1-029,-1.19481,1.223878,Example state B
cell-1-030,-0.509778,1.56375,Example state B
cell-1-031,-0.584017,2.321806,Example state B
cell-1-032,0.532594,2.309931,Example state B
cell-1-033,-0.629784,2.764799,Example state B
cell-1-034,0.307692,0.951951,Example state B
cell-1-035,0.036202,3.333664,Example state B
cell-1-036,-0.107931,1.721543,Example state B
cell-1-037,1.680736,0.62218,Example state B
cell-1-038,-0.1033,2.496073,Example state B
cell-1-039,0.912996,1.614504,Example state B
cell-1-040,-3.196643,1.571994,Example state B
cell-1-041,0.852453,1.852756,Example state B
cell-1-042,-1.290603,2.424248,Example state B
cell-1-043,0.011016,1.416222,Example state B
cell-1-044,-1.213554,1.67449,Example state B
cell-1-045,-0.811602,1.320742,Example state B
cell-1-046,1.020675,1.45716,Example state B
cell-1-047,-1.212859,1.690809,Example state B
cell-1-048,0.417638,0.82055,Example state B
cell-1-049,0.025477,1.563139,Example state B
cell-1-050,-0.62186,2.773949,Example state B
cell-1-051,-0.746134,0.512661,Example state B
cell-1-052,0.517313,2.622688,Example state B
cell-1-053,1.449536,0.170097,Example state B
cell-1-054,0.08042,0.360126,Example state B
cell-1-055,0.952651,1.966735,Example state B
cell-1-056,-1.410585,2.04371,Example state B
cell-1-057,-2.38121,1.889855,Example state B
cell-1-058,-1.633813,1.99162,Example state B
cell-1-059,2.144113,0.003395,Example state B
cell-1-060,-0.444523,0.933479,Example state B
cell-1-061,1.085525,2.088999,Example state B
cell-1-062,-0.311873,1.344695,Example state B
cell-1-063,0.42125,1.196524,Example state B
cell-1-064,-0.507764,1.747013,Example state B
cell-1-065,0.261759,1.736581,Example state B
cell-1-066,1.109162,0.407218,Example state B
cell-1-067,-0.531217,2.604993,Example state B
cell-1-068,0.367779,0.777855,Example state B
cell-1-069,-0.871193,1.517657,Example state B
cell-1-070,0.672418,2.49262,Example state B
cell-1-071,-1.068145,0.8665,Example state B
cell-1-072,0.053044,1.930142,Example state B
cell-1-073,-0.323659,0.913741,Example state B
cell-1-074,-0.554733,1.613125,Example state B
cell-1-075,-0.179292,-0.157825,Example state B
cell-1-076,1.041404,2.239526,Example state B
cell-1-077,0.292978,2.473088,Example state B
cell-1-078,-0.364512,1.318444,Example state B
cell-1-079,-0.332633,0.679819,Example state B
cell-1-080,1.088291,2.422501,Example state B
cell-1-081,0.425173,0.345677,Example state B
cell-1-082,-0.040567,1.737757,Example state B
cell-1-083,-0.549151,0.77873,Example state B
cell-1-084,0.500895,0.638808,Example state B
cell-1-085,0.213464,0.894177,Example state B
cell-1-086,-0.830966,0.24156,Example state B
cell-1-087,1.023344,1.504554,Example state B
cell-1-088,-0.52163,1.432494,Example state B
cell-1-089,-0.6398,1.859767,Example state B
cell-1-090,-1.423907,0.999454,Example state B
cell-1-091,1.027371,1.491793,Example state B
cell-1-092,-0.138959,1.98017,Example state B
cell-1-093,-0.338324,3.356904,Example state B
cell-1-094,1.013236,0.107694,Example state B
cell-1-095,0.947036,2.13034,Example state B
cell-1-096,-1.399662,2.124312,Example state B
cell-1-097,1.180632,2.608443,Example state B
cell-1-098,0.252843,1.436891,Example state B
cell-1-099,0.850087,1.478498,Example state B
cell-1-100,0.512921,1.069188,Example state B
cell-1-101,-1.450484,0.377929,Example state B
cell-1-102,0.099332,0.825037,Example state B
cell-1-103,0.577069,0.259116,Example state B
cell-1-104,0.735078,2.131385,Example state B
cell-1-105,-0.296612,2.052662,Example state B
cell-1-106,-2.240983,1.226147,Example state B
cell-1-107,-0.512431,2.256962,Example state B
cell-1-108,-0.334066,1.682489,Example state B
cell-1-109,-1.269489,1.377261,Example state B
cell-1-110,-0.791459,1.959075,Example state B
cell-1-111,0.271099,0.758048,Example state B
cell-1-112,1.356449,1.734928,Example state B
cell-1-113,1.361764,0.531649,Example state B
cell-1-114,0.794,2.149206,Example state B
cell-1-115,1.481922,1.578821,Example state B
cell-1-116,-0.125327,1.820217,Example state B
cell-1-117,-0.460688,0.661756,Example state B
cell-1-118,-0.591569,1.665049,Example state B
cell-1-119,0.123626,2.327696,Example state B
cell-1-120,-0.248741,2.762753,Example state B
cell-1-121,-0.005285,1.578502,Example state B
cell-1-122,1.294717,1.121208,Example state B
cell-1-123,-1.226777,1.474339,Example state B
cell-1-124,0.231721,2.739416,Example state B
cell-1-125,0.719471,0.729595,Example state B
cell-1-126,-0.392998,1.907256,Example state B
cell-1-127,-0.80189,2.257694,Example state B
cell-1-128,-2.760364,2.355885,Example state B
cell-1-129,1.504181,0.88639,Example state B
cell-1-130,-0.831344,1.612949,Example state B
cell-1-131,-2.692492,1.935748,Example state B
cell-1-132,-0.002931,1.292924,Example state B
cell-1-133,-0.583032,1.661992,Example state B
cell-1-134,-0.696354,0.847794,Example state B
cell-1-135,0.520668,2.084279,Example state B
cell-1-136,-1.193402,1.495278,Example state B
cell-1-137,1.36707,1.501053,Example state B
cell-1-138,-0.956393,2.165925,Example state B
cell-1-139,-0.190201,3.18225,Example state B
cell-1-140,0.845526,1.001235,Example state B
cell-1-141,0.385122,1.083494,Example state B
cell-1-142,-0.028013,1.30725,Example state B
cell-1-143,1.011472,0.922632,Example state B
cell-1-144,1.268596,0.703301,Example state B
cell-1-145,-1.640727,1.22789,Example state B
cell-1-146,-0.811633,1.648063,Example state B
cell-1-147,-1.061098,1.651912,Example state B
cell-1-148,0.997462,2.751777,Example state B
cell-1-149,1.233892,1.147524,Example state B
cell-1-150,0.447845,1.744127,Example state B
cell-1-151,0.948771,1.964646,Example state B
cell-1-152,1.503468,2.053496,Example state B
cell-1-153,-0.351127,1.387078,Example state B
cell-1-154,-0.965956,1.817829,Example state B
cell-1-155,0.507238,0.445022,Example state B
cell-1-156,0.772286,1.178753,Example state B
cell-1-157,1.379286,1.54799,Example state B
cell-1-158,0.763765,0.921032,Example state B
cell-1-159,-2.117044,1.285199,Example state B
cell-1-160,-0.526064,1.718175,Example state B
cell-1-161,-0.684433,0.85936,Example state B
cell-1-162,0.415553,1.043999,Example state B
cell-1-163,-0.041569,2.354536,Example state B
cell-1-164,1.202261,0.802613,Example state B
cell-1-165,1.14799,1.722884,Example state B
cell-1-166,0.22149,2.045521,Example state B
cell-1-167,-1.439553,1.374771,Example state B
cell-1-168,0.247933,3.214678,Example state B
cell-1-169,0.136497,1.547078,Example state B
cell-1-170,-0.278291,3.772856,Example state B
cell-1-171,0.811527,1.441776,Example state B
cell-1-172,-0.982501,2.828414,Example state B
cell-1-173,-0.111209,2.098626,Example state B
cell-1-174,2.991815,1.157263,Example state B
cell-1-175,-2.666036,1.57641,Example state B
cell-1-176,0.271593,1.645536,Example state B
cell-1-177,1.836498,1.623119,Example state B
cell-1-178,-0.378111,1.380937,Example state B
cell-1-179,-0.589976,1.647922,Example state B
cell-2-000,2.226407,0.659995,Example state C
cell-2-001,3.611069,1.524539,Example state C
cell-2-002,1.087938,0.038938,Example state C
cell-2-003,2.86008,-0.165491,Example state C
cell-2-004,2.988462,1.058331,Example state C
cell-2-005,3.528624,-0.508647,Example state C
cell-2-006,3.25607,-0.482655,Example state C
cell-2-007,3.291215,-1.352216,Example state C
cell-2-008,2.935384,1.074872,Example state C
cell-2-009,2.252974,0.483585,Example state C
cell-2-010,1.690713,0.386156,Example state C
cell-2-011,4.209287,-0.455778,Example state C
cell-2-012,1.438222,0.624727,Example state C
cell-2-013,1.960683,0.67859,Example state C
cell-2-014,2.852429,0.435104,Example state C
cell-2-015,3.372255,-0.540731,Example state C
cell-2-016,4.418026,0.253722,Example state C
cell-2-017,5.499617,0.502747,Example state C
cell-2-018,2.630985,1.537171,Example state C
cell-2-019,3.262524,0.029492,Example state C
cell-2-020,3.637625,-0.117662,Example state C
cell-2-021,3.727352,-0.886437,Example state C
cell-2-022,2.20656,-1.072899,Example state C
cell-2-023,3.507944,0.106718,Example state C
cell-2-024,3.548572,-0.026653,Example state C
cell-2-025,2.482229,0.873043,Example state C
cell-2-026,2.567494,-0.639522,Example state C
cell-2-027,3.609644,0.149569,Example state C
cell-2-028,2.593666,0.679454,Example state C
cell-2-029,2.185577,-0.60441,Example state C
cell-2-030,4.124525,0.997959,Example state C
cell-2-031,3.917705,1.759475,Example state C
cell-2-032,2.541622,1.191443,Example state C
cell-2-033,2.410579,0.075628,Example state C
cell-2-034,2.805647,-0.257978,Example state C
cell-2-035,4.682831,-0.465574,Example state C
cell-2-036,3.331611,0.460706,Example state C
cell-2-037,3.146807,-0.268619,Example state C
cell-2-038,1.544585,0.871596,Example state C
cell-2-039,1.760185,0.442987,Example state C
cell-2-040,3.475795,0.540805,Example state C
cell-2-041,4.466455,-0.917112,Example state C
cell-2-042,3.414888,0.263013,Example state C
cell-2-043,3.717948,-0.770627,Example state C
cell-2-044,3.764051,-1.13405,Example state C
cell-2-045,1.188014,-0.803546,Example state C
cell-2-046,1.250054,-0.15678,Example state C
cell-2-047,1.124153,0.247228,Example state C
cell-2-048,2.355339,1.238341,Example state C
cell-2-049,3.42385,0.499451,Example state C
cell-2-050,3.022303,0.775611,Example state C
cell-2-051,1.865477,-0.665336,Example state C
cell-2-052,3.319442,0.372723,Example state C
cell-2-053,3.114178,-0.917242,Example state C
cell-2-054,1.183277,0.834736,Example state C
cell-2-055,2.844294,0.972972,Example state C
cell-2-056,1.591736,-1.616871,Example state C
cell-2-057,3.938172,0.003539,Example state C
cell-2-058,2.035153,1.084453,Example state C
cell-2-059,2.633637,-0.222259,Example state C
cell-2-060,3.97747,0.441932,Example state C
cell-2-061,2.814899,0.167988,Example state C
cell-2-062,4.19959,-0.057655,Example state C
cell-2-063,3.317213,0.133654,Example state C
cell-2-064,2.983848,-0.450872,Example state C
cell-2-065,2.097333,0.316798,Example state C
cell-2-066,2.596011,-0.011137,Example state C
cell-2-067,2.076909,0.694882,Example state C
cell-2-068,4.586582,0.475,Example state C
cell-2-069,3.377131,-0.19689,Example state C
cell-2-070,4.875365,-0.967773,Example state C
cell-2-071,3.558904,-0.593258,Example state C
cell-2-072,2.553695,-1.054134,Example state C
cell-2-073,3.245363,0.85645,Example state C
cell-2-074,3.781952,0.619777,Example state C
cell-2-075,2.074818,-0.79607,Example state C
cell-2-076,1.063669,1.36648,Example state C
cell-2-077,0.358048,0.55771,Example state C
cell-2-078,2.797431,-0.05204,Example state C
cell-2-079,5.728683,-0.760266,Example state C
cell-2-080,3.481735,-0.314503,Example state C
cell-2-081,2.509026,1.45969,Example state C
cell-2-082,2.095877,0.548526,Example state C
cell-2-083,3.447145,-1.255603,Example state C
cell-2-084,2.529351,0.832485,Example state C
cell-2-085,3.286614,0.314894,Example state C
cell-2-086,3.009038,-0.638618,Example state C
cell-2-087,1.924079,1.268077,Example state C
cell-2-088,3.396705,0.501659,Example state C
cell-2-089,2.726523,-0.435183,Example state C
cell-2-090,2.944655,-0.438772,Example state C
cell-2-091,3.175952,-0.247636,Example state C
cell-2-092,2.786492,0.190875,Example state C
cell-2-093,4.488898,-0.368025,Example state C
cell-2-094,4.213575,0.006218,Example state C
cell-2-095,3.416394,-0.017842,Example state C
cell-2-096,1.795497,0.425293,Example state C
cell-2-097,3.274634,0.95478,Example state C
cell-2-098,3.402137,0.073676,Example state C
cell-2-099,3.012314,-1.392481,Example state C
cell-2-100,1.452003,0.378865,Example state C
cell-2-101,3.859357,-0.613663,Example state C
cell-2-102,2.869455,-0.204498,Example state C
cell-2-103,3.565057,-0.461864,Example state C
cell-2-104,2.830853,-0.52389,Example state C
cell-2-105,2.603289,0.867057,Example state C
cell-2-106,2.196272,0.335318,Example state C
cell-2-107,3.680404,0.041115,Example state C
cell-2-108,3.182924,0.37552,Example state C
cell-2-109,1.978134,-0.653539,Example state C
cell-2-110,1.6573,0.48032,Example state C
cell-2-111,2.709339,-0.626135,Example state C
cell-2-112,3.237082,-0.05657,Example state C
cell-2-113,2.665134,-0.424251,Example state C
cell-2-114,2.198808,-0.780501,Example state C
cell-2-115,3.867131,0.808372,Example state C
cell-2-116,1.752552,0.139288,Example state C
cell-2-117,2.708539,0.241428,Example state C
cell-2-118,2.140037,-0.533474,Example state C
cell-2-119,4.044536,-0.774544,Example state C
cell-2-120,3.159248,-0.042143,Example state C
cell-2-121,3.177229,0.407388,Example state C
cell-2-122,2.8501,-0.281938,Example state C
cell-2-123,4.508287,-0.065723,Example state C
cell-2-124,2.907971,0.048343,Example state C
cell-2-125,4.295049,0.1554,Example state C
cell-2-126,2.840232,-0.031889,Example state C
cell-2-127,2.083322,-0.513416,Example state C
cell-2-128,2.250759,-1.276583,Example state C
cell-2-129,3.333013,0.277951,Example state C
cell-2-130,4.000715,0.429118,Example state C
cell-2-131,0.433774,0.539907,Example state C
cell-2-132,3.474937,-0.089486,Example state C
cell-2-133,2.27446,0.271464,Example state C
cell-2-134,3.181693,0.224063,Example state C
cell-2-135,3.639465,0.249803,Example state C
cell-2-136,3.705368,-0.031105,Example state C
cell-2-137,3.185278,0.978917,Example state C
cell-2-138,2.588025,0.359397,Example state C
cell-2-139,2.291923,-0.687531,Example state C
cell-2-140,2.790622,0.853839,Example state C
cell-2-141,4.011358,-0.623345,Example state C
cell-2-142,3.602081,0.101946,Example state C
cell-2-143,3.066527,-0.041088,Example state C
cell-2-144,3.230258,0.388961,Example state C
cell-2-145,1.641311,1.645453,Example state C
cell-2-146,2.476005,0.514439,Example state C
cell-2-147,2.681608,-0.273382,Example state C
cell-2-148,3.816446,-0.007372,Example state C
cell-2-149,0.482746,0.013648,Example state C
cell-2-150,0.971474,0.059884,Example state C
cell-2-151,2.473668,-0.233158,Example state C
cell-2-152,4.528474,0.193771,Example state C
cell-2-153,2.382481,-1.005488,Example state C
cell-2-154,2.278483,0.601698,Example state C
cell-2-155,2.03058,0.940283,Example state C
cell-2-156,3.857872,-0.953313,Example state C
cell-2-157,2.565917,-0.628476,Example state C
cell-2-158,1.966955,-0.461736,Example state C
cell-2-159,2.150528,0.657371,Example state C
cell-2-160,2.723979,0.110788,Example state C
cell-2-161,1.749979,-1.170918,Example state C
cell-2-162,1.824451,0.6951,Example state C
cell-2-163,2.199837,-1.543852,Example state C
cell-2-164,0.978536,0.721484,Example state C
cell-2-165,3.237313,-0.972972,Example state C
cell-2-166,5.118325,-0.656406,Example state C
cell-2-167,2.289317,0.386515,Example state C
cell-2-168,3.405999,-0.044356,Example state C
cell-2-169,3.481549,0.769062,Example state C
cell-2-170,3.821534,0.045563,Example state C
cell-2-171,3.289425,0.725581,Example state C
cell-2-172,2.076489,0.033519,Example state C
cell-2-173,2.318974,0.200662,Example state C
cell-2-174,3.355524,-0.106406,Example state C
cell-2-175,4.163167,0.408679,Example state C
cell-2-176,4.423156,-0.468752,Example state C
cell-2-177,3.957981,-0.809452,Example state C
cell-2-178,3.573175,-0.998078,Example state C
cell-2-179,3.186106,0.76529,Example state C
