vector_id,x,y,dx,dy
vector-000,-3.85,-0.95,0.7,0.693
vector-001,-3.2,-0.95,0.7,0.576
vector-002,-2.55,-0.95,0.7,0.459
vector-003,-1.9,-0.95,0.7,0.342
vector-004,2.0,-0.95,0.7,-0.36
vector-005,2.65,-0.95,0.7,-0.477
vector-006,3.3,-0.95,0.7,-0.594
vector-007,3.95,-0.95,0.7,-0.711
vector-008,-4.5,-0.3,0.7,0.81
vector-009,-3.85,-0.3,0.7,0.693
vector-010,-3.2,-0.3,0.7,0.576
vector-011,-2.55,-0.3,0.7,0.459
vector-012,-1.9,-0.3,0.7,0.342
vector-013,1.35,-0.3,0.7,-0.243
vector-014,2.0,-0.3,0.7,-0.36
vector-015,2.65,-0.3,0.7,-0.477
vector-016,3.3,-0.3,0.7,-0.594
vector-017,3.95,-0.3,0.7,-0.711
vector-018,-4.5,0.35,0.7,0.81
vector-019,-3.85,0.35,0.7,0.693
vector-020,-3.2,0.35,0.7,0.576
vector-021,-2.55,0.35,0.7,0.459
vector-022,-1.9,0.35,0.7,0.342
vector-023,-0.6,0.35,0.7,0.108
vector-024,0.05,0.35,0.7,-0.009
vector-025,0.7,0.35,0.7,-0.126
vector-026,1.35,0.35,0.7,-0.243
vector-027,2.0,0.35,0.7,-0.36
vector-028,2.65,0.35,0.7,-0.477
vector-029,3.3,0.35,0.7,-0.594
vector-030,3.95,0.35,0.7,-0.711
vector-031,-3.85,1.0,0.7,0.693
vector-032,-3.2,1.0,0.7,0.576
vector-033,-2.55,1.0,0.7,0.459
vector-034,-1.9,1.0,0.7,0.342
vector-035,-1.25,1.0,0.7,0.225
vector-036,-0.6,1.0,0.7,0.108
vector-037,0.05,1.0,0.7,-0.009
vector-038,0.7,1.0,0.7,-0.126
vector-039,1.35,1.0,0.7,-0.243
vector-040,2.0,1.0,0.7,-0.36
vector-041,2.65,1.0,0.7,-0.477
vector-042,3.3,1.0,0.7,-0.594
vector-043,3.95,1.0,0.7,-0.711
vector-044,-1.25,1.65,0.7,0.225
vector-045,-0.6,1.65,0.7,0.108
vector-046,0.05,1.65,0.7,-0.009
vector-047,0.7,1.65,0.7,-0.126
vector-048,1.35,1.65,0.7,-0.243
vector-049,-1.25,2.3,0.7,0.225
vector-050,-0.6,2.3,0.7,0.108
vector-051,0.05,2.3,0.7,-0.009
vector-052,0.7,2.3,0.7,-0.126
vector-053,1.35,2.3,0.7,-0.243
